--- compile ---
  GEN  vmlinux.h
  BPF  build/ch16-seccomp-tid-hop.bpf.o
  SKEL build/ch16-seccomp-tid-hop.skel.h
  CC   build/ch16-seccomp-tid-hop
--- run ---
=== kallsyms check ===
ffff800080164cf0 T __secure_computing

=== error_injection list (for reference; override_attempt is a no-op unless listed) ===
(__secure_computing NOT in error_injection list — observer-only as documented)

=== launching observer with --all ===

=== launching child with seccomp FILTER mode ===
[child] pid=91676 seccomp installed, issuing syscalls...
Traceback (most recent call last):
  File "<stdin>", line 48, in <module>
AttributeError: module 'resource' has no attribute 'getpriority'

=== ringbuf events captured ===
=== symbol availability ===
  __secure_computing           : present
[ch16] targeting: ALL (wildcard)
[ch16] attached — observing __secure_computing (Ctrl-C to stop)
[seccomp] ts=28339584180965 pid=649 tgid=649 comm=redis-server     mode=FILTER   target=1 nr/ret=-1 allow=0
[seccomp] ts=28339584180965 pid=649 tgid=649 comm=redis-server     mode=FILTER   target=1 nr/ret=0 allow=1
[seccomp] ts=28339584225673 pid=649 tgid=649 comm=redis-server     mode=FILTER   target=1 nr/ret=-1 allow=0
[seccomp] ts=28339584225673 pid=649 tgid=649 comm=redis-server     mode=FILTER   target=1 nr/ret=0 allow=1
[seccomp] ts=28339584235507 pid=649 tgid=649 comm=redis-server     mode=FILTER   target=1 nr/ret=-1 allow=0
[seccomp] ts=28339584235507 pid=649 tgid=649 comm=redis-server     mode=FILTER   target=1 nr/ret=0 allow=1
[seccomp] ts=28339584449590 pid=649 tgid=649 comm=redis-server     mode=FILTER   target=1 nr/ret=-1 allow=0
[seccomp] ts=28339584449590 pid=649 tgid=649 comm=redis-server     mode=FILTER   target=1 nr/ret=0 allow=1
[seccomp] ts=28339687656673 pid=649 tgid=649 comm=redis-server     mode=FILTER   target=1 nr/ret=-1 allow=0
[seccomp] ts=28339687656673 pid=649 tgid=649 comm=redis-server     mode=FILTER   target=1 nr/ret=0 allow=1
[seccomp] ts=28339687715340 pid=649 tgid=649 comm=redis-server     mode=FILTER   target=1 nr/ret=-1 allow=0
[seccomp] ts=28339687715340 pid=649 tgid=649 comm=redis-server     mode=FILTER   target=1 nr/ret=0 allow=1
[seccomp] ts=28339687728298 pid=649 tgid=649 comm=redis-server     mode=FILTER   target=1 nr/ret=-1 allow=0
[seccomp] ts=28339687728298 pid=649 tgid=649 comm=redis-server     mode=FILTER   target=1 nr/ret=0 allow=1
[seccomp] ts=28339688048840 pid=649 tgid=649 comm=redis-server     mode=FILTER   target=1 nr/ret=-1 allow=0
[seccomp] ts=28339688048840 pid=649 tgid=649 comm=redis-server     mode=FILTER   target=1 nr/ret=0 allow=1
[seccomp] ts=28339791467923 pid=649 tgid=649 comm=redis-server     mode=FILTER   target=1 nr/ret=-1 allow=0
[seccomp] ts=28339791467923 pid=649 tgid=649 comm=redis-server     mode=FILTER   target=1 nr/ret=0 allow=1
[seccomp] ts=28339791569590 pid=649 tgid=649 comm=redis-server     mode=FILTER   target=1 nr/ret=-1 allow=0
[seccomp] ts=28339791569590 pid=649 tgid=649 comm=redis-server     mode=FILTER   target=1 nr/ret=0 allow=1
[seccomp] ts=28339791594715 pid=649 tgid=649 comm=redis-server     mode=FILTER   target=1 nr/ret=-1 allow=0
[seccomp] ts=28339791594715 pid=649 tgid=649 comm=redis-server     mode=FILTER   target=1 nr/ret=0 allow=1
[seccomp] ts=28339792067965 pid=649 tgid=649 comm=redis-server     mode=FILTER   target=1 nr/ret=-1 allow=0
[seccomp] ts=28339792067965 pid=649 tgid=649 comm=redis-server     mode=FILTER   target=1 nr/ret=0 allow=1
[seccomp] ts=28339898227298 pid=649 tgid=649 comm=redis-server     mode=FILTER   target=1 nr/ret=-1 allow=0
[seccomp] ts=28339898227298 pid=649 tgid=649 comm=redis-server     mode=FILTER   target=1 nr/ret=0 allow=1
[seccomp] ts=28339898390007 pid=649 tgid=649 comm=redis-server     mode=FILTER   target=1 nr/ret=-1 allow=0
[seccomp] ts=28339898390007 pid=649 tgid=649 comm=redis-server     mode=FILTER   target=1 nr/ret=0 allow=1
[seccomp] ts=28339898431507 pid=649 tgid=649 comm=redis-server     mode=FILTER   target=1 nr/ret=-1 allow=0
[seccomp] ts=28339898431507 pid=649 tgid=649 comm=redis-server     mode=FILTER   target=1 nr/ret=0 allow=1
[seccomp] ts=28339899734590 pid=649 tgid=649 comm=redis-server     mode=FILTER   target=1 nr/ret=-1 allow=0
[seccomp] ts=28339899734590 pid=649 tgid=649 comm=redis-server     mode=FILTER   target=1 nr/ret=0 allow=1
[seccomp] ts=28340003474632 pid=649 tgid=649 comm=redis-server     mode=FILTER   target=1 nr/ret=-1 allow=0
[seccomp] ts=28340003474632 pid=649 tgid=649 comm=redis-server     mode=FILTER   target=1 nr/ret=0 allow=1
[seccomp] ts=28340003574632 pid=649 tgid=649 comm=redis-server     mode=FILTER   target=1 nr/ret=-1 allow=0
[seccomp] ts=28340003574632 pid=649 tgid=649 comm=redis-server     mode=FILTER   target=1 nr/ret=0 allow=1
[seccomp] ts=28340003598132 pid=649 tgid=649 comm=redis-server     mode=FILTER   target=1 nr/ret=-1 allow=0
[seccomp] ts=28340003598132 pid=649 tgid=649 comm=redis-server     mode=FILTER   target=1 nr/ret=0 allow=1
[seccomp] ts=28340004297465 pid=649 tgid=649 comm=redis-server     mode=FILTER   target=1 nr/ret=-1 allow=0
[seccomp] ts=28340004297465 pid=649 tgid=649 comm=redis-server     mode=FILTER   target=1 nr/ret=0 allow=1
[seccomp] ts=28340108399757 pid=649 tgid=649 comm=redis-server     mode=FILTER   target=1 nr/ret=-1 allow=0
[seccomp] ts=28340108399757 pid=649 tgid=649 comm=redis-server     mode=FILTER   target=1 nr/ret=0 allow=1
[seccomp] ts=28340108488923 pid=649 tgid=649 comm=redis-server     mode=FILTER   target=1 nr/ret=-1 allow=0
[seccomp] ts=28340108488923 pid=649 tgid=649 comm=redis-server     mode=FILTER   target=1 nr/ret=0 allow=1
[seccomp] ts=28340108512465 pid=649 tgid=649 comm=redis-server     mode=FILTER   target=1 nr/ret=-1 allow=0
[seccomp] ts=28340108512465 pid=649 tgid=649 comm=redis-server     mode=FILTER   target=1 nr/ret=0 allow=1
[seccomp] ts=28340109443548 pid=649 tgid=649 comm=redis-server     mode=FILTER   target=1 nr/ret=-1 allow=0
[seccomp] ts=28340109443548 pid=649 tgid=649 comm=redis-server     mode=FILTER   target=1 nr/ret=0 allow=1
[seccomp] ts=28340197995507 pid=91670 tgid=91670 comm=runc:[2:INIT]    mode=FILTER   target=1 nr/ret=-1 allow=0
[seccomp] ts=28340197995507 pid=91670 tgid=91670 comm=runc:[2:INIT]    mode=FILTER   target=1 nr/ret=0 allow=1
[seccomp] ts=28340198052757 pid=91670 tgid=91670 comm=runc:[2:INIT]    mode=FILTER   target=1 nr/ret=-1 allow=0
[seccomp] ts=28340198052757 pid=91670 tgid=91670 comm=runc:[2:INIT]    mode=FILTER   target=1 nr/ret=0 allow=1
[seccomp] ts=28340198054715 pid=91670 tgid=91670 comm=runc:[2:INIT]    mode=FILTER   target=1 nr/ret=-1 allow=0
[seccomp] ts=28340198054715 pid=91670 tgid=91670 comm=runc:[2:INIT]    mode=FILTER   target=1 nr/ret=0 allow=1
[seccomp] ts=28340198056507 pid=91670 tgid=91670 comm=runc:[2:INIT]    mode=FILTER   target=1 nr/ret=-1 allow=0
[seccomp] ts=28340198056507 pid=91670 tgid=91670 comm=runc:[2:INIT]    mode=FILTER   target=1 nr/ret=0 allow=1
[seccomp] ts=28340198058549 pid=91670 tgid=91670 comm=runc:[2:INIT]    mode=FILTER   target=1 nr/ret=-1 allow=0
[seccomp] ts=28340198058549 pid=91670 tgid=91670 comm=runc:[2:INIT]    mode=FILTER   target=1 nr/ret=0 allow=1
[seccomp] ts=28340198075632 pid=91670 tgid=91670 comm=runc:[2:INIT]    mode=FILTER   target=1 nr/ret=-1 allow=0
[seccomp] ts=28340198075632 pid=91670 tgid=91670 comm=runc:[2:INIT]    mode=FILTER   target=1 nr/ret=0 allow=1
[seccomp] ts=28340198086674 pid=91670 tgid=91670 comm=runc:[2:INIT]    mode=FILTER   target=1 nr/ret=-1 allow=0
[seccomp] ts=28340198086674 pid=91670 tgid=91670 comm=runc:[2:INIT]    mode=FILTER   target=1 nr/ret=0 allow=1
[seccomp] ts=28340198088590 pid=91670 tgid=91670 comm=runc:[2:INIT]    mode=FILTER   target=1 nr/ret=-1 allow=0
[seccomp] ts=28340198088590 pid=91670 tgid=91670 comm=runc:[2:INIT]    mode=FILTER   target=1 nr/ret=0 allow=1
[seccomp] ts=28340198090215 pid=91670 tgid=91670 comm=runc:[2:INIT]    mode=FILTER   target=1 nr/ret=-1 allow=0
[seccomp] ts=28340198090215 pid=91670 tgid=91670 comm=runc:[2:INIT]    mode=FILTER   target=1 nr/ret=0 allow=1
[seccomp] ts=28340198092174 pid=91670 tgid=91670 comm=runc:[2:INIT]    mode=FILTER   target=1 nr/ret=-1 allow=0
[seccomp] ts=28340198092174 pid=91670 tgid=91670 comm=runc:[2:INIT]    mode=FILTER   target=1 nr/ret=0 allow=1
[seccomp] ts=28340198093757 pid=91670 tgid=91670 comm=runc:[2:INIT]    mode=FILTER   target=1 nr/ret=-1 allow=0
[seccomp] ts=28340198093757 pid=91670 tgid=91670 comm=runc:[2:INIT]    mode=FILTER   target=1 nr/ret=0 allow=1
[seccomp] ts=28340198098590 pid=91670 tgid=91670 comm=runc:[2:INIT]    mode=FILTER   target=1 nr/ret=-1 allow=0
[seccomp] ts=28340198098590 pid=91670 tgid=91670 comm=runc:[2:INIT]    mode=FILTER   target=1 nr/ret=0 allow=1
[seccomp] ts=28340198118549 pid=91670 tgid=91670 comm=runc:[2:INIT]    mode=FILTER   target=1 nr/ret=-1 allow=0
[seccomp] ts=28340198118549 pid=91670 tgid=91670 comm=runc:[2:INIT]    mode=FILTER   target=1 nr/ret=0 allow=1
[seccomp] ts=28340198137424 pid=91670 tgid=91670 comm=runc:[2:INIT]    mode=FILTER   target=1 nr/ret=-1 allow=0
[seccomp] ts=28340198137424 pid=91670 tgid=91670 comm=runc:[2:INIT]    mode=FILTER   target=1 nr/ret=0 allow=1
[seccomp] ts=28340198147299 pid=91670 tgid=91670 comm=runc:[2:INIT]    mode=FILTER   target=1 nr/ret=-1 allow=0
[seccomp] ts=28340198147299 pid=91670 tgid=91670 comm=runc:[2:INIT]    mode=FILTER   target=1 nr/ret=0 allow=1
[seccomp] ts=28340198161465 pid=91670 tgid=91670 comm=runc:[2:INIT]    mode=FILTER   target=1 nr/ret=-1 allow=0
[seccomp] ts=28340198161465 pid=91670 tgid=91670 comm=runc:[2:INIT]    mode=FILTER   target=1 nr/ret=0 allow=1
[seccomp] ts=28340198163299 pid=91670 tgid=91670 comm=runc:[2:INIT]    mode=FILTER   target=1 nr/ret=-1 allow=0
[seccomp] ts=28340198163299 pid=91670 tgid=91670 comm=runc:[2:INIT]    mode=FILTER   target=1 nr/ret=0 allow=1
[seccomp] ts=28340198164840 pid=91670 tgid=91670 comm=runc:[2:INIT]    mode=FILTER   target=1 nr/ret=-1 allow=0
[seccomp] ts=28340198164840 pid=91670 tgid=91670 comm=runc:[2:INIT]    mode=FILTER   target=1 nr/ret=0 allow=1
[seccomp] ts=28340198168465 pid=91670 tgid=91670 comm=runc:[2:INIT]    mode=FILTER   target=1 nr/ret=-1 allow=0
[seccomp] ts=28340198168465 pid=91670 tgid=91670 comm=runc:[2:INIT]    mode=FILTER   target=1 nr/ret=0 allow=1
[seccomp] ts=28340198212799 pid=91670 tgid=91670 comm=runc:[2:INIT]    mode=FILTER   target=1 nr/ret=-1 allow=0
[seccomp] ts=28340198212799 pid=91670 tgid=91670 comm=runc:[2:INIT]    mode=FILTER   target=1 nr/ret=0 allow=1
[seccomp] ts=28340198215507 pid=91670 tgid=91670 comm=runc:[2:INIT]    mode=FILTER   target=1 nr/ret=-1 allow=0
[seccomp] ts=28340198215507 pid=91670 tgid=91670 comm=runc:[2:INIT]    mode=FILTER   target=1 nr/ret=0 allow=1
[seccomp] ts=28340198240507 pid=91670 tgid=91670 comm=runc:[2:INIT]    mode=FILTER   target=1 nr/ret=-1 allow=0
[seccomp] ts=28340198240507 pid=91670 tgid=91670 comm=runc:[2:INIT]    mode=FILTER   target=1 nr/ret=0 allow=1
[seccomp] ts=28340198244049 pid=91670 tgid=91670 comm=runc:[2:INIT]    mode=FILTER   target=1 nr/ret=-1 allow=0
[seccomp] ts=28340198244049 pid=91670 tgid=91670 comm=runc:[2:INIT]    mode=FILTER   target=1 nr/ret=0 allow=1
[seccomp] ts=28340198246340 pid=91670 tgid=91670 comm=runc:[2:INIT]    mode=FILTER   target=1 nr/ret=-1 allow=0
[seccomp] ts=28340198246340 pid=91670 tgid=91670 comm=runc:[2:INIT]    mode=FILTER   target=1 nr/ret=0 allow=1
[seccomp] ts=28340198249757 pid=91670 tgid=91670 comm=runc:[2:INIT]    mode=FILTER   target=1 nr/ret=-1 allow=0
[seccomp] ts=28340198249757 pid=91670 tgid=91670 comm=runc:[2:INIT]    mode=FILTER   target=1 nr/ret=0 allow=1
[seccomp] ts=28340198251465 pid=91670 tgid=91670 comm=runc:[2:INIT]    mode=FILTER   target=1 nr/ret=-1 allow=0
[seccomp] ts=28340198251465 pid=91670 tgid=91670 comm=runc:[2:INIT]    mode=FILTER   target=1 nr/ret=0 allow=1
[seccomp] ts=28340198253132 pid=91670 tgid=91670 comm=runc:[2:INIT]    mode=FILTER   target=1 nr/ret=-1 allow=0
[seccomp] ts=28340198253132 pid=91670 tgid=91670 comm=runc:[2:INIT]    mode=FILTER   target=1 nr/ret=0 allow=1
[seccomp] ts=28340198254674 pid=91670 tgid=91670 comm=runc:[2:INIT]    mode=FILTER   target=1 nr/ret=-1 allow=0
[seccomp] ts=28340198254674 pid=91670 tgid=91670 comm=runc:[2:INIT]    mode=FILTER   target=1 nr/ret=0 allow=1
[seccomp] ts=28340198256132 pid=91670 tgid=91670 comm=runc:[2:INIT]    mode=FILTER   target=1 nr/ret=-1 allow=0
[seccomp] ts=28340198256132 pid=91670 tgid=91670 comm=runc:[2:INIT]    mode=FILTER   target=1 nr/ret=0 allow=1
[seccomp] ts=28340198257549 pid=91670 tgid=91670 comm=runc:[2:INIT]    mode=FILTER   target=1 nr/ret=-1 allow=0
[seccomp] ts=28340198257549 pid=91670 tgid=91670 comm=runc:[2:INIT]    mode=FILTER   target=1 nr/ret=0 allow=1
[seccomp] ts=28340198259049 pid=91670 tgid=91670 comm=runc:[2:INIT]    mode=FILTER   target=1 nr/ret=-1 allow=0
[seccomp] ts=28340198259049 pid=91670 tgid=91670 comm=runc:[2:INIT]    mode=FILTER   target=1 nr/ret=0 allow=1
[seccomp] ts=28340198260424 pid=91670 tgid=91670 comm=runc:[2:INIT]    mode=FILTER   target=1 nr/ret=-1 allow=0
[seccomp] ts=28340198260424 pid=91670 tgid=91670 comm=runc:[2:INIT]    mode=FILTER   target=1 nr/ret=0 allow=1
[seccomp] ts=28340198261840 pid=91670 tgid=91670 comm=runc:[2:INIT]    mode=FILTER   target=1 nr/ret=-1 allow=0
[seccomp] ts=28340198261840 pid=91670 tgid=91670 comm=runc:[2:INIT]    mode=FILTER   target=1 nr/ret=0 allow=1
[seccomp] ts=28340198263507 pid=91670 tgid=91670 comm=runc:[2:INIT]    mode=FILTER   target=1 nr/ret=-1 allow=0
[seccomp] ts=28340198263507 pid=91670 tgid=91670 comm=runc:[2:INIT]    mode=FILTER   target=1 nr/ret=0 allow=1
[seccomp] ts=28340198264924 pid=91670 tgid=91670 comm=runc:[2:INIT]    mode=FILTER   target=1 nr/ret=-1 allow=0
[seccomp] ts=28340198264924 pid=91670 tgid=91670 comm=runc:[2:INIT]    mode=FILTER   target=1 nr/ret=0 allow=1
[seccomp] ts=28340198266299 pid=91670 tgid=91670 comm=runc:[2:INIT]    mode=FILTER   target=1 nr/ret=-1 allow=0
[seccomp] ts=28340198266299 pid=91670 tgid=91670 comm=runc:[2:INIT]    mode=FILTER   target=1 nr/ret=0 allow=1
[seccomp] ts=28340198267757 pid=91670 tgid=91670 comm=runc:[2:INIT]    mode=FILTER   target=1 nr/ret=-1 allow=0
[seccomp] ts=28340198267757 pid=91670 tgid=91670 comm=runc:[2:INIT]    mode=FILTER   target=1 nr/ret=0 allow=1
[seccomp] ts=28340198269257 pid=91670 tgid=91670 comm=runc:[2:INIT]    mode=FILTER   target=1 nr/ret=-1 allow=0
[seccomp] ts=28340198269257 pid=91670 tgid=91670 comm=runc:[2:INIT]    mode=FILTER   target=1 nr/ret=0 allow=1
[seccomp] ts=28340198270840 pid=91670 tgid=91670 comm=runc:[2:INIT]    mode=FILTER   target=1 nr/ret=-1 allow=0
[seccomp] ts=28340198270840 pid=91670 tgid=91670 comm=runc:[2:INIT]    mode=FILTER   target=1 nr/ret=0 allow=1
[seccomp] ts=28340198273049 pid=91670 tgid=91670 comm=runc:[2:INIT]    mode=FILTER   target=1 nr/ret=-1 allow=0
[seccomp] ts=28340198273049 pid=91670 tgid=91670 comm=runc:[2:INIT]    mode=FILTER   target=1 nr/ret=0 allow=1
[seccomp] ts=28340198274757 pid=91670 tgid=91670 comm=runc:[2:INIT]    mode=FILTER   target=1 nr/ret=-1 allow=0
[seccomp] ts=28340198274757 pid=91670 tgid=91670 comm=runc:[2:INIT]    mode=FILTER   target=1 nr/ret=0 allow=1
[seccomp] ts=28340198276424 pid=91670 tgid=91670 comm=runc:[2:INIT]    mode=FILTER   target=1 nr/ret=-1 allow=0
[seccomp] ts=28340198276424 pid=91670 tgid=91670 comm=runc:[2:INIT]    mode=FILTER   target=1 nr/ret=0 allow=1
[seccomp] ts=28340198277799 pid=91670 tgid=91670 comm=runc:[2:INIT]    mode=FILTER   target=1 nr/ret=-1 allow=0
[seccomp] ts=28340198277799 pid=91670 tgid=91670 comm=runc:[2:INIT]    mode=FILTER   target=1 nr/ret=0 allow=1
[seccomp] ts=28340198279090 pid=91670 tgid=91670 comm=runc:[2:INIT]    mode=FILTER   target=1 nr/ret=-1 allow=0
[seccomp] ts=28340198279090 pid=91670 tgid=91670 comm=runc:[2:INIT]    mode=FILTER   target=1 nr/ret=0 allow=1
[seccomp] ts=28340198280424 pid=91670 tgid=91670 comm=runc:[2:INIT]    mode=FILTER   target=1 nr/ret=-1 allow=0
[seccomp] ts=28340198280424 pid=91670 tgid=91670 comm=runc:[2:INIT]    mode=FILTER   target=1 nr/ret=0 allow=1
[seccomp] ts=28340198281674 pid=91670 tgid=91670 comm=runc:[2:INIT]    mode=FILTER   target=1 nr/ret=-1 allow=0
[seccomp] ts=28340198281674 pid=91670 tgid=91670 comm=runc:[2:INIT]    mode=FILTER   target=1 nr/ret=0 allow=1
[seccomp] ts=28340198282965 pid=91670 tgid=91670 comm=runc:[2:INIT]    mode=FILTER   target=1 nr/ret=-1 allow=0
[seccomp] ts=28340198282965 pid=91670 tgid=91670 comm=runc:[2:INIT]    mode=FILTER   target=1 nr/ret=0 allow=1
[seccomp] ts=28340198284257 pid=91670 tgid=91670 comm=runc:[2:INIT]    mode=FILTER   target=1 nr/ret=-1 allow=0
[seccomp] ts=28340198284257 pid=91670 tgid=91670 comm=runc:[2:INIT]    mode=FILTER   target=1 nr/ret=0 allow=1
[seccomp] ts=28340198285632 pid=91670 tgid=91670 comm=runc:[2:INIT]    mode=FILTER   target=1 nr/ret=-1 allow=0
[seccomp] ts=28340198285632 pid=91670 tgid=91670 comm=runc:[2:INIT]    mode=FILTER   target=1 nr/ret=0 allow=1
[seccomp] ts=28340198286965 pid=91670 tgid=91670 comm=runc:[2:INIT]    mode=FILTER   target=1 nr/ret=-1 allow=0
[seccomp] ts=28340198286965 pid=91670 tgid=91670 comm=runc:[2:INIT]    mode=FILTER   target=1 nr/ret=0 allow=1
[seccomp] ts=28340198288757 pid=91670 tgid=91670 comm=runc:[2:INIT]    mode=FILTER   target=1 nr/ret=-1 allow=0
[seccomp] ts=28340198288757 pid=91670 tgid=91670 comm=runc:[2:INIT]    mode=FILTER   target=1 nr/ret=0 allow=1
[seccomp] ts=28340198291590 pid=91670 tgid=91670 comm=runc:[2:INIT]    mode=FILTER   target=1 nr/ret=-1 allow=0
[seccomp] ts=28340198291590 pid=91670 tgid=91670 comm=runc:[2:INIT]    mode=FILTER   target=1 nr/ret=0 allow=1
[seccomp] ts=28340198294215 pid=91670 tgid=91670 comm=runc:[2:INIT]    mode=FILTER   target=1 nr/ret=-1 allow=0
[seccomp] ts=28340198294215 pid=91670 tgid=91670 comm=runc:[2:INIT]    mode=FILTER   target=1 nr/ret=0 allow=1
[seccomp] ts=28340198296799 pid=91670 tgid=91670 comm=runc:[2:INIT]    mode=FILTER   target=1 nr/ret=-1 allow=0
[seccomp] ts=28340198296799 pid=91670 tgid=91670 comm=runc:[2:INIT]    mode=FILTER   target=1 nr/ret=0 allow=1
[seccomp] ts=28340198307007 pid=91670 tgid=91670 comm=runc:[2:INIT]    mode=FILTER   target=1 nr/ret=-1 allow=0
[seccomp] ts=28340198307007 pid=91670 tgid=91670 comm=runc:[2:INIT]    mode=FILTER   target=1 nr/ret=-1 allow=0
[seccomp] ts=28340198317215 pid=91670 tgid=91670 comm=runc:[2:INIT]    mode=FILTER   target=1 nr/ret=-1 allow=0
[seccomp] ts=28340198317215 pid=91670 tgid=91670 comm=runc:[2:INIT]    mode=FILTER   target=1 nr/ret=0 allow=1
[seccomp] ts=28340198320257 pid=91670 tgid=91670 comm=runc:[2:INIT]    mode=FILTER   target=1 nr/ret=-1 allow=0
[seccomp] ts=28340198320257 pid=91670 tgid=91670 comm=runc:[2:INIT]    mode=FILTER   target=1 nr/ret=0 allow=1
[seccomp] ts=28340198321715 pid=91670 tgid=91670 comm=runc:[2:INIT]    mode=FILTER   target=1 nr/ret=-1 allow=0
[seccomp] ts=28340198321715 pid=91670 tgid=91670 comm=runc:[2:INIT]    mode=FILTER   target=1 nr/ret=0 allow=1
[seccomp] ts=28340198324132 pid=91670 tgid=91670 comm=runc:[2:INIT]    mode=FILTER   target=1 nr/ret=-1 allow=0
[seccomp] ts=28340198324132 pid=91670 tgid=91670 comm=runc:[2:INIT]    mode=FILTER   target=1 nr/ret=0 allow=1
[seccomp] ts=28340198326507 pid=91670 tgid=91670 comm=runc:[2:INIT]    mode=FILTER   target=1 nr/ret=-1 allow=0
[seccomp] ts=28340198326507 pid=91670 tgid=91670 comm=runc:[2:INIT]    mode=FILTER   target=1 nr/ret=0 allow=1
[seccomp] ts=28340198329549 pid=91670 tgid=91670 comm=runc:[2:INIT]    mode=FILTER   target=1 nr/ret=-1 allow=0
[seccomp] ts=28340198329549 pid=91670 tgid=91670 comm=runc:[2:INIT]    mode=FILTER   target=1 nr/ret=0 allow=1
[seccomp] ts=28340198334799 pid=91670 tgid=91670 comm=runc:[2:INIT]    mode=FILTER   target=1 nr/ret=-1 allow=0
[seccomp] ts=28340198334799 pid=91670 tgid=91670 comm=runc:[2:INIT]    mode=FILTER   target=1 nr/ret=0 allow=1
[seccomp] ts=28340198337007 pid=91670 tgid=91670 comm=runc:[2:INIT]    mode=FILTER   target=1 nr/ret=-1 allow=0
[seccomp] ts=28340198337007 pid=91670 tgid=91670 comm=runc:[2:INIT]    mode=FILTER   target=1 nr/ret=0 allow=1
[seccomp] ts=28340198338465 pid=91670 tgid=91670 comm=runc:[2:INIT]    mode=FILTER   target=1 nr/ret=-1 allow=0
[seccomp] ts=28340198338465 pid=91670 tgid=91670 comm=runc:[2:INIT]    mode=FILTER   target=1 nr/ret=0 allow=1
[seccomp] ts=28340198340049 pid=91670 tgid=91670 comm=runc:[2:INIT]    mode=FILTER   target=1 nr/ret=-1 allow=0
[seccomp] ts=28340198340049 pid=91670 tgid=91670 comm=runc:[2:INIT]    mode=FILTER   target=1 nr/ret=0 allow=1
[seccomp] ts=28340198341590 pid=91670 tgid=91670 comm=runc:[2:INIT]    mode=FILTER   target=1 nr/ret=-1 allow=0
[seccomp] ts=28340198341590 pid=91670 tgid=91670 comm=runc:[2:INIT]    mode=FILTER   target=1 nr/ret=0 allow=1
[seccomp] ts=28340198343424 pid=91670 tgid=91670 comm=runc:[2:INIT]    mode=FILTER   target=1 nr/ret=-1 allow=0
[seccomp] ts=28340198343424 pid=91670 tgid=91670 comm=runc:[2:INIT]    mode=FILTER   target=1 nr/ret=0 allow=1
[seccomp] ts=28340198347882 pid=91670 tgid=91670 comm=runc:[2:INIT]    mode=FILTER   target=1 nr/ret=-1 allow=0
[seccomp] ts=28340198347882 pid=91670 tgid=91670 comm=runc:[2:INIT]    mode=FILTER   target=1 nr/ret=0 allow=1
[seccomp] ts=28340198349424 pid=91670 tgid=91670 comm=runc:[2:INIT]    mode=FILTER   target=1 nr/ret=-1 allow=0
[seccomp] ts=28340198349424 pid=91670 tgid=91670 comm=runc:[2:INIT]    mode=FILTER   target=1 nr/ret=0 allow=1
[seccomp] ts=28340198351424 pid=91670 tgid=91670 comm=runc:[2:INIT]    mode=FILTER   target=1 nr/ret=-1 allow=0
[seccomp] ts=28340198351424 pid=91670 tgid=91670 comm=runc:[2:INIT]    mode=FILTER   target=1 nr/ret=0 allow=1
[seccomp] ts=28340198354007 pid=91670 tgid=91670 comm=runc:[2:INIT]    mode=FILTER   target=1 nr/ret=-1 allow=0
[seccomp] ts=28340198354007 pid=91670 tgid=91670 comm=runc:[2:INIT]    mode=FILTER   target=1 nr/ret=0 allow=1
[seccomp] ts=28340198356465 pid=91670 tgid=91670 comm=runc:[2:INIT]    mode=FILTER   target=1 nr/ret=-1 allow=0
[seccomp] ts=28340198356465 pid=91670 tgid=91670 comm=runc:[2:INIT]    mode=FILTER   target=1 nr/ret=0 allow=1
[seccomp] ts=28340198364715 pid=91670 tgid=91670 comm=runc:[2:INIT]    mode=FILTER   target=1 nr/ret=-1 allow=0
[seccomp] ts=28340198364715 pid=91670 tgid=91670 comm=runc:[2:INIT]    mode=FILTER   target=1 nr/ret=0 allow=1
[seccomp] ts=28340198493674 pid=91670 tgid=91670 comm=runc:[2:INIT]    mode=FILTER   target=1 nr/ret=-1 allow=0
[seccomp] ts=28340198493674 pid=91670 tgid=91670 comm=runc:[2:INIT]    mode=FILTER   target=1 nr/ret=0 allow=1
[seccomp] ts=28340198557174 pid=91670 tgid=91670 comm=runc:[2:INIT]    mode=FILTER   target=1 nr/ret=-1 allow=0
[seccomp] ts=28340198557174 pid=91670 tgid=91670 comm=runc:[2:INIT]    mode=FILTER   target=1 nr/ret=0 allow=1
[seccomp] ts=28340198608299 pid=91670 tgid=91670 comm=runc:[2:INIT]    mode=FILTER   target=1 nr/ret=-1 allow=0
[seccomp] ts=28340198608299 pid=91670 tgid=91670 comm=runc:[2:INIT]    mode=FILTER   target=1 nr/ret=0 allow=1
[seccomp] ts=28340198611424 pid=91670 tgid=91670 comm=runc:[2:INIT]    mode=FILTER   target=1 nr/ret=-1 allow=0
[seccomp] ts=28340198611424 pid=91670 tgid=91670 comm=runc:[2:INIT]    mode=FILTER   target=1 nr/ret=0 allow=1
[seccomp] ts=28340198615507 pid=91670 tgid=91670 comm=runc:[2:INIT]    mode=FILTER   target=1 nr/ret=-1 allow=0
[seccomp] ts=28340198615507 pid=91670 tgid=91670 comm=runc:[2:INIT]    mode=FILTER   target=1 nr/ret=0 allow=1
[seccomp] ts=28340198641632 pid=91670 tgid=91670 comm=runc:[2:INIT]    mode=FILTER   target=1 nr/ret=-1 allow=0
[seccomp] ts=28340198641632 pid=91670 tgid=91670 comm=runc:[2:INIT]    mode=FILTER   target=1 nr/ret=0 allow=1
[seccomp] ts=28340198648174 pid=91670 tgid=91670 comm=runc:[2:INIT]    mode=FILTER   target=1 nr/ret=-1 allow=0
[seccomp] ts=28340198648174 pid=91670 tgid=91670 comm=runc:[2:INIT]    mode=FILTER   target=1 nr/ret=0 allow=1
[seccomp] ts=28340198665174 pid=91670 tgid=91670 comm=runc:[2:INIT]    mode=FILTER   target=1 nr/ret=-1 allow=0
[seccomp] ts=28340198665174 pid=91670 tgid=91670 comm=runc:[2:INIT]    mode=FILTER   target=1 nr/ret=0 allow=1
[seccomp] ts=28340198713382 pid=91670 tgid=91670 comm=runc:[2:INIT]    mode=FILTER   target=1 nr/ret=-1 allow=0
[seccomp] ts=28340198713382 pid=91670 tgid=91670 comm=runc:[2:INIT]    mode=FILTER   target=1 nr/ret=0 allow=1
[seccomp] ts=28340198716257 pid=91670 tgid=91670 comm=runc:[2:INIT]    mode=FILTER   target=1 nr/ret=-1 allow=0
[seccomp] ts=28340198716257 pid=91670 tgid=91670 comm=runc:[2:INIT]    mode=FILTER   target=1 nr/ret=0 allow=1
[seccomp] ts=28340198720299 pid=91670 tgid=91670 comm=runc:[2:INIT]    mode=FILTER   target=1 nr/ret=-1 allow=0
[seccomp] ts=28340198720299 pid=91670 tgid=91670 comm=runc:[2:INIT]    mode=FILTER   target=1 nr/ret=0 allow=1
[seccomp] ts=28340198723132 pid=91670 tgid=91670 comm=runc:[2:INIT]    mode=FILTER   target=1 nr/ret=-1 allow=0
[seccomp] ts=28340198723132 pid=91670 tgid=91670 comm=runc:[2:INIT]    mode=FILTER   target=1 nr/ret=0 allow=1
[seccomp] ts=28340198728674 pid=91670 tgid=91670 comm=runc:[2:INIT]    mode=FILTER   target=1 nr/ret=-1 allow=0
[seccomp] ts=28340198728674 pid=91670 tgid=91670 comm=runc:[2:INIT]    mode=FILTER   target=1 nr/ret=0 allow=1
[seccomp] ts=28340198778507 pid=91670 tgid=91670 comm=runc:[2:INIT]    mode=FILTER   target=1 nr/ret=-1 allow=0
[seccomp] ts=28340198778507 pid=91670 tgid=91670 comm=runc:[2:INIT]    mode=FILTER   target=1 nr/ret=0 allow=1
[seccomp] ts=28340198783507 pid=91670 tgid=91670 comm=runc:[2:INIT]    mode=FILTER   target=1 nr/ret=-1 allow=0
[seccomp] ts=28340198783507 pid=91670 tgid=91670 comm=runc:[2:INIT]    mode=FILTER   target=1 nr/ret=0 allow=1
[seccomp] ts=28340198786090 pid=91670 tgid=91670 comm=runc:[2:INIT]    mode=FILTER   target=1 nr/ret=-1 allow=0
[seccomp] ts=28340198786090 pid=91670 tgid=91670 comm=runc:[2:INIT]    mode=FILTER   target=1 nr/ret=0 allow=1
[seccomp] ts=28340198791340 pid=91670 tgid=91670 comm=runc:[2:INIT]    mode=FILTER   target=1 nr/ret=-1 allow=0
[seccomp] ts=28340198791340 pid=91670 tgid=91670 comm=runc:[2:INIT]    mode=FILTER   target=1 nr/ret=0 allow=1
[seccomp] ts=28340198796382 pid=91670 tgid=91670 comm=runc:[2:INIT]    mode=FILTER   target=1 nr/ret=-1 allow=0
[seccomp] ts=28340198796382 pid=91670 tgid=91670 comm=runc:[2:INIT]    mode=FILTER   target=1 nr/ret=0 allow=1
[seccomp] ts=28340198798882 pid=91670 tgid=91670 comm=runc:[2:INIT]    mode=FILTER   target=1 nr/ret=-1 allow=0
[seccomp] ts=28340198798882 pid=91670 tgid=91670 comm=runc:[2:INIT]    mode=FILTER   target=1 nr/ret=0 allow=1
[seccomp] ts=28340198804549 pid=91670 tgid=91670 comm=runc:[2:INIT]    mode=FILTER   target=1 nr/ret=-1 allow=0
[seccomp] ts=28340198804549 pid=91670 tgid=91670 comm=runc:[2:INIT]    mode=FILTER   target=1 nr/ret=0 allow=1
[seccomp] ts=28340198807507 pid=91670 tgid=91670 comm=runc:[2:INIT]    mode=FILTER   target=1 nr/ret=-1 allow=0
[seccomp] ts=28340198807507 pid=91670 tgid=91670 comm=runc:[2:INIT]    mode=FILTER   target=1 nr/ret=0 allow=1
[seccomp] ts=28340198810882 pid=91670 tgid=91670 comm=runc:[2:INIT]    mode=FILTER   target=1 nr/ret=-1 allow=0
[seccomp] ts=28340198810882 pid=91670 tgid=91670 comm=runc:[2:INIT]    mode=FILTER   target=1 nr/ret=0 allow=1
[seccomp] ts=28340198862965 pid=91670 tgid=91670 comm=runc:[2:INIT]    mode=FILTER   target=1 nr/ret=-1 allow=0
[seccomp] ts=28340198862965 pid=91670 tgid=91670 comm=runc:[2:INIT]    mode=FILTER   target=1 nr/ret=0 allow=1
[seccomp] ts=28340198867882 pid=91670 tgid=91670 comm=runc:[2:INIT]    mode=FILTER   target=1 nr/ret=-1 allow=0
[seccomp] ts=28340198867882 pid=91670 tgid=91670 comm=runc:[2:INIT]    mode=FILTER   target=1 nr/ret=0 allow=1
[seccomp] ts=28340198869965 pid=91670 tgid=91670 comm=runc:[2:INIT]    mode=FILTER   target=1 nr/ret=-1 allow=0
[seccomp] ts=28340198869965 pid=91670 tgid=91670 comm=runc:[2:INIT]    mode=FILTER   target=1 nr/ret=0 allow=1
[seccomp] ts=28340198876174 pid=91670 tgid=91670 comm=runc:[2:INIT]    mode=FILTER   target=1 nr/ret=-1 allow=0
[seccomp] ts=28340198876174 pid=91670 tgid=91670 comm=runc:[2:INIT]    mode=FILTER   target=1 nr/ret=0 allow=1
[seccomp] ts=28340198965257 pid=91670 tgid=91670 comm=runc:[2:INIT]    mode=FILTER   target=1 nr/ret=-1 allow=0
[seccomp] ts=28340198965257 pid=91670 tgid=91670 comm=runc:[2:INIT]    mode=FILTER   target=1 nr/ret=0 allow=1
[seccomp] ts=28340199019299 pid=91670 tgid=91670 comm=runc:[2:INIT]    mode=FILTER   target=1 nr/ret=-1 allow=0
[seccomp] ts=28340199019299 pid=91670 tgid=91670 comm=runc:[2:INIT]    mode=FILTER   target=1 nr/ret=0 allow=1
[seccomp] ts=28340199032674 pid=91670 tgid=91670 comm=runc:[2:INIT]    mode=FILTER   target=1 nr/ret=-1 allow=0
[seccomp] ts=28340199032674 pid=91670 tgid=91670 comm=runc:[2:INIT]    mode=FILTER   target=1 nr/ret=0 allow=1
[seccomp] ts=28340199072465 pid=91670 tgid=91670 comm=runc:[2:INIT]    mode=FILTER   target=1 nr/ret=-1 allow=0
[seccomp] ts=28340199072465 pid=91670 tgid=91670 comm=runc:[2:INIT]    mode=FILTER   target=1 nr/ret=0 allow=1
[seccomp] ts=28340199153549 pid=91670 tgid=91670 comm=runc:[2:INIT]    mode=FILTER   target=1 nr/ret=-1 allow=0
[seccomp] ts=28340199153549 pid=91670 tgid=91670 comm=runc:[2:INIT]    mode=FILTER   target=1 nr/ret=0 allow=1
[seccomp] ts=28340199156590 pid=91670 tgid=91670 comm=runc:[2:INIT]    mode=FILTER   target=1 nr/ret=-1 allow=0
[seccomp] ts=28340199156590 pid=91670 tgid=91670 comm=runc:[2:INIT]    mode=FILTER   target=1 nr/ret=0 allow=1
[seccomp] ts=28340199184132 pid=91670 tgid=91670 comm=runc:[2:INIT]    mode=FILTER   target=1 nr/ret=-1 allow=0
[seccomp] ts=28340199184132 pid=91670 tgid=91670 comm=runc:[2:INIT]    mode=FILTER   target=1 nr/ret=0 allow=1
[seccomp] ts=28340199186382 pid=91670 tgid=91670 comm=runc:[2:INIT]    mode=FILTER   target=1 nr/ret=-1 allow=0
[seccomp] ts=28340199186382 pid=91670 tgid=91670 comm=runc:[2:INIT]    mode=FILTER   target=1 nr/ret=0 allow=1
[seccomp] ts=28340199198799 pid=91670 tgid=91670 comm=runc:[2:INIT]    mode=FILTER   target=1 nr/ret=-1 allow=0
[seccomp] ts=28340199198799 pid=91670 tgid=91670 comm=runc:[2:INIT]    mode=FILTER   target=1 nr/ret=0 allow=1
[seccomp] ts=28340199201549 pid=91670 tgid=91670 comm=runc:[2:INIT]    mode=FILTER   target=1 nr/ret=-1 allow=0
[seccomp] ts=28340199201549 pid=91670 tgid=91670 comm=runc:[2:INIT]    mode=FILTER   target=1 nr/ret=0 allow=1
[seccomp] ts=28340199206424 pid=91670 tgid=91670 comm=runc:[2:INIT]    mode=FILTER   target=1 nr/ret=-1 allow=0
[seccomp] ts=28340199206424 pid=91670 tgid=91670 comm=runc:[2:INIT]    mode=FILTER   target=1 nr/ret=0 allow=1
[seccomp] ts=28340199252465 pid=91670 tgid=91670 comm=runc:[2:INIT]    mode=FILTER   target=1 nr/ret=-1 allow=0
[seccomp] ts=28340199252465 pid=91670 tgid=91670 comm=runc:[2:INIT]    mode=FILTER   target=1 nr/ret=0 allow=1
[seccomp] ts=28340199255049 pid=91670 tgid=91670 comm=runc:[2:INIT]    mode=FILTER   target=1 nr/ret=-1 allow=0
[seccomp] ts=28340199255049 pid=91670 tgid=91670 comm=runc:[2:INIT]    mode=FILTER   target=1 nr/ret=0 allow=1
[seccomp] ts=28340199261132 pid=91670 tgid=91670 comm=runc:[2:INIT]    mode=FILTER   target=1 nr/ret=-1 allow=0
[seccomp] ts=28340199261132 pid=91670 tgid=91670 comm=runc:[2:INIT]    mode=FILTER   target=1 nr/ret=0 allow=1
[seccomp] ts=28340199262965 pid=91670 tgid=91670 comm=runc:[2:INIT]    mode=FILTER   target=1 nr/ret=-1 allow=0
[seccomp] ts=28340199262965 pid=91670 tgid=91670 comm=runc:[2:INIT]    mode=FILTER   target=1 nr/ret=0 allow=1
[seccomp] ts=28340199277965 pid=91670 tgid=91670 comm=runc:[2:INIT]    mode=FILTER   target=1 nr/ret=-1 allow=0
[seccomp] ts=28340199277965 pid=91670 tgid=91670 comm=runc:[2:INIT]    mode=FILTER   target=1 nr/ret=0 allow=1
[seccomp] ts=28340199320174 pid=91670 tgid=91670 comm=runc:[2:INIT]    mode=FILTER   target=1 nr/ret=-1 allow=0
[seccomp] ts=28340199320174 pid=91670 tgid=91670 comm=runc:[2:INIT]    mode=FILTER   target=1 nr/ret=0 allow=1
[seccomp] ts=28340199333549 pid=91670 tgid=91670 comm=runc:[2:INIT]    mode=FILTER   target=1 nr/ret=-1 allow=0
[seccomp] ts=28340199333549 pid=91670 tgid=91670 comm=runc:[2:INIT]    mode=FILTER   target=1 nr/ret=0 allow=1
[seccomp] ts=28340199334924 pid=91670 tgid=91670 comm=runc:[2:INIT]    mode=FILTER   target=1 nr/ret=-1 allow=0
[seccomp] ts=28340199334924 pid=91670 tgid=91670 comm=runc:[2:INIT]    mode=FILTER   target=1 nr/ret=0 allow=1
[seccomp] ts=28340199344340 pid=91670 tgid=91670 comm=runc:[2:INIT]    mode=FILTER   target=1 nr/ret=-1 allow=0
[seccomp] ts=28340199344340 pid=91670 tgid=91670 comm=runc:[2:INIT]    mode=FILTER   target=1 nr/ret=0 allow=1
[seccomp] ts=28340199345715 pid=91670 tgid=91670 comm=runc:[2:INIT]    mode=FILTER   target=1 nr/ret=-1 allow=0
[seccomp] ts=28340199345715 pid=91670 tgid=91670 comm=runc:[2:INIT]    mode=FILTER   target=1 nr/ret=0 allow=1
[seccomp] ts=28340199358340 pid=91670 tgid=91670 comm=runc:[2:INIT]    mode=FILTER   target=1 nr/ret=-1 allow=0
[seccomp] ts=28340199358340 pid=91670 tgid=91670 comm=runc:[2:INIT]    mode=FILTER   target=1 nr/ret=0 allow=1
[seccomp] ts=28340199384132 pid=91670 tgid=91670 comm=runc:[2:INIT]    mode=FILTER   target=1 nr/ret=-1 allow=0
[seccomp] ts=28340199384132 pid=91670 tgid=91670 comm=runc:[2:INIT]    mode=FILTER   target=1 nr/ret=0 allow=1
[seccomp] ts=28340199395632 pid=91670 tgid=91670 comm=runc:[2:INIT]    mode=FILTER   target=1 nr/ret=-1 allow=0
[seccomp] ts=28340199395632 pid=91670 tgid=91670 comm=runc:[2:INIT]    mode=FILTER   target=1 nr/ret=0 allow=1
[seccomp] ts=28340199472465 pid=91670 tgid=91670 comm=runc:[2:INIT]    mode=FILTER   target=1 nr/ret=-1 allow=0
[seccomp] ts=28340199472465 pid=91670 tgid=91670 comm=runc:[2:INIT]    mode=FILTER   target=1 nr/ret=0 allow=1
[seccomp] ts=28340199507549 pid=91670 tgid=91670 comm=runc:[2:INIT]    mode=FILTER   target=1 nr/ret=-1 allow=0
[seccomp] ts=28340199507549 pid=91670 tgid=91670 comm=runc:[2:INIT]    mode=FILTER   target=1 nr/ret=0 allow=1
[seccomp] ts=28340199510674 pid=91670 tgid=91670 comm=runc:[2:INIT]    mode=FILTER   target=1 nr/ret=-1 allow=0
[seccomp] ts=28340199510674 pid=91670 tgid=91670 comm=runc:[2:INIT]    mode=FILTER   target=1 nr/ret=0 allow=1
[seccomp] ts=28340199514007 pid=91670 tgid=91670 comm=runc:[2:INIT]    mode=FILTER   target=1 nr/ret=-1 allow=0
[seccomp] ts=28340199514007 pid=91670 tgid=91670 comm=runc:[2:INIT]    mode=FILTER   target=1 nr/ret=0 allow=1
[seccomp] ts=28340199516007 pid=91670 tgid=91670 comm=runc:[2:INIT]    mode=FILTER   target=1 nr/ret=-1 allow=0
[seccomp] ts=28340199516007 pid=91670 tgid=91670 comm=runc:[2:INIT]    mode=FILTER   target=1 nr/ret=0 allow=1
[seccomp] ts=28340199517674 pid=91670 tgid=91670 comm=runc:[2:INIT]    mode=FILTER   target=1 nr/ret=-1 allow=0
[seccomp] ts=28340199517674 pid=91670 tgid=91670 comm=runc:[2:INIT]    mode=FILTER   target=1 nr/ret=0 allow=1
[seccomp] ts=28340199519132 pid=91670 tgid=91670 comm=runc:[2:INIT]    mode=FILTER   target=1 nr/ret=-1 allow=0
[seccomp] ts=28340199519132 pid=91670 tgid=91670 comm=runc:[2:INIT]    mode=FILTER   target=1 nr/ret=0 allow=1
[seccomp] ts=28340199520549 pid=91670 tgid=91670 comm=runc:[2:INIT]    mode=FILTER   target=1 nr/ret=-1 allow=0
[seccomp] ts=28340199520549 pid=91670 tgid=91670 comm=runc:[2:INIT]    mode=FILTER   target=1 nr/ret=0 allow=1
[seccomp] ts=28340199522882 pid=91670 tgid=91670 comm=runc:[2:INIT]    mode=FILTER   target=1 nr/ret=-1 allow=0
[seccomp] ts=28340199522882 pid=91670 tgid=91670 comm=runc:[2:INIT]    mode=FILTER   target=1 nr/ret=0 allow=1
[seccomp] ts=28340199524465 pid=91670 tgid=91670 comm=runc:[2:INIT]    mode=FILTER   target=1 nr/ret=-1 allow=0
[seccomp] ts=28340199524465 pid=91670 tgid=91670 comm=runc:[2:INIT]    mode=FILTER   target=1 nr/ret=0 allow=1
[seccomp] ts=28340199525799 pid=91670 tgid=91670 comm=runc:[2:INIT]    mode=FILTER   target=1 nr/ret=-1 allow=0
[seccomp] ts=28340199525799 pid=91670 tgid=91670 comm=runc:[2:INIT]    mode=FILTER   target=1 nr/ret=0 allow=1
[seccomp] ts=28340199527090 pid=91670 tgid=91670 comm=runc:[2:INIT]    mode=FILTER   target=1 nr/ret=-1 allow=0
[seccomp] ts=28340199527090 pid=91670 tgid=91670 comm=runc:[2:INIT]    mode=FILTER   target=1 nr/ret=0 allow=1
[seccomp] ts=28340199528424 pid=91670 tgid=91670 comm=runc:[2:INIT]    mode=FILTER   target=1 nr/ret=-1 allow=0
[seccomp] ts=28340199528424 pid=91670 tgid=91670 comm=runc:[2:INIT]    mode=FILTER   target=1 nr/ret=0 allow=1
[seccomp] ts=28340199530007 pid=91670 tgid=91670 comm=runc:[2:INIT]    mode=FILTER   target=1 nr/ret=-1 allow=0
[seccomp] ts=28340199530007 pid=91670 tgid=91670 comm=runc:[2:INIT]    mode=FILTER   target=1 nr/ret=0 allow=1
[seccomp] ts=28340199531340 pid=91670 tgid=91670 comm=runc:[2:INIT]    mode=FILTER   target=1 nr/ret=-1 allow=0
[seccomp] ts=28340199531340 pid=91670 tgid=91670 comm=runc:[2:INIT]    mode=FILTER   target=1 nr/ret=0 allow=1
[seccomp] ts=28340199532924 pid=91670 tgid=91670 comm=runc:[2:INIT]    mode=FILTER   target=1 nr/ret=-1 allow=0
[seccomp] ts=28340199532924 pid=91670 tgid=91670 comm=runc:[2:INIT]    mode=FILTER   target=1 nr/ret=0 allow=1
[seccomp] ts=28340199534215 pid=91670 tgid=91670 comm=runc:[2:INIT]    mode=FILTER   target=1 nr/ret=-1 allow=0
[seccomp] ts=28340199534215 pid=91670 tgid=91670 comm=runc:[2:INIT]    mode=FILTER   target=1 nr/ret=0 allow=1
[seccomp] ts=28340199535799 pid=91670 tgid=91670 comm=runc:[2:INIT]    mode=FILTER   target=1 nr/ret=-1 allow=0
[seccomp] ts=28340199535799 pid=91670 tgid=91670 comm=runc:[2:INIT]    mode=FILTER   target=1 nr/ret=0 allow=1
[seccomp] ts=28340199537090 pid=91670 tgid=91670 comm=runc:[2:INIT]    mode=FILTER   target=1 nr/ret=-1 allow=0
[seccomp] ts=28340199537090 pid=91670 tgid=91670 comm=runc:[2:INIT]    mode=FILTER   target=1 nr/ret=0 allow=1
[seccomp] ts=28340199538382 pid=91670 tgid=91670 comm=runc:[2:INIT]    mode=FILTER   target=1 nr/ret=-1 allow=0
[seccomp] ts=28340199538382 pid=91670 tgid=91670 comm=runc:[2:INIT]    mode=FILTER   target=1 nr/ret=0 allow=1
[seccomp] ts=28340199539674 pid=91670 tgid=91670 comm=runc:[2:INIT]    mode=FILTER   target=1 nr/ret=-1 allow=0
[seccomp] ts=28340199539674 pid=91670 tgid=91670 comm=runc:[2:INIT]    mode=FILTER   target=1 nr/ret=0 allow=1
[seccomp] ts=28340199540965 pid=91670 tgid=91670 comm=runc:[2:INIT]    mode=FILTER   target=1 nr/ret=-1 allow=0
[seccomp] ts=28340199540965 pid=91670 tgid=91670 comm=runc:[2:INIT]    mode=FILTER   target=1 nr/ret=0 allow=1
[seccomp] ts=28340199542340 pid=91670 tgid=91670 comm=runc:[2:INIT]    mode=FILTER   target=1 nr/ret=-1 allow=0
[seccomp] ts=28340199542340 pid=91670 tgid=91670 comm=runc:[2:INIT]    mode=FILTER   target=1 nr/ret=0 allow=1
[seccomp] ts=28340199544340 pid=91670 tgid=91670 comm=runc:[2:INIT]    mode=FILTER   target=1 nr/ret=-1 allow=0
[seccomp] ts=28340199544340 pid=91670 tgid=91670 comm=runc:[2:INIT]    mode=FILTER   target=1 nr/ret=0 allow=1
[seccomp] ts=28340199545632 pid=91670 tgid=91670 comm=runc:[2:INIT]    mode=FILTER   target=1 nr/ret=-1 allow=0
[seccomp] ts=28340199545632 pid=91670 tgid=91670 comm=runc:[2:INIT]    mode=FILTER   target=1 nr/ret=0 allow=1
[seccomp] ts=28340199547257 pid=91670 tgid=91670 comm=runc:[2:INIT]    mode=FILTER   target=1 nr/ret=-1 allow=0
[seccomp] ts=28340199547257 pid=91670 tgid=91670 comm=runc:[2:INIT]    mode=FILTER   target=1 nr/ret=0 allow=1
[seccomp] ts=28340199548549 pid=91670 tgid=91670 comm=runc:[2:INIT]    mode=FILTER   target=1 nr/ret=-1 allow=0
[seccomp] ts=28340199548549 pid=91670 tgid=91670 comm=runc:[2:INIT]    mode=FILTER   target=1 nr/ret=0 allow=1
[seccomp] ts=28340199549840 pid=91670 tgid=91670 comm=runc:[2:INIT]    mode=FILTER   target=1 nr/ret=-1 allow=0
[seccomp] ts=28340199549840 pid=91670 tgid=91670 comm=runc:[2:INIT]    mode=FILTER   target=1 nr/ret=0 allow=1
[seccomp] ts=28340199551132 pid=91670 tgid=91670 comm=runc:[2:INIT]    mode=FILTER   target=1 nr/ret=-1 allow=0
[seccomp] ts=28340199551132 pid=91670 tgid=91670 comm=runc:[2:INIT]    mode=FILTER   target=1 nr/ret=0 allow=1
[seccomp] ts=28340199552465 pid=91670 tgid=91670 comm=runc:[2:INIT]    mode=FILTER   target=1 nr/ret=-1 allow=0
[seccomp] ts=28340199552465 pid=91670 tgid=91670 comm=runc:[2:INIT]    mode=FILTER   target=1 nr/ret=0 allow=1
[seccomp] ts=28340199553840 pid=91670 tgid=91670 comm=runc:[2:INIT]    mode=FILTER   target=1 nr/ret=-1 allow=0
[seccomp] ts=28340199553840 pid=91670 tgid=91670 comm=runc:[2:INIT]    mode=FILTER   target=1 nr/ret=0 allow=1
[seccomp] ts=28340199555965 pid=91670 tgid=91670 comm=runc:[2:INIT]    mode=FILTER   target=1 nr/ret=-1 allow=0
[seccomp] ts=28340199555965 pid=91670 tgid=91670 comm=runc:[2:INIT]    mode=FILTER   target=1 nr/ret=0 allow=1
[seccomp] ts=28340199557965 pid=91670 tgid=91670 comm=runc:[2:INIT]    mode=FILTER   target=1 nr/ret=-1 allow=0
[seccomp] ts=28340199557965 pid=91670 tgid=91670 comm=runc:[2:INIT]    mode=FILTER   target=1 nr/ret=0 allow=1
[seccomp] ts=28340199565174 pid=91670 tgid=91670 comm=runc:[2:INIT]    mode=FILTER   target=1 nr/ret=-1 allow=0
[seccomp] ts=28340199565174 pid=91670 tgid=91670 comm=runc:[2:INIT]    mode=FILTER   target=1 nr/ret=0 allow=1
[seccomp] ts=28340199571465 pid=91670 tgid=91670 comm=runc:[2:INIT]    mode=FILTER   target=1 nr/ret=-1 allow=0
[seccomp] ts=28340199571465 pid=91670 tgid=91670 comm=runc:[2:INIT]    mode=FILTER   target=1 nr/ret=0 allow=1
[seccomp] ts=28340199580840 pid=91670 tgid=91670 comm=runc:[2:INIT]    mode=FILTER   target=1 nr/ret=-1 allow=0
[seccomp] ts=28340199580840 pid=91670 tgid=91670 comm=runc:[2:INIT]    mode=FILTER   target=1 nr/ret=0 allow=1
[seccomp] ts=28340199583674 pid=91670 tgid=91670 comm=runc:[2:INIT]    mode=FILTER   target=1 nr/ret=-1 allow=0
[seccomp] ts=28340199583674 pid=91670 tgid=91670 comm=runc:[2:INIT]    mode=FILTER   target=1 nr/ret=0 allow=1
[seccomp] ts=28340199623049 pid=91670 tgid=91670 comm=runc:[2:INIT]    mode=FILTER   target=1 nr/ret=-1 allow=0
[seccomp] ts=28340199623049 pid=91670 tgid=91670 comm=runc:[2:INIT]    mode=FILTER   target=1 nr/ret=0 allow=1
[seccomp] ts=28340199690090 pid=91670 tgid=91670 comm=runc:[2:INIT]    mode=FILTER   target=1 nr/ret=-1 allow=0
[seccomp] ts=28340199690090 pid=91670 tgid=91670 comm=runc:[2:INIT]    mode=FILTER   target=1 nr/ret=0 allow=1
[seccomp] ts=28340199719799 pid=91670 tgid=91670 comm=runc:[2:INIT]    mode=FILTER   target=1 nr/ret=-1 allow=0
[seccomp] ts=28340199719799 pid=91670 tgid=91670 comm=runc:[2:INIT]    mode=FILTER   target=1 nr/ret=0 allow=1
[seccomp] ts=28340199721424 pid=91670 tgid=91670 comm=runc:[2:INIT]    mode=FILTER   target=1 nr/ret=-1 allow=0
[seccomp] ts=28340199721424 pid=91670 tgid=91670 comm=runc:[2:INIT]    mode=FILTER   target=1 nr/ret=0 allow=1
[seccomp] ts=28340199723674 pid=91670 tgid=91670 comm=runc:[2:INIT]    mode=FILTER   target=1 nr/ret=-1 allow=0
[seccomp] ts=28340199723674 pid=91670 tgid=91670 comm=runc:[2:INIT]    mode=FILTER   target=1 nr/ret=0 allow=1
[seccomp] ts=28340199725382 pid=91670 tgid=91670 comm=runc:[2:INIT]    mode=FILTER   target=1 nr/ret=-1 allow=0
[seccomp] ts=28340199725382 pid=91670 tgid=91670 comm=runc:[2:INIT]    mode=FILTER   target=1 nr/ret=0 allow=1
[seccomp] ts=28340199727965 pid=91670 tgid=91670 comm=runc:[2:INIT]    mode=FILTER   target=1 nr/ret=-1 allow=0
[seccomp] ts=28340199727965 pid=91670 tgid=91670 comm=runc:[2:INIT]    mode=FILTER   target=1 nr/ret=0 allow=1
[seccomp] ts=28340199732590 pid=91670 tgid=91670 comm=runc:[2:INIT]    mode=FILTER   target=1 nr/ret=-1 allow=0
[seccomp] ts=28340199732590 pid=91670 tgid=91670 comm=runc:[2:INIT]    mode=FILTER   target=1 nr/ret=0 allow=1
[seccomp] ts=28340199734090 pid=91670 tgid=91670 comm=runc:[2:INIT]    mode=FILTER   target=1 nr/ret=-1 allow=0
[seccomp] ts=28340199734090 pid=91670 tgid=91670 comm=runc:[2:INIT]    mode=FILTER   target=1 nr/ret=0 allow=1
[seccomp] ts=28340199735965 pid=91670 tgid=91670 comm=runc:[2:INIT]    mode=FILTER   target=1 nr/ret=-1 allow=0
[seccomp] ts=28340199735965 pid=91670 tgid=91670 comm=runc:[2:INIT]    mode=FILTER   target=1 nr/ret=0 allow=1
[seccomp] ts=28340199738507 pid=91670 tgid=91670 comm=runc:[2:INIT]    mode=FILTER   target=1 nr/ret=-1 allow=0
[seccomp] ts=28340199738507 pid=91670 tgid=91670 comm=runc:[2:INIT]    mode=FILTER   target=1 nr/ret=0 allow=1
[seccomp] ts=28340199740382 pid=91670 tgid=91670 comm=runc:[2:INIT]    mode=FILTER   target=1 nr/ret=-1 allow=0
[seccomp] ts=28340199740382 pid=91670 tgid=91670 comm=runc:[2:INIT]    mode=FILTER   target=1 nr/ret=0 allow=1
[seccomp] ts=28340199746590 pid=91670 tgid=91670 comm=runc:[2:INIT]    mode=FILTER   target=1 nr/ret=-1 allow=0
[seccomp] ts=28340199746590 pid=91670 tgid=91670 comm=runc:[2:INIT]    mode=FILTER   target=1 nr/ret=0 allow=1
[seccomp] ts=28340199750382 pid=91670 tgid=91670 comm=runc:[2:INIT]    mode=FILTER   target=1 nr/ret=-1 allow=0
[seccomp] ts=28340199750382 pid=91670 tgid=91670 comm=runc:[2:INIT]    mode=FILTER   target=1 nr/ret=0 allow=1
[seccomp] ts=28340199752757 pid=91670 tgid=91670 comm=runc:[2:INIT]    mode=FILTER   target=1 nr/ret=-1 allow=0
[seccomp] ts=28340199752757 pid=91670 tgid=91670 comm=runc:[2:INIT]    mode=FILTER   target=1 nr/ret=0 allow=1
[seccomp] ts=28340199754132 pid=91670 tgid=91670 comm=runc:[2:INIT]    mode=FILTER   target=1 nr/ret=-1 allow=0
[seccomp] ts=28340199754132 pid=91670 tgid=91670 comm=runc:[2:INIT]    mode=FILTER   target=1 nr/ret=0 allow=1
[seccomp] ts=28340199755924 pid=91670 tgid=91670 comm=runc:[2:INIT]    mode=FILTER   target=1 nr/ret=-1 allow=0
[seccomp] ts=28340199755924 pid=91670 tgid=91670 comm=runc:[2:INIT]    mode=FILTER   target=1 nr/ret=0 allow=1
[seccomp] ts=28340199757632 pid=91670 tgid=91670 comm=runc:[2:INIT]    mode=FILTER   target=1 nr/ret=-1 allow=0
[seccomp] ts=28340199757632 pid=91670 tgid=91670 comm=runc:[2:INIT]    mode=FILTER   target=1 nr/ret=0 allow=1
[seccomp] ts=28340199759590 pid=91670 tgid=91670 comm=runc:[2:INIT]    mode=FILTER   target=1 nr/ret=-1 allow=0
[seccomp] ts=28340199759590 pid=91670 tgid=91670 comm=runc:[2:INIT]    mode=FILTER   target=1 nr/ret=0 allow=1
[seccomp] ts=28340199761507 pid=91670 tgid=91670 comm=runc:[2:INIT]    mode=FILTER   target=1 nr/ret=-1 allow=0
[seccomp] ts=28340199761507 pid=91670 tgid=91670 comm=runc:[2:INIT]    mode=FILTER   target=1 nr/ret=0 allow=1
[seccomp] ts=28340199763007 pid=91670 tgid=91670 comm=runc:[2:INIT]    mode=FILTER   target=1 nr/ret=-1 allow=0
[seccomp] ts=28340199763007 pid=91670 tgid=91670 comm=runc:[2:INIT]    mode=FILTER   target=1 nr/ret=0 allow=1
[seccomp] ts=28340199764715 pid=91670 tgid=91670 comm=runc:[2:INIT]    mode=FILTER   target=1 nr/ret=-1 allow=0
[seccomp] ts=28340199764715 pid=91670 tgid=91670 comm=runc:[2:INIT]    mode=FILTER   target=1 nr/ret=0 allow=1
[seccomp] ts=28340199766465 pid=91670 tgid=91670 comm=runc:[2:INIT]    mode=FILTER   target=1 nr/ret=-1 allow=0
[seccomp] ts=28340199766465 pid=91670 tgid=91670 comm=runc:[2:INIT]    mode=FILTER   target=1 nr/ret=0 allow=1
[seccomp] ts=28340199768299 pid=91670 tgid=91670 comm=runc:[2:INIT]    mode=FILTER   target=1 nr/ret=-1 allow=0
[seccomp] ts=28340199768299 pid=91670 tgid=91670 comm=runc:[2:INIT]    mode=FILTER   target=1 nr/ret=0 allow=1
[seccomp] ts=28340199770715 pid=91670 tgid=91670 comm=runc:[2:INIT]    mode=FILTER   target=1 nr/ret=-1 allow=0
[seccomp] ts=28340199770715 pid=91670 tgid=91670 comm=runc:[2:INIT]    mode=FILTER   target=1 nr/ret=0 allow=1
[seccomp] ts=28340199773132 pid=91670 tgid=91670 comm=runc:[2:INIT]    mode=FILTER   target=1 nr/ret=-1 allow=0
[seccomp] ts=28340199773132 pid=91670 tgid=91670 comm=runc:[2:INIT]    mode=FILTER   target=1 nr/ret=0 allow=1
[seccomp] ts=28340199775674 pid=91670 tgid=91670 comm=runc:[2:INIT]    mode=FILTER   target=1 nr/ret=-1 allow=0
[seccomp] ts=28340199775674 pid=91670 tgid=91670 comm=runc:[2:INIT]    mode=FILTER   target=1 nr/ret=0 allow=1
[seccomp] ts=28340199781674 pid=91670 tgid=91670 comm=runc:[2:INIT]    mode=FILTER   target=1 nr/ret=-1 allow=0
[seccomp] ts=28340199781674 pid=91670 tgid=91670 comm=runc:[2:INIT]    mode=FILTER   target=1 nr/ret=0 allow=1
[seccomp] ts=28340199785465 pid=91670 tgid=91670 comm=runc:[2:INIT]    mode=FILTER   target=1 nr/ret=-1 allow=0
[seccomp] ts=28340199785465 pid=91670 tgid=91670 comm=runc:[2:INIT]    mode=FILTER   target=1 nr/ret=0 allow=1
[seccomp] ts=28340199830299 pid=91670 tgid=91670 comm=runc:[2:INIT]    mode=FILTER   target=1 nr/ret=-1 allow=0
[seccomp] ts=28340199830299 pid=91670 tgid=91670 comm=runc:[2:INIT]    mode=FILTER   target=1 nr/ret=0 allow=1
[seccomp] ts=28340199839174 pid=91670 tgid=91670 comm=runc:[2:INIT]    mode=FILTER   target=1 nr/ret=-1 allow=0
[seccomp] ts=28340199839174 pid=91670 tgid=91670 comm=runc:[2:INIT]    mode=FILTER   target=1 nr/ret=0 allow=1
[seccomp] ts=28340199841340 pid=91670 tgid=91670 comm=runc:[2:INIT]    mode=FILTER   target=1 nr/ret=-1 allow=0
[seccomp] ts=28340199841340 pid=91670 tgid=91670 comm=runc:[2:INIT]    mode=FILTER   target=1 nr/ret=0 allow=1
[seccomp] ts=28340199843174 pid=91670 tgid=91670 comm=runc:[2:INIT]    mode=FILTER   target=1 nr/ret=-1 allow=0
[seccomp] ts=28340199843174 pid=91670 tgid=91670 comm=runc:[2:INIT]    mode=FILTER   target=1 nr/ret=0 allow=1
[seccomp] ts=28340199849049 pid=91670 tgid=91670 comm=runc:[2:INIT]    mode=FILTER   target=1 nr/ret=-1 allow=0
[seccomp] ts=28340199849049 pid=91670 tgid=91670 comm=runc:[2:INIT]    mode=FILTER   target=1 nr/ret=0 allow=1
[seccomp] ts=28340199892840 pid=91670 tgid=91670 comm=runc:[2:INIT]    mode=FILTER   target=1 nr/ret=-1 allow=0
[seccomp] ts=28340199892840 pid=91670 tgid=91670 comm=runc:[2:INIT]    mode=FILTER   target=1 nr/ret=0 allow=1
[seccomp] ts=28340200051257 pid=91670 tgid=91670 comm=runc:[2:INIT]    mode=FILTER   target=1 nr/ret=-1 allow=0
[seccomp] ts=28340200051257 pid=91670 tgid=91670 comm=runc:[2:INIT]    mode=FILTER   target=1 nr/ret=0 allow=1
[seccomp] ts=28340200066090 pid=91670 tgid=91670 comm=runc:[2:INIT]    mode=FILTER   target=1 nr/ret=-1 allow=0
[seccomp] ts=28340200066090 pid=91670 tgid=91670 comm=runc:[2:INIT]    mode=FILTER   target=1 nr/ret=0 allow=1
[seccomp] ts=28340200069590 pid=91670 tgid=91670 comm=runc:[2:INIT]    mode=FILTER   target=1 nr/ret=-1 allow=0
[seccomp] ts=28340200069590 pid=91670 tgid=91670 comm=runc:[2:INIT]    mode=FILTER   target=1 nr/ret=0 allow=1
[seccomp] ts=28340200073007 pid=91670 tgid=91670 comm=runc:[2:INIT]    mode=FILTER   target=1 nr/ret=-1 allow=0
[seccomp] ts=28340200073007 pid=91670 tgid=91670 comm=runc:[2:INIT]    mode=FILTER   target=1 nr/ret=0 allow=1
[seccomp] ts=28340200083215 pid=91670 tgid=91670 comm=runc:[2:INIT]    mode=FILTER   target=1 nr/ret=-1 allow=0
[seccomp] ts=28340200083215 pid=91670 tgid=91670 comm=runc:[2:INIT]    mode=FILTER   target=1 nr/ret=0 allow=1
[seccomp] ts=28340201068340 pid=91670 tgid=91670 comm=redis-cli        mode=FILTER   target=1 nr/ret=-1 allow=0
[seccomp] ts=28340201068340 pid=91670 tgid=91670 comm=redis-cli        mode=FILTER   target=1 nr/ret=0 allow=1
[seccomp] ts=28340201128007 pid=91670 tgid=91670 comm=redis-cli        mode=FILTER   target=1 nr/ret=-1 allow=0
[seccomp] ts=28340201128007 pid=91670 tgid=91670 comm=redis-cli        mode=FILTER   target=1 nr/ret=0 allow=1
[seccomp] ts=28340201238340 pid=91670 tgid=91670 comm=redis-cli        mode=FILTER   target=1 nr/ret=-1 allow=0
[seccomp] ts=28340201238340 pid=91670 tgid=91670 comm=redis-cli        mode=FILTER   target=1 nr/ret=0 allow=1
[seccomp] ts=28340201251965 pid=91670 tgid=91670 comm=redis-cli        mode=FILTER   target=1 nr/ret=-1 allow=0
[seccomp] ts=28340201251965 pid=91670 tgid=91670 comm=redis-cli        mode=FILTER   target=1 nr/ret=0 allow=1
[seccomp] ts=28340201384465 pid=91670 tgid=91670 comm=redis-cli        mode=FILTER   target=1 nr/ret=-1 allow=0
[seccomp] ts=28340201384465 pid=91670 tgid=91670 comm=redis-cli        mode=FILTER   target=1 nr/ret=0 allow=1
[seccomp] ts=28340201430924 pid=91670 tgid=91670 comm=redis-cli        mode=FILTER   target=1 nr/ret=-1 allow=0
[seccomp] ts=28340201430924 pid=91670 tgid=91670 comm=redis-cli        mode=FILTER   target=1 nr/ret=0 allow=1
[seccomp] ts=28340201477465 pid=91670 tgid=91670 comm=redis-cli        mode=FILTER   target=1 nr/ret=-1 allow=0
[seccomp] ts=28340201477465 pid=91670 tgid=91670 comm=redis-cli        mode=FILTER   target=1 nr/ret=0 allow=1
[seccomp] ts=28340201482757 pid=91670 tgid=91670 comm=redis-cli        mode=FILTER   target=1 nr/ret=-1 allow=0
[seccomp] ts=28340201482757 pid=91670 tgid=91670 comm=redis-cli        mode=FILTER   target=1 nr/ret=0 allow=1
[seccomp] ts=28340201489340 pid=91670 tgid=91670 comm=redis-cli        mode=FILTER   target=1 nr/ret=-1 allow=0
[seccomp] ts=28340201489340 pid=91670 tgid=91670 comm=redis-cli        mode=FILTER   target=1 nr/ret=0 allow=1
[seccomp] ts=28340201492007 pid=91670 tgid=91670 comm=redis-cli        mode=FILTER   target=1 nr/ret=-1 allow=0
[seccomp] ts=28340201492007 pid=91670 tgid=91670 comm=redis-cli        mode=FILTER   target=1 nr/ret=0 allow=1
[seccomp] ts=28340201494215 pid=91670 tgid=91670 comm=redis-cli        mode=FILTER   target=1 nr/ret=-1 allow=0
[seccomp] ts=28340201494215 pid=91670 tgid=91670 comm=redis-cli        mode=FILTER   target=1 nr/ret=0 allow=1
[seccomp] ts=28340201498549 pid=91670 tgid=91670 comm=redis-cli        mode=FILTER   target=1 nr/ret=-1 allow=0
[seccomp] ts=28340201498549 pid=91670 tgid=91670 comm=redis-cli        mode=FILTER   target=1 nr/ret=0 allow=1
[seccomp] ts=28340201504840 pid=91670 tgid=91670 comm=redis-cli        mode=FILTER   target=1 nr/ret=-1 allow=0
[seccomp] ts=28340201504840 pid=91670 tgid=91670 comm=redis-cli        mode=FILTER   target=1 nr/ret=0 allow=1
[seccomp] ts=28340201518965 pid=91670 tgid=91670 comm=redis-cli        mode=FILTER   target=1 nr/ret=-1 allow=0
[seccomp] ts=28340201518965 pid=91670 tgid=91670 comm=redis-cli        mode=FILTER   target=1 nr/ret=0 allow=1
[seccomp] ts=28340201635340 pid=91670 tgid=91670 comm=redis-cli        mode=FILTER   target=1 nr/ret=-1 allow=0
[seccomp] ts=28340201635340 pid=91670 tgid=91670 comm=redis-cli        mode=FILTER   target=1 nr/ret=0 allow=1
[seccomp] ts=28340201639382 pid=91670 tgid=91670 comm=redis-cli        mode=FILTER   target=1 nr/ret=-1 allow=0
[seccomp] ts=28340201639382 pid=91670 tgid=91670 comm=redis-cli        mode=FILTER   target=1 nr/ret=0 allow=1
[seccomp] ts=28340201643840 pid=91670 tgid=91670 comm=redis-cli        mode=FILTER   target=1 nr/ret=-1 allow=0
[seccomp] ts=28340201643840 pid=91670 tgid=91670 comm=redis-cli        mode=FILTER   target=1 nr/ret=0 allow=1
[seccomp] ts=28340201648382 pid=91670 tgid=91670 comm=redis-cli        mode=FILTER   target=1 nr/ret=-1 allow=0
[seccomp] ts=28340201648382 pid=91670 tgid=91670 comm=redis-cli        mode=FILTER   target=1 nr/ret=0 allow=1
[seccomp] ts=28340201729049 pid=91670 tgid=91670 comm=redis-cli        mode=FILTER   target=1 nr/ret=-1 allow=0
[seccomp] ts=28340201729049 pid=91670 tgid=91670 comm=redis-cli        mode=FILTER   target=1 nr/ret=0 allow=1
[seccomp] ts=28340201803507 pid=91670 tgid=91670 comm=redis-cli        mode=FILTER   target=1 nr/ret=-1 allow=0
[seccomp] ts=28340201803507 pid=91670 tgid=91670 comm=redis-cli        mode=FILTER   target=1 nr/ret=0 allow=1
[seccomp] ts=28340201808507 pid=91670 tgid=91670 comm=redis-cli        mode=FILTER   target=1 nr/ret=-1 allow=0
[seccomp] ts=28340201808507 pid=91670 tgid=91670 comm=redis-cli        mode=FILTER   target=1 nr/ret=0 allow=1
[seccomp] ts=28340201815924 pid=91670 tgid=91670 comm=redis-cli        mode=FILTER   target=1 nr/ret=-1 allow=0
[seccomp] ts=28340201815924 pid=91670 tgid=91670 comm=redis-cli        mode=FILTER   target=1 nr/ret=0 allow=1
[seccomp] ts=28340201863882 pid=91670 tgid=91670 comm=redis-cli        mode=FILTER   target=1 nr/ret=-1 allow=0
[seccomp] ts=28340201863882 pid=91670 tgid=91670 comm=redis-cli        mode=FILTER   target=1 nr/ret=0 allow=1
[seccomp] ts=28340201871215 pid=91670 tgid=91670 comm=redis-cli        mode=FILTER   target=1 nr/ret=-1 allow=0
[seccomp] ts=28340201871215 pid=91670 tgid=91670 comm=redis-cli        mode=FILTER   target=1 nr/ret=0 allow=1
[seccomp] ts=28340201891090 pid=91670 tgid=91670 comm=redis-cli        mode=FILTER   target=1 nr/ret=-1 allow=0
[seccomp] ts=28340201891090 pid=91670 tgid=91670 comm=redis-cli        mode=FILTER   target=1 nr/ret=0 allow=1
[seccomp] ts=28340202140174 pid=91670 tgid=91670 comm=redis-cli        mode=FILTER   target=1 nr/ret=-1 allow=0
[seccomp] ts=28340202140174 pid=91670 tgid=91670 comm=redis-cli        mode=FILTER   target=1 nr/ret=0 allow=1
[seccomp] ts=28340202507132 pid=91670 tgid=91670 comm=redis-cli        mode=FILTER   target=1 nr/ret=-1 allow=0
[seccomp] ts=28340202507132 pid=91670 tgid=91670 comm=redis-cli        mode=FILTER   target=1 nr/ret=0 allow=1
[seccomp] ts=28340202536424 pid=91670 tgid=91670 comm=redis-cli        mode=FILTER   target=1 nr/ret=-1 allow=0
[seccomp] ts=28340202536424 pid=91670 tgid=91670 comm=redis-cli        mode=FILTER   target=1 nr/ret=0 allow=1
[seccomp] ts=28340202669299 pid=91670 tgid=91670 comm=redis-cli        mode=FILTER   target=1 nr/ret=-1 allow=0
[seccomp] ts=28340202669299 pid=91670 tgid=91670 comm=redis-cli        mode=FILTER   target=1 nr/ret=0 allow=1
[seccomp] ts=28340202694924 pid=91670 tgid=91670 comm=redis-cli        mode=FILTER   target=1 nr/ret=-1 allow=0
[seccomp] ts=28340202694924 pid=91670 tgid=91670 comm=redis-cli        mode=FILTER   target=1 nr/ret=0 allow=1
[seccomp] ts=28340202736007 pid=91670 tgid=91670 comm=redis-cli        mode=FILTER   target=1 nr/ret=-1 allow=0
[seccomp] ts=28340202736007 pid=91670 tgid=91670 comm=redis-cli        mode=FILTER   target=1 nr/ret=0 allow=1
[seccomp] ts=28340202769674 pid=91670 tgid=91670 comm=redis-cli        mode=FILTER   target=1 nr/ret=-1 allow=0
[seccomp] ts=28340202769674 pid=91670 tgid=91670 comm=redis-cli        mode=FILTER   target=1 nr/ret=0 allow=1
[seccomp] ts=28340202793007 pid=91670 tgid=91670 comm=redis-cli        mode=FILTER   target=1 nr/ret=-1 allow=0
[seccomp] ts=28340202793007 pid=91670 tgid=91670 comm=redis-cli        mode=FILTER   target=1 nr/ret=0 allow=1
[seccomp] ts=28340202836007 pid=91670 tgid=91670 comm=redis-cli        mode=FILTER   target=1 nr/ret=-1 allow=0
[seccomp] ts=28340202836007 pid=91670 tgid=91670 comm=redis-cli        mode=FILTER   target=1 nr/ret=0 allow=1
[seccomp] ts=28340202862965 pid=91670 tgid=91670 comm=redis-cli        mode=FILTER   target=1 nr/ret=-1 allow=0
[seccomp] ts=28340202862965 pid=91670 tgid=91670 comm=redis-cli        mode=FILTER   target=1 nr/ret=0 allow=1
[seccomp] ts=28340202873299 pid=91670 tgid=91670 comm=redis-cli        mode=FILTER   target=1 nr/ret=-1 allow=0
[seccomp] ts=28340202873299 pid=91670 tgid=91670 comm=redis-cli        mode=FILTER   target=1 nr/ret=0 allow=1
[seccomp] ts=28340202894382 pid=91670 tgid=91670 comm=redis-cli        mode=FILTER   target=1 nr/ret=-1 allow=0
[seccomp] ts=28340202894382 pid=91670 tgid=91670 comm=redis-cli        mode=FILTER   target=1 nr/ret=0 allow=1
[seccomp] ts=28340202896340 pid=91670 tgid=91670 comm=redis-cli        mode=FILTER   target=1 nr/ret=-1 allow=0
[seccomp] ts=28340202896340 pid=91670 tgid=91670 comm=redis-cli        mode=FILTER   target=1 nr/ret=0 allow=1
[seccomp] ts=28340202903924 pid=91670 tgid=91670 comm=redis-cli        mode=FILTER   target=1 nr/ret=-1 allow=0
[seccomp] ts=28340202903924 pid=91670 tgid=91670 comm=redis-cli        mode=FILTER   target=1 nr/ret=0 allow=1
[seccomp] ts=28340202907424 pid=91670 tgid=91670 comm=redis-cli        mode=FILTER   target=1 nr/ret=-1 allow=0
[seccomp] ts=28340202907424 pid=91670 tgid=91670 comm=redis-cli        mode=FILTER   target=1 nr/ret=0 allow=1
[seccomp] ts=28340202910549 pid=91670 tgid=91670 comm=redis-cli        mode=FILTER   target=1 nr/ret=-1 allow=0
[seccomp] ts=28340202910549 pid=91670 tgid=91670 comm=redis-cli        mode=FILTER   target=1 nr/ret=0 allow=1
[seccomp] ts=28340202913882 pid=91670 tgid=91670 comm=redis-cli        mode=FILTER   target=1 nr/ret=-1 allow=0
[seccomp] ts=28340202913882 pid=91670 tgid=91670 comm=redis-cli        mode=FILTER   target=1 nr/ret=0 allow=1
[seccomp] ts=28340202918090 pid=91670 tgid=91670 comm=redis-cli        mode=FILTER   target=1 nr/ret=-1 allow=0
[seccomp] ts=28340202918090 pid=91670 tgid=91670 comm=redis-cli        mode=FILTER   target=1 nr/ret=0 allow=1
[seccomp] ts=28340202950590 pid=91670 tgid=91670 comm=redis-cli        mode=FILTER   target=1 nr/ret=-1 allow=0
[seccomp] ts=28340202950590 pid=91670 tgid=91670 comm=redis-cli        mode=FILTER   target=1 nr/ret=0 allow=1
[seccomp] ts=28340203070299 pid=91670 tgid=91670 comm=redis-cli        mode=FILTER   target=1 nr/ret=-1 allow=0
[seccomp] ts=28340203070299 pid=91670 tgid=91670 comm=redis-cli        mode=FILTER   target=1 nr/ret=0 allow=1
[seccomp] ts=28340203140715 pid=91670 tgid=91670 comm=redis-cli        mode=FILTER   target=1 nr/ret=-1 allow=0
[seccomp] ts=28340203140715 pid=91670 tgid=91670 comm=redis-cli        mode=FILTER   target=1 nr/ret=0 allow=1
[seccomp] ts=28340203337715 pid=91670 tgid=91670 comm=redis-cli        mode=FILTER   target=1 nr/ret=-1 allow=0
[seccomp] ts=28340203337715 pid=91670 tgid=91670 comm=redis-cli        mode=FILTER   target=1 nr/ret=0 allow=1
[seccomp] ts=28340203379382 pid=91670 tgid=91670 comm=redis-cli        mode=FILTER   target=1 nr/ret=-1 allow=0
[seccomp] ts=28340203379382 pid=91670 tgid=91670 comm=redis-cli        mode=FILTER   target=1 nr/ret=0 allow=1
[seccomp] ts=28340203388090 pid=91670 tgid=91670 comm=redis-cli        mode=FILTER   target=1 nr/ret=-1 allow=0
[seccomp] ts=28340203388090 pid=91670 tgid=91670 comm=redis-cli        mode=FILTER   target=1 nr/ret=0 allow=1
[seccomp] ts=28340203428924 pid=91670 tgid=91670 comm=redis-cli        mode=FILTER   target=1 nr/ret=-1 allow=0
[seccomp] ts=28340203428924 pid=91670 tgid=91670 comm=redis-cli        mode=FILTER   target=1 nr/ret=0 allow=1
[seccomp] ts=28340203465840 pid=91670 tgid=91670 comm=redis-cli        mode=FILTER   target=1 nr/ret=-1 allow=0
[seccomp] ts=28340203465840 pid=91670 tgid=91670 comm=redis-cli        mode=FILTER   target=1 nr/ret=0 allow=1
[seccomp] ts=28340203500215 pid=91670 tgid=91670 comm=redis-cli        mode=FILTER   target=1 nr/ret=-1 allow=0
[seccomp] ts=28340203500215 pid=91670 tgid=91670 comm=redis-cli        mode=FILTER   target=1 nr/ret=0 allow=1
[seccomp] ts=28340203502049 pid=91670 tgid=91670 comm=redis-cli        mode=FILTER   target=1 nr/ret=-1 allow=0
[seccomp] ts=28340203502049 pid=91670 tgid=91670 comm=redis-cli        mode=FILTER   target=1 nr/ret=0 allow=1
[seccomp] ts=28340203624340 pid=91670 tgid=91670 comm=redis-cli        mode=FILTER   target=1 nr/ret=-1 allow=0
[seccomp] ts=28340203624340 pid=91670 tgid=91670 comm=redis-cli        mode=FILTER   target=1 nr/ret=0 allow=1
[seccomp] ts=28340203649299 pid=91670 tgid=91670 comm=redis-cli        mode=FILTER   target=1 nr/ret=-1 allow=0
[seccomp] ts=28340203649299 pid=91670 tgid=91670 comm=redis-cli        mode=FILTER   target=1 nr/ret=0 allow=1
[seccomp] ts=28340203651507 pid=91670 tgid=91670 comm=redis-cli        mode=FILTER   target=1 nr/ret=-1 allow=0
[seccomp] ts=28340203651507 pid=91670 tgid=91670 comm=redis-cli        mode=FILTER   target=1 nr/ret=0 allow=1
[seccomp] ts=28340203660174 pid=91670 tgid=91670 comm=redis-cli        mode=FILTER   target=1 nr/ret=-1 allow=0
[seccomp] ts=28340203660174 pid=91670 tgid=91670 comm=redis-cli        mode=FILTER   target=1 nr/ret=0 allow=1
[seccomp] ts=28340203661382 pid=91670 tgid=91670 comm=redis-cli        mode=FILTER   target=1 nr/ret=-1 allow=0
[seccomp] ts=28340203661382 pid=91670 tgid=91670 comm=redis-cli        mode=FILTER   target=1 nr/ret=0 allow=1
[seccomp] ts=28340203663757 pid=91670 tgid=91670 comm=redis-cli        mode=FILTER   target=1 nr/ret=-1 allow=0
[seccomp] ts=28340203663757 pid=91670 tgid=91670 comm=redis-cli        mode=FILTER   target=1 nr/ret=0 allow=1
[seccomp] ts=28340203665757 pid=649 tgid=649 comm=redis-server     mode=FILTER   target=1 nr/ret=-1 allow=0
[seccomp] ts=28340203667507 pid=91670 tgid=91670 comm=redis-cli        mode=FILTER   target=1 nr/ret=-1 allow=0
[seccomp] ts=28340203667507 pid=91670 tgid=91670 comm=redis-cli        mode=FILTER   target=1 nr/ret=0 allow=1
[seccomp] ts=28340203669549 pid=91670 tgid=91670 comm=redis-cli        mode=FILTER   target=1 nr/ret=-1 allow=0
[seccomp] ts=28340203665757 pid=649 tgid=649 comm=redis-server     mode=FILTER   target=1 nr/ret=0 allow=1
[seccomp] ts=28340203669549 pid=91670 tgid=91670 comm=redis-cli        mode=FILTER   target=1 nr/ret=0 allow=1
[seccomp] ts=28340203671007 pid=91670 tgid=91670 comm=redis-cli        mode=FILTER   target=1 nr/ret=-1 allow=0
[seccomp] ts=28340203671007 pid=91670 tgid=91670 comm=redis-cli        mode=FILTER   target=1 nr/ret=0 allow=1
[seccomp] ts=28340203679507 pid=91670 tgid=91670 comm=redis-cli        mode=FILTER   target=1 nr/ret=-1 allow=0
[seccomp] ts=28340203686507 pid=649 tgid=649 comm=redis-server     mode=FILTER   target=1 nr/ret=-1 allow=0
[seccomp] ts=28340203686507 pid=649 tgid=649 comm=redis-server     mode=FILTER   target=1 nr/ret=0 allow=1
[seccomp] ts=28340203688882 pid=649 tgid=649 comm=redis-server     mode=FILTER   target=1 nr/ret=-1 allow=0
[seccomp] ts=28340203688882 pid=649 tgid=649 comm=redis-server     mode=FILTER   target=1 nr/ret=0 allow=1
[seccomp] ts=28340203690965 pid=649 tgid=649 comm=redis-server     mode=FILTER   target=1 nr/ret=-1 allow=0
[seccomp] ts=28340203690965 pid=649 tgid=649 comm=redis-server     mode=FILTER   target=1 nr/ret=0 allow=1
[seccomp] ts=28340203692632 pid=649 tgid=649 comm=redis-server     mode=FILTER   target=1 nr/ret=-1 allow=0
[seccomp] ts=28340203692632 pid=649 tgid=649 comm=redis-server     mode=FILTER   target=1 nr/ret=0 allow=1
[seccomp] ts=28340203693715 pid=649 tgid=649 comm=redis-server     mode=FILTER   target=1 nr/ret=-1 allow=0
[seccomp] ts=28340203693715 pid=649 tgid=649 comm=redis-server     mode=FILTER   target=1 nr/ret=0 allow=1
[seccomp] ts=28340203695632 pid=649 tgid=649 comm=redis-server     mode=FILTER   target=1 nr/ret=-1 allow=0
[seccomp] ts=28340203695632 pid=649 tgid=649 comm=redis-server     mode=FILTER   target=1 nr/ret=0 allow=1
[seccomp] ts=28340203679507 pid=91670 tgid=91670 comm=redis-cli        mode=FILTER   target=1 nr/ret=0 allow=1
[seccomp] ts=28340203710090 pid=649 tgid=649 comm=redis-server     mode=FILTER   target=1 nr/ret=-1 allow=0
[seccomp] ts=28340203710090 pid=649 tgid=649 comm=redis-server     mode=FILTER   target=1 nr/ret=0 allow=1
[seccomp] ts=28340203718465 pid=91670 tgid=91670 comm=redis-cli        mode=FILTER   target=1 nr/ret=-1 allow=0
[seccomp] ts=28340203718465 pid=91670 tgid=91670 comm=redis-cli        mode=FILTER   target=1 nr/ret=0 allow=1
[seccomp] ts=28340203724215 pid=649 tgid=649 comm=redis-server     mode=FILTER   target=1 nr/ret=-1 allow=0
[seccomp] ts=28340203724215 pid=649 tgid=649 comm=redis-server     mode=FILTER   target=1 nr/ret=0 allow=1
[seccomp] ts=28340203728132 pid=649 tgid=649 comm=redis-server     mode=FILTER   target=1 nr/ret=-1 allow=0
[seccomp] ts=28340203728132 pid=649 tgid=649 comm=redis-server     mode=FILTER   target=1 nr/ret=0 allow=1
[seccomp] ts=28340203806757 pid=649 tgid=649 comm=redis-server     mode=FILTER   target=1 nr/ret=-1 allow=0
[seccomp] ts=28340203806757 pid=649 tgid=649 comm=redis-server     mode=FILTER   target=1 nr/ret=0 allow=1
[seccomp] ts=28340203850882 pid=649 tgid=649 comm=redis-server     mode=FILTER   target=1 nr/ret=-1 allow=0
[seccomp] ts=28340203850882 pid=649 tgid=649 comm=redis-server     mode=FILTER   target=1 nr/ret=0 allow=1
[seccomp] ts=28340203880549 pid=91670 tgid=91670 comm=redis-cli        mode=FILTER   target=1 nr/ret=-1 allow=0
[seccomp] ts=28340203880549 pid=91670 tgid=91670 comm=redis-cli        mode=FILTER   target=1 nr/ret=0 allow=1
[seccomp] ts=28340203902965 pid=91670 tgid=91670 comm=redis-cli        mode=FILTER   target=1 nr/ret=-1 allow=0
[seccomp] ts=28340203902965 pid=91670 tgid=91670 comm=redis-cli        mode=FILTER   target=1 nr/ret=0 allow=1
[seccomp] ts=28340203920840 pid=649 tgid=649 comm=redis-server     mode=FILTER   target=1 nr/ret=-1 allow=0
[seccomp] ts=28340203920840 pid=649 tgid=649 comm=redis-server     mode=FILTER   target=1 nr/ret=0 allow=1
[seccomp] ts=28340203954465 pid=649 tgid=649 comm=redis-server     mode=FILTER   target=1 nr/ret=-1 allow=0
[seccomp] ts=28340203954465 pid=649 tgid=649 comm=redis-server     mode=FILTER   target=1 nr/ret=0 allow=1
[seccomp] ts=28340203975965 pid=649 tgid=649 comm=redis-server     mode=FILTER   target=1 nr/ret=-1 allow=0
[seccomp] ts=28340203975965 pid=649 tgid=649 comm=redis-server     mode=FILTER   target=1 nr/ret=0 allow=1
[seccomp] ts=28340203994507 pid=91670 tgid=91670 comm=redis-cli        mode=FILTER   target=1 nr/ret=-1 allow=0
[seccomp] ts=28340203994507 pid=91670 tgid=91670 comm=redis-cli        mode=FILTER   target=1 nr/ret=0 allow=1
[seccomp] ts=28340203997840 pid=91670 tgid=91670 comm=redis-cli        mode=FILTER   target=1 nr/ret=-1 allow=0
[seccomp] ts=28340203997840 pid=91670 tgid=91670 comm=redis-cli        mode=FILTER   target=1 nr/ret=0 allow=1
[seccomp] ts=28340204034215 pid=91670 tgid=91670 comm=redis-cli        mode=FILTER   target=1 nr/ret=-1 allow=0
[seccomp] ts=28340204034215 pid=91670 tgid=91670 comm=redis-cli        mode=FILTER   target=1 nr/ret=0 allow=1
[seccomp] ts=28340204299132 pid=649 tgid=649 comm=redis-server     mode=FILTER   target=1 nr/ret=-1 allow=0
[seccomp] ts=28340204299132 pid=649 tgid=649 comm=redis-server     mode=FILTER   target=1 nr/ret=0 allow=1
[seccomp] ts=28340204378757 pid=649 tgid=649 comm=redis-server     mode=FILTER   target=1 nr/ret=-1 allow=0
[seccomp] ts=28340204378757 pid=649 tgid=649 comm=redis-server     mode=FILTER   target=1 nr/ret=0 allow=1
[seccomp] ts=28340204383757 pid=649 tgid=649 comm=redis-server     mode=FILTER   target=1 nr/ret=-1 allow=0
[seccomp] ts=28340204383757 pid=649 tgid=649 comm=redis-server     mode=FILTER   target=1 nr/ret=0 allow=1
[seccomp] ts=28340204417049 pid=649 tgid=649 comm=redis-server     mode=FILTER   target=1 nr/ret=-1 allow=0
[seccomp] ts=28340204417049 pid=649 tgid=649 comm=redis-server     mode=FILTER   target=1 nr/ret=0 allow=1
[seccomp] ts=28340211476882 pid=649 tgid=649 comm=redis-server     mode=FILTER   target=1 nr/ret=-1 allow=0
[seccomp] ts=28340211476882 pid=649 tgid=649 comm=redis-server     mode=FILTER   target=1 nr/ret=0 allow=1
[seccomp] ts=28340211519882 pid=649 tgid=649 comm=redis-server     mode=FILTER   target=1 nr/ret=-1 allow=0
[seccomp] ts=28340211519882 pid=649 tgid=649 comm=redis-server     mode=FILTER   target=1 nr/ret=0 allow=1
[seccomp] ts=28340211548215 pid=649 tgid=649 comm=redis-server     mode=FILTER   target=1 nr/ret=-1 allow=0
[seccomp] ts=28340211548215 pid=649 tgid=649 comm=redis-server     mode=FILTER   target=1 nr/ret=0 allow=1
[seccomp] ts=28340211929090 pid=649 tgid=649 comm=redis-server     mode=FILTER   target=1 nr/ret=-1 allow=0
[seccomp] ts=28340211929090 pid=649 tgid=649 comm=redis-server     mode=FILTER   target=1 nr/ret=0 allow=1
[seccomp] ts=28340316443799 pid=649 tgid=649 comm=redis-server     mode=FILTER   target=1 nr/ret=-1 allow=0
[seccomp] ts=28340316443799 pid=649 tgid=649 comm=redis-server     mode=FILTER   target=1 nr/ret=0 allow=1
[seccomp] ts=28340316577882 pid=649 tgid=649 comm=redis-server     mode=FILTER   target=1 nr/ret=-1 allow=0
[seccomp] ts=28340316577882 pid=649 tgid=649 comm=redis-server     mode=FILTER   target=1 nr/ret=0 allow=1
[seccomp] ts=28340316617132 pid=649 tgid=649 comm=redis-server     mode=FILTER   target=1 nr/ret=-1 allow=0
[seccomp] ts=28340316617132 pid=649 tgid=649 comm=redis-server     mode=FILTER   target=1 nr/ret=0 allow=1
[seccomp] ts=28340317037715 pid=649 tgid=649 comm=redis-server     mode=FILTER   target=1 nr/ret=-1 allow=0
[seccomp] ts=28340317037715 pid=649 tgid=649 comm=redis-server     mode=FILTER   target=1 nr/ret=0 allow=1
[seccomp] ts=28340419705465 pid=649 tgid=649 comm=redis-server     mode=FILTER   target=1 nr/ret=-1 allow=0
[seccomp] ts=28340419705465 pid=649 tgid=649 comm=redis-server     mode=FILTER   target=1 nr/ret=0 allow=1
[seccomp] ts=28340419855757 pid=649 tgid=649 comm=redis-server     mode=FILTER   target=1 nr/ret=-1 allow=0
[seccomp] ts=28340419855757 pid=649 tgid=649 comm=redis-server     mode=FILTER   target=1 nr/ret=0 allow=1
[seccomp] ts=28340419911507 pid=649 tgid=649 comm=redis-server     mode=FILTER   target=1 nr/ret=-1 allow=0
[seccomp] ts=28340419911507 pid=649 tgid=649 comm=redis-server     mode=FILTER   target=1 nr/ret=0 allow=1
[seccomp] ts=28340420466507 pid=649 tgid=649 comm=redis-server     mode=FILTER   target=1 nr/ret=-1 allow=0
[seccomp] ts=28340420466507 pid=649 tgid=649 comm=redis-server     mode=FILTER   target=1 nr/ret=0 allow=1
[seccomp] ts=28340521099549 pid=649 tgid=649 comm=redis-server     mode=FILTER   target=1 nr/ret=-1 allow=0
[seccomp] ts=28340521099549 pid=649 tgid=649 comm=redis-server     mode=FILTER   target=1 nr/ret=0 allow=1
[seccomp] ts=28340521203924 pid=649 tgid=649 comm=redis-server     mode=FILTER   target=1 nr/ret=-1 allow=0
[seccomp] ts=28340521203924 pid=649 tgid=649 comm=redis-server     mode=FILTER   target=1 nr/ret=0 allow=1
[seccomp] ts=28340521255215 pid=649 tgid=649 comm=redis-server     mode=FILTER   target=1 nr/ret=-1 allow=0
[seccomp] ts=28340521255215 pid=649 tgid=649 comm=redis-server     mode=FILTER   target=1 nr/ret=0 allow=1
[seccomp] ts=28340521744257 pid=649 tgid=649 comm=redis-server     mode=FILTER   target=1 nr/ret=-1 allow=0
[seccomp] ts=28340521744257 pid=649 tgid=649 comm=redis-server     mode=FILTER   target=1 nr/ret=0 allow=1
[seccomp] ts=28340537702757 pid=91676 tgid=91676 comm=python3          mode=FILTER   target=1 nr/ret=-1 allow=0
[seccomp] ts=28340537702757 pid=91676 tgid=91676 comm=python3          mode=FILTER   target=1 nr/ret=0 allow=1
[seccomp] ts=28340537728132 pid=91676 tgid=91676 comm=python3          mode=FILTER   target=1 nr/ret=-1 allow=0
[seccomp] ts=28340537728132 pid=91676 tgid=91676 comm=python3          mode=FILTER   target=1 nr/ret=0 allow=1
[seccomp] ts=28340537730174 pid=91676 tgid=91676 comm=python3          mode=FILTER   target=1 nr/ret=-1 allow=0
[seccomp] ts=28340537730174 pid=91676 tgid=91676 comm=python3          mode=FILTER   target=1 nr/ret=0 allow=1
[seccomp] ts=28340537731299 pid=91676 tgid=91676 comm=python3          mode=FILTER   target=1 nr/ret=-1 allow=0
[seccomp] ts=28340537731299 pid=91676 tgid=91676 comm=python3          mode=FILTER   target=1 nr/ret=0 allow=1
[seccomp] ts=28340537746049 pid=91676 tgid=91676 comm=python3          mode=FILTER   target=1 nr/ret=-1 allow=0
[seccomp] ts=28340537746049 pid=91676 tgid=91676 comm=python3          mode=FILTER   target=1 nr/ret=0 allow=1
[seccomp] ts=28340537748799 pid=91676 tgid=91676 comm=python3          mode=FILTER   target=1 nr/ret=-1 allow=0
[seccomp] ts=28340537748799 pid=91676 tgid=91676 comm=python3          mode=FILTER   target=1 nr/ret=0 allow=1
[seccomp] ts=28340537758715 pid=91676 tgid=91676 comm=python3          mode=FILTER   target=1 nr/ret=-1 allow=0
[seccomp] ts=28340537758715 pid=91676 tgid=91676 comm=python3          mode=FILTER   target=1 nr/ret=0 allow=1
[seccomp] ts=28340537793757 pid=91676 tgid=91676 comm=python3          mode=FILTER   target=1 nr/ret=-1 allow=0
[seccomp] ts=28340537793757 pid=91676 tgid=91676 comm=python3          mode=FILTER   target=1 nr/ret=0 allow=1
[seccomp] ts=28340537797715 pid=91676 tgid=91676 comm=python3          mode=FILTER   target=1 nr/ret=-1 allow=0
[seccomp] ts=28340537797715 pid=91676 tgid=91676 comm=python3          mode=FILTER   target=1 nr/ret=0 allow=1
[seccomp] ts=28340537887257 pid=91676 tgid=91676 comm=python3          mode=FILTER   target=1 nr/ret=-1 allow=0
[seccomp] ts=28340537887257 pid=91676 tgid=91676 comm=python3          mode=FILTER   target=1 nr/ret=0 allow=1
[seccomp] ts=28340537906924 pid=91676 tgid=91676 comm=python3          mode=FILTER   target=1 nr/ret=-1 allow=0
[seccomp] ts=28340537906924 pid=91676 tgid=91676 comm=python3          mode=FILTER   target=1 nr/ret=0 allow=1
[seccomp] ts=28340537917924 pid=91676 tgid=91676 comm=python3          mode=FILTER   target=1 nr/ret=-1 allow=0
[seccomp] ts=28340537917924 pid=91676 tgid=91676 comm=python3          mode=FILTER   target=1 nr/ret=0 allow=1
[seccomp] ts=28340537922299 pid=91676 tgid=91676 comm=python3          mode=FILTER   target=1 nr/ret=-1 allow=0
[seccomp] ts=28340537922299 pid=91676 tgid=91676 comm=python3          mode=FILTER   target=1 nr/ret=0 allow=1
[seccomp] ts=28340537926674 pid=91676 tgid=91676 comm=python3          mode=FILTER   target=1 nr/ret=-1 allow=0
[seccomp] ts=28340537926674 pid=91676 tgid=91676 comm=python3          mode=FILTER   target=1 nr/ret=0 allow=1
[seccomp] ts=28340537931632 pid=91676 tgid=91676 comm=python3          mode=FILTER   target=1 nr/ret=-1 allow=0
[seccomp] ts=28340537931632 pid=91676 tgid=91676 comm=python3          mode=FILTER   target=1 nr/ret=0 allow=1
[seccomp] ts=28340537958049 pid=91676 tgid=91676 comm=python3          mode=FILTER   target=1 nr/ret=-1 allow=0
[seccomp] ts=28340537958049 pid=91676 tgid=91676 comm=python3          mode=FILTER   target=1 nr/ret=0 allow=1
[seccomp] ts=28340537959965 pid=91676 tgid=91676 comm=python3          mode=FILTER   target=1 nr/ret=-1 allow=0
[seccomp] ts=28340537959965 pid=91676 tgid=91676 comm=python3          mode=FILTER   target=1 nr/ret=0 allow=1
[seccomp] ts=28340537963715 pid=91676 tgid=91676 comm=python3          mode=FILTER   target=1 nr/ret=-1 allow=0
[seccomp] ts=28340537963715 pid=91676 tgid=91676 comm=python3          mode=FILTER   target=1 nr/ret=0 allow=1
[seccomp] ts=28340537988799 pid=91676 tgid=91676 comm=python3          mode=FILTER   target=1 nr/ret=-1 allow=0
[seccomp] ts=28340537988799 pid=91676 tgid=91676 comm=python3          mode=FILTER   target=1 nr/ret=0 allow=1
[seccomp] ts=28340538041674 pid=91676 tgid=91676 comm=python3          mode=FILTER   target=1 nr/ret=-1 allow=0
[seccomp] ts=28340538041674 pid=91676 tgid=91676 comm=python3          mode=FILTER   target=1 nr/ret=0 allow=1
[seccomp] ts=28340538055549 pid=91676 tgid=91676 comm=python3          mode=FILTER   target=1 nr/ret=-1 allow=0
[seccomp] ts=28340538055549 pid=91676 tgid=91676 comm=python3          mode=FILTER   target=1 nr/ret=0 allow=1
[seccomp] ts=28340538098757 pid=91676 tgid=91676 comm=python3          mode=FILTER   target=1 nr/ret=-1 allow=0
[seccomp] ts=28340538098757 pid=91676 tgid=91676 comm=python3          mode=FILTER   target=1 nr/ret=0 allow=1
[seccomp] ts=28340538139299 pid=91676 tgid=91676 comm=python3          mode=FILTER   target=1 nr/ret=-1 allow=0
[seccomp] ts=28340538139299 pid=91676 tgid=91676 comm=python3          mode=FILTER   target=1 nr/ret=0 allow=1
[seccomp] ts=28340538181257 pid=91676 tgid=91676 comm=python3          mode=FILTER   target=1 nr/ret=-1 allow=0
[seccomp] ts=28340538181257 pid=91676 tgid=91676 comm=python3          mode=FILTER   target=1 nr/ret=0 allow=1
[seccomp] ts=28340538196340 pid=91676 tgid=91676 comm=python3          mode=FILTER   target=1 nr/ret=-1 allow=0
[seccomp] ts=28340538196340 pid=91676 tgid=91676 comm=python3          mode=FILTER   target=1 nr/ret=0 allow=1
[seccomp] ts=28340538206299 pid=91676 tgid=91676 comm=python3          mode=FILTER   target=1 nr/ret=-1 allow=0
[seccomp] ts=28340538206299 pid=91676 tgid=91676 comm=python3          mode=FILTER   target=1 nr/ret=0 allow=1
[seccomp] ts=28340538228507 pid=91676 tgid=91676 comm=python3          mode=FILTER   target=1 nr/ret=-1 allow=0
[seccomp] ts=28340538228507 pid=91676 tgid=91676 comm=python3          mode=FILTER   target=1 nr/ret=0 allow=1
[seccomp] ts=28340538262299 pid=91676 tgid=91676 comm=python3          mode=FILTER   target=1 nr/ret=-1 allow=0
[seccomp] ts=28340538262299 pid=91676 tgid=91676 comm=python3          mode=FILTER   target=1 nr/ret=0 allow=1
[seccomp] ts=28340538280382 pid=91676 tgid=91676 comm=python3          mode=FILTER   target=1 nr/ret=-1 allow=0
[seccomp] ts=28340538280382 pid=91676 tgid=91676 comm=python3          mode=FILTER   target=1 nr/ret=0 allow=1
[seccomp] ts=28340538286299 pid=91676 tgid=91676 comm=python3          mode=FILTER   target=1 nr/ret=-1 allow=0
[seccomp] ts=28340538286299 pid=91676 tgid=91676 comm=python3          mode=FILTER   target=1 nr/ret=0 allow=1
[seccomp] ts=28340538288049 pid=91676 tgid=91676 comm=python3          mode=FILTER   target=1 nr/ret=-1 allow=0
[seccomp] ts=28340538288049 pid=91676 tgid=91676 comm=python3          mode=FILTER   target=1 nr/ret=0 allow=1
[seccomp] ts=28340538290299 pid=91676 tgid=91676 comm=python3          mode=FILTER   target=1 nr/ret=-1 allow=0
[seccomp] ts=28340538290299 pid=91676 tgid=91676 comm=python3          mode=FILTER   target=1 nr/ret=0 allow=1
[seccomp] ts=28340538292340 pid=91676 tgid=91676 comm=python3          mode=FILTER   target=1 nr/ret=-1 allow=0
[seccomp] ts=28340538292340 pid=91676 tgid=91676 comm=python3          mode=FILTER   target=1 nr/ret=0 allow=1
[seccomp] ts=28340538293299 pid=91676 tgid=91676 comm=python3          mode=FILTER   target=1 nr/ret=-1 allow=0
[seccomp] ts=28340538293299 pid=91676 tgid=91676 comm=python3          mode=FILTER   target=1 nr/ret=0 allow=1
[seccomp] ts=28340538294715 pid=91676 tgid=91676 comm=python3          mode=FILTER   target=1 nr/ret=-1 allow=0
[seccomp] ts=28340538294715 pid=91676 tgid=91676 comm=python3          mode=FILTER   target=1 nr/ret=0 allow=1
[seccomp] ts=28340538298299 pid=91676 tgid=91676 comm=python3          mode=FILTER   target=1 nr/ret=-1 allow=0
[seccomp] ts=28340538298299 pid=91676 tgid=91676 comm=python3          mode=FILTER   target=1 nr/ret=0 allow=1
[seccomp] ts=28340538320465 pid=91676 tgid=91676 comm=python3          mode=FILTER   target=1 nr/ret=-1 allow=0
[seccomp] ts=28340538320465 pid=91676 tgid=91676 comm=python3          mode=FILTER   target=1 nr/ret=0 allow=1
[seccomp] ts=28340538340174 pid=91676 tgid=91676 comm=python3          mode=FILTER   target=1 nr/ret=-1 allow=0
[seccomp] ts=28340538340174 pid=91676 tgid=91676 comm=python3          mode=FILTER   target=1 nr/ret=0 allow=1
[seccomp] ts=28340538584965 pid=91676 tgid=91676 comm=python3          mode=FILTER   target=1 nr/ret=-1 allow=0
[seccomp] ts=28340538584965 pid=91676 tgid=91676 comm=python3          mode=FILTER   target=1 nr/ret=0 allow=1
[seccomp] ts=28340538621757 pid=91676 tgid=91676 comm=python3          mode=FILTER   target=1 nr/ret=-1 allow=0
[seccomp] ts=28340538621757 pid=91676 tgid=91676 comm=python3          mode=FILTER   target=1 nr/ret=0 allow=1
[seccomp] ts=28340538637132 pid=91676 tgid=91676 comm=python3          mode=FILTER   target=1 nr/ret=-1 allow=0
[seccomp] ts=28340538637132 pid=91676 tgid=91676 comm=python3          mode=FILTER   target=1 nr/ret=0 allow=1
[seccomp] ts=28340538646299 pid=91676 tgid=91676 comm=python3          mode=FILTER   target=1 nr/ret=-1 allow=0
[seccomp] ts=28340538646299 pid=91676 tgid=91676 comm=python3          mode=FILTER   target=1 nr/ret=0 allow=1
[seccomp] ts=28340538730465 pid=91676 tgid=91676 comm=python3          mode=FILTER   target=1 nr/ret=-1 allow=0
[seccomp] ts=28340538730465 pid=91676 tgid=91676 comm=python3          mode=FILTER   target=1 nr/ret=0 allow=1
[seccomp] ts=28340538821799 pid=91676 tgid=91676 comm=python3          mode=FILTER   target=1 nr/ret=-1 allow=0
[seccomp] ts=28340538821799 pid=91676 tgid=91676 comm=python3          mode=FILTER   target=1 nr/ret=0 allow=1
[seccomp] ts=28340538853674 pid=91676 tgid=91676 comm=python3          mode=FILTER   target=1 nr/ret=-1 allow=0
[seccomp] ts=28340538853674 pid=91676 tgid=91676 comm=python3          mode=FILTER   target=1 nr/ret=0 allow=1
[seccomp] ts=28340538861007 pid=91676 tgid=91676 comm=python3          mode=FILTER   target=1 nr/ret=-1 allow=0
[seccomp] ts=28340538861007 pid=91676 tgid=91676 comm=python3          mode=FILTER   target=1 nr/ret=0 allow=1
[seccomp] ts=28340538889340 pid=91676 tgid=91676 comm=python3          mode=FILTER   target=1 nr/ret=-1 allow=0
[seccomp] ts=28340538889340 pid=91676 tgid=91676 comm=python3          mode=FILTER   target=1 nr/ret=0 allow=1
[seccomp] ts=28340538905382 pid=91676 tgid=91676 comm=python3          mode=FILTER   target=1 nr/ret=-1 allow=0
[seccomp] ts=28340538905382 pid=91676 tgid=91676 comm=python3          mode=FILTER   target=1 nr/ret=0 allow=1
[seccomp] ts=28340538908590 pid=91676 tgid=91676 comm=python3          mode=FILTER   target=1 nr/ret=-1 allow=0
[seccomp] ts=28340538908590 pid=91676 tgid=91676 comm=python3          mode=FILTER   target=1 nr/ret=0 allow=1
[seccomp] ts=28340538909632 pid=91676 tgid=91676 comm=python3          mode=FILTER   target=1 nr/ret=-1 allow=0
[seccomp] ts=28340538909632 pid=91676 tgid=91676 comm=python3          mode=FILTER   target=1 nr/ret=0 allow=1
[seccomp] ts=28340538911299 pid=91676 tgid=91676 comm=python3          mode=FILTER   target=1 nr/ret=-1 allow=0
[seccomp] ts=28340538911299 pid=91676 tgid=91676 comm=python3          mode=FILTER   target=1 nr/ret=0 allow=1
[seccomp] ts=28340538916674 pid=91676 tgid=91676 comm=python3          mode=FILTER   target=1 nr/ret=-1 allow=0
[seccomp] ts=28340538916674 pid=91676 tgid=91676 comm=python3          mode=FILTER   target=1 nr/ret=0 allow=1
[seccomp] ts=28340538919965 pid=91676 tgid=91676 comm=python3          mode=FILTER   target=1 nr/ret=-1 allow=0
[seccomp] ts=28340538919965 pid=91676 tgid=91676 comm=python3          mode=FILTER   target=1 nr/ret=0 allow=1
[seccomp] ts=28340538997924 pid=91676 tgid=91676 comm=python3          mode=FILTER   target=1 nr/ret=-1 allow=0
[seccomp] ts=28340538997924 pid=91676 tgid=91676 comm=python3          mode=FILTER   target=1 nr/ret=0 allow=1
[seccomp] ts=28340539028924 pid=91676 tgid=91676 comm=python3          mode=FILTER   target=1 nr/ret=-1 allow=0
[seccomp] ts=28340539028924 pid=91676 tgid=91676 comm=python3          mode=FILTER   target=1 nr/ret=0 allow=1
[seccomp] ts=28340539044257 pid=91676 tgid=91676 comm=python3          mode=FILTER   target=1 nr/ret=-1 allow=0
[seccomp] ts=28340539044257 pid=91676 tgid=91676 comm=python3          mode=FILTER   target=1 nr/ret=0 allow=1
[seccomp] ts=28340539062590 pid=91676 tgid=91676 comm=python3          mode=FILTER   target=1 nr/ret=-1 allow=0
[seccomp] ts=28340539062590 pid=91676 tgid=91676 comm=python3          mode=FILTER   target=1 nr/ret=0 allow=1
[seccomp] ts=28340539082174 pid=91676 tgid=91676 comm=python3          mode=FILTER   target=1 nr/ret=-1 allow=0
[seccomp] ts=28340539082174 pid=91676 tgid=91676 comm=python3          mode=FILTER   target=1 nr/ret=0 allow=1
[seccomp] ts=28340539104799 pid=91676 tgid=91676 comm=python3          mode=FILTER   target=1 nr/ret=-1 allow=0
[seccomp] ts=28340539104799 pid=91676 tgid=91676 comm=python3          mode=FILTER   target=1 nr/ret=0 allow=1
[seccomp] ts=28340539110757 pid=91676 tgid=91676 comm=python3          mode=FILTER   target=1 nr/ret=-1 allow=0
[seccomp] ts=28340539110757 pid=91676 tgid=91676 comm=python3          mode=FILTER   target=1 nr/ret=0 allow=1
[seccomp] ts=28340539112507 pid=91676 tgid=91676 comm=python3          mode=FILTER   target=1 nr/ret=-1 allow=0
[seccomp] ts=28340539112507 pid=91676 tgid=91676 comm=python3          mode=FILTER   target=1 nr/ret=0 allow=1
[seccomp] ts=28340539114715 pid=91676 tgid=91676 comm=python3          mode=FILTER   target=1 nr/ret=-1 allow=0
[seccomp] ts=28340539114715 pid=91676 tgid=91676 comm=python3          mode=FILTER   target=1 nr/ret=0 allow=1
[seccomp] ts=28340539116799 pid=91676 tgid=91676 comm=python3          mode=FILTER   target=1 nr/ret=-1 allow=0
[seccomp] ts=28340539116799 pid=91676 tgid=91676 comm=python3          mode=FILTER   target=1 nr/ret=0 allow=1
[seccomp] ts=28340539117757 pid=91676 tgid=91676 comm=python3          mode=FILTER   target=1 nr/ret=-1 allow=0
[seccomp] ts=28340539117757 pid=91676 tgid=91676 comm=python3          mode=FILTER   target=1 nr/ret=0 allow=1
[seccomp] ts=28340539119174 pid=91676 tgid=91676 comm=python3          mode=FILTER   target=1 nr/ret=-1 allow=0
[seccomp] ts=28340539119174 pid=91676 tgid=91676 comm=python3          mode=FILTER   target=1 nr/ret=0 allow=1
[seccomp] ts=28340539124424 pid=91676 tgid=91676 comm=python3          mode=FILTER   target=1 nr/ret=-1 allow=0
[seccomp] ts=28340539124424 pid=91676 tgid=91676 comm=python3          mode=FILTER   target=1 nr/ret=0 allow=1
[seccomp] ts=28340539126757 pid=91676 tgid=91676 comm=python3          mode=FILTER   target=1 nr/ret=-1 allow=0
[seccomp] ts=28340539126757 pid=91676 tgid=91676 comm=python3          mode=FILTER   target=1 nr/ret=0 allow=1
[seccomp] ts=28340539948507 pid=91676 tgid=91676 comm=python3          mode=FILTER   target=1 nr/ret=-1 allow=0
[seccomp] ts=28340539948507 pid=91676 tgid=91676 comm=python3          mode=FILTER   target=1 nr/ret=0 allow=1
[seccomp] ts=28340539970757 pid=91676 tgid=91676 comm=python3          mode=FILTER   target=1 nr/ret=-1 allow=0
[seccomp] ts=28340539970757 pid=91676 tgid=91676 comm=python3          mode=FILTER   target=1 nr/ret=0 allow=1
[seccomp] ts=28340539982507 pid=91676 tgid=91676 comm=python3          mode=FILTER   target=1 nr/ret=-1 allow=0
[seccomp] ts=28340539982507 pid=91676 tgid=91676 comm=python3          mode=FILTER   target=1 nr/ret=0 allow=1
[seccomp] ts=28340539988340 pid=91676 tgid=91676 comm=python3          mode=FILTER   target=1 nr/ret=-1 allow=0
[seccomp] ts=28340539988340 pid=91676 tgid=91676 comm=python3          mode=FILTER   target=1 nr/ret=0 allow=1
[seccomp] ts=28340540026174 pid=91676 tgid=91676 comm=python3          mode=FILTER   target=1 nr/ret=-1 allow=0
[seccomp] ts=28340540026174 pid=91676 tgid=91676 comm=python3          mode=FILTER   target=1 nr/ret=0 allow=1
[seccomp] ts=28340540048632 pid=91676 tgid=91676 comm=python3          mode=FILTER   target=1 nr/ret=-1 allow=0
[seccomp] ts=28340540048632 pid=91676 tgid=91676 comm=python3          mode=FILTER   target=1 nr/ret=0 allow=1
[seccomp] ts=28340540054299 pid=91676 tgid=91676 comm=python3          mode=FILTER   target=1 nr/ret=-1 allow=0
[seccomp] ts=28340540054299 pid=91676 tgid=91676 comm=python3          mode=FILTER   target=1 nr/ret=0 allow=1
[seccomp] ts=28340540056132 pid=91676 tgid=91676 comm=python3          mode=FILTER   target=1 nr/ret=-1 allow=0
[seccomp] ts=28340540056132 pid=91676 tgid=91676 comm=python3          mode=FILTER   target=1 nr/ret=0 allow=1
[seccomp] ts=28340540058215 pid=91676 tgid=91676 comm=python3          mode=FILTER   target=1 nr/ret=-1 allow=0
[seccomp] ts=28340540058215 pid=91676 tgid=91676 comm=python3          mode=FILTER   target=1 nr/ret=0 allow=1
[seccomp] ts=28340540060465 pid=91676 tgid=91676 comm=python3          mode=FILTER   target=1 nr/ret=-1 allow=0
[seccomp] ts=28340540060465 pid=91676 tgid=91676 comm=python3          mode=FILTER   target=1 nr/ret=0 allow=1
[seccomp] ts=28340540061424 pid=91676 tgid=91676 comm=python3          mode=FILTER   target=1 nr/ret=-1 allow=0
[seccomp] ts=28340540061424 pid=91676 tgid=91676 comm=python3          mode=FILTER   target=1 nr/ret=0 allow=1
[seccomp] ts=28340540062757 pid=91676 tgid=91676 comm=python3          mode=FILTER   target=1 nr/ret=-1 allow=0
[seccomp] ts=28340540062757 pid=91676 tgid=91676 comm=python3          mode=FILTER   target=1 nr/ret=0 allow=1
[seccomp] ts=28340540065382 pid=91676 tgid=91676 comm=python3          mode=FILTER   target=1 nr/ret=-1 allow=0
[seccomp] ts=28340540065382 pid=91676 tgid=91676 comm=python3          mode=FILTER   target=1 nr/ret=0 allow=1
[seccomp] ts=28340540067757 pid=91676 tgid=91676 comm=python3          mode=FILTER   target=1 nr/ret=-1 allow=0
[seccomp] ts=28340540067757 pid=91676 tgid=91676 comm=python3          mode=FILTER   target=1 nr/ret=0 allow=1
[seccomp] ts=28340540113507 pid=91676 tgid=91676 comm=python3          mode=FILTER   target=1 nr/ret=-1 allow=0
[seccomp] ts=28340540113507 pid=91676 tgid=91676 comm=python3          mode=FILTER   target=1 nr/ret=0 allow=1
[seccomp] ts=28340540134674 pid=91676 tgid=91676 comm=python3          mode=FILTER   target=1 nr/ret=-1 allow=0
[seccomp] ts=28340540134674 pid=91676 tgid=91676 comm=python3          mode=FILTER   target=1 nr/ret=0 allow=1
[seccomp] ts=28340540143757 pid=91676 tgid=91676 comm=python3          mode=FILTER   target=1 nr/ret=-1 allow=0
[seccomp] ts=28340540143757 pid=91676 tgid=91676 comm=python3          mode=FILTER   target=1 nr/ret=0 allow=1
[seccomp] ts=28340540149299 pid=91676 tgid=91676 comm=python3          mode=FILTER   target=1 nr/ret=-1 allow=0
[seccomp] ts=28340540149299 pid=91676 tgid=91676 comm=python3          mode=FILTER   target=1 nr/ret=0 allow=1
[seccomp] ts=28340540165799 pid=91676 tgid=91676 comm=python3          mode=FILTER   target=1 nr/ret=-1 allow=0
[seccomp] ts=28340540165799 pid=91676 tgid=91676 comm=python3          mode=FILTER   target=1 nr/ret=0 allow=1
[seccomp] ts=28340540219215 pid=91676 tgid=91676 comm=python3          mode=FILTER   target=1 nr/ret=-1 allow=0
[seccomp] ts=28340540219215 pid=91676 tgid=91676 comm=python3          mode=FILTER   target=1 nr/ret=0 allow=1
[seccomp] ts=28340540229840 pid=91676 tgid=91676 comm=python3          mode=FILTER   target=1 nr/ret=-1 allow=0
[seccomp] ts=28340540229840 pid=91676 tgid=91676 comm=python3          mode=FILTER   target=1 nr/ret=0 allow=1
[seccomp] ts=28340540232465 pid=91676 tgid=91676 comm=python3          mode=FILTER   target=1 nr/ret=-1 allow=0
[seccomp] ts=28340540232465 pid=91676 tgid=91676 comm=python3          mode=FILTER   target=1 nr/ret=0 allow=1
[seccomp] ts=28340540235424 pid=91676 tgid=91676 comm=python3          mode=FILTER   target=1 nr/ret=-1 allow=0
[seccomp] ts=28340540235424 pid=91676 tgid=91676 comm=python3          mode=FILTER   target=1 nr/ret=0 allow=1
[seccomp] ts=28340540263674 pid=91676 tgid=91676 comm=python3          mode=FILTER   target=1 nr/ret=-1 allow=0
[seccomp] ts=28340540263674 pid=91676 tgid=91676 comm=python3          mode=FILTER   target=1 nr/ret=0 allow=1
[seccomp] ts=28340540346799 pid=91676 tgid=91676 comm=python3          mode=FILTER   target=1 nr/ret=-1 allow=0
[seccomp] ts=28340540346799 pid=91676 tgid=91676 comm=python3          mode=FILTER   target=1 nr/ret=0 allow=1
[seccomp] ts=28340540372132 pid=91676 tgid=91676 comm=python3          mode=FILTER   target=1 nr/ret=-1 allow=0
[seccomp] ts=28340540372132 pid=91676 tgid=91676 comm=python3          mode=FILTER   target=1 nr/ret=0 allow=1
[seccomp] ts=28340540382382 pid=91676 tgid=91676 comm=python3          mode=FILTER   target=1 nr/ret=-1 allow=0
[seccomp] ts=28340540382382 pid=91676 tgid=91676 comm=python3          mode=FILTER   target=1 nr/ret=0 allow=1
[seccomp] ts=28340540386590 pid=91676 tgid=91676 comm=python3          mode=FILTER   target=1 nr/ret=-1 allow=0
[seccomp] ts=28340540386590 pid=91676 tgid=91676 comm=python3          mode=FILTER   target=1 nr/ret=0 allow=1
[seccomp] ts=28340540670215 pid=91676 tgid=91676 comm=python3          mode=FILTER   target=1 nr/ret=-1 allow=0
[seccomp] ts=28340540670215 pid=91676 tgid=91676 comm=python3          mode=FILTER   target=1 nr/ret=0 allow=1
[seccomp] ts=28340540762215 pid=91676 tgid=91676 comm=python3          mode=FILTER   target=1 nr/ret=-1 allow=0
[seccomp] ts=28340540762215 pid=91676 tgid=91676 comm=python3          mode=FILTER   target=1 nr/ret=0 allow=1
[seccomp] ts=28340540780799 pid=91676 tgid=91676 comm=python3          mode=FILTER   target=1 nr/ret=-1 allow=0
[seccomp] ts=28340540780799 pid=91676 tgid=91676 comm=python3          mode=FILTER   target=1 nr/ret=0 allow=1
[seccomp] ts=28340540789799 pid=91676 tgid=91676 comm=python3          mode=FILTER   target=1 nr/ret=-1 allow=0
[seccomp] ts=28340540789799 pid=91676 tgid=91676 comm=python3          mode=FILTER   target=1 nr/ret=0 allow=1
[seccomp] ts=28340540795965 pid=91676 tgid=91676 comm=python3          mode=FILTER   target=1 nr/ret=-1 allow=0
[seccomp] ts=28340540795965 pid=91676 tgid=91676 comm=python3          mode=FILTER   target=1 nr/ret=0 allow=1
[seccomp] ts=28340540837465 pid=91676 tgid=91676 comm=python3          mode=FILTER   target=1 nr/ret=-1 allow=0
[seccomp] ts=28340540837465 pid=91676 tgid=91676 comm=python3          mode=FILTER   target=1 nr/ret=0 allow=1
[seccomp] ts=28340540865257 pid=91676 tgid=91676 comm=python3          mode=FILTER   target=1 nr/ret=-1 allow=0
[seccomp] ts=28340540865257 pid=91676 tgid=91676 comm=python3          mode=FILTER   target=1 nr/ret=0 allow=1
[seccomp] ts=28340540883715 pid=91676 tgid=91676 comm=python3          mode=FILTER   target=1 nr/ret=-1 allow=0
[seccomp] ts=28340540883715 pid=91676 tgid=91676 comm=python3          mode=FILTER   target=1 nr/ret=0 allow=1
[seccomp] ts=28340540901257 pid=91676 tgid=91676 comm=python3          mode=FILTER   target=1 nr/ret=-1 allow=0
[seccomp] ts=28340540901257 pid=91676 tgid=91676 comm=python3          mode=FILTER   target=1 nr/ret=0 allow=1
[seccomp] ts=28340540903257 pid=91676 tgid=91676 comm=python3          mode=FILTER   target=1 nr/ret=-1 allow=0
[seccomp] ts=28340540903257 pid=91676 tgid=91676 comm=python3          mode=FILTER   target=1 nr/ret=0 allow=1
[seccomp] ts=28340540905674 pid=91676 tgid=91676 comm=python3          mode=FILTER   target=1 nr/ret=-1 allow=0
[seccomp] ts=28340540905674 pid=91676 tgid=91676 comm=python3          mode=FILTER   target=1 nr/ret=0 allow=1
[seccomp] ts=28340540906757 pid=91676 tgid=91676 comm=python3          mode=FILTER   target=1 nr/ret=-1 allow=0
[seccomp] ts=28340540906757 pid=91676 tgid=91676 comm=python3          mode=FILTER   target=1 nr/ret=0 allow=1
[seccomp] ts=28340540908174 pid=91676 tgid=91676 comm=python3          mode=FILTER   target=1 nr/ret=-1 allow=0
[seccomp] ts=28340540908174 pid=91676 tgid=91676 comm=python3          mode=FILTER   target=1 nr/ret=0 allow=1
[seccomp] ts=28340540912924 pid=91676 tgid=91676 comm=python3          mode=FILTER   target=1 nr/ret=-1 allow=0
[seccomp] ts=28340540912924 pid=91676 tgid=91676 comm=python3          mode=FILTER   target=1 nr/ret=0 allow=1
[seccomp] ts=28340540915132 pid=91676 tgid=91676 comm=python3          mode=FILTER   target=1 nr/ret=-1 allow=0
[seccomp] ts=28340540915132 pid=91676 tgid=91676 comm=python3          mode=FILTER   target=1 nr/ret=0 allow=1
[seccomp] ts=28340541052257 pid=91676 tgid=91676 comm=python3          mode=FILTER   target=1 nr/ret=-1 allow=0
[seccomp] ts=28340541052257 pid=91676 tgid=91676 comm=python3          mode=FILTER   target=1 nr/ret=0 allow=1
[seccomp] ts=28340541069799 pid=91676 tgid=91676 comm=python3          mode=FILTER   target=1 nr/ret=-1 allow=0
[seccomp] ts=28340541069799 pid=91676 tgid=91676 comm=python3          mode=FILTER   target=1 nr/ret=0 allow=1
[seccomp] ts=28340541078674 pid=91676 tgid=91676 comm=python3          mode=FILTER   target=1 nr/ret=-1 allow=0
[seccomp] ts=28340541078674 pid=91676 tgid=91676 comm=python3          mode=FILTER   target=1 nr/ret=0 allow=1
[seccomp] ts=28340541084007 pid=91676 tgid=91676 comm=python3          mode=FILTER   target=1 nr/ret=-1 allow=0
[seccomp] ts=28340541084007 pid=91676 tgid=91676 comm=python3          mode=FILTER   target=1 nr/ret=0 allow=1
[seccomp] ts=28340541111340 pid=91676 tgid=91676 comm=python3          mode=FILTER   target=1 nr/ret=-1 allow=0
[seccomp] ts=28340541111340 pid=91676 tgid=91676 comm=python3          mode=FILTER   target=1 nr/ret=0 allow=1
[seccomp] ts=28340541134007 pid=91676 tgid=91676 comm=python3          mode=FILTER   target=1 nr/ret=-1 allow=0
[seccomp] ts=28340541134007 pid=91676 tgid=91676 comm=python3          mode=FILTER   target=1 nr/ret=0 allow=1
[seccomp] ts=28340541139757 pid=91676 tgid=91676 comm=python3          mode=FILTER   target=1 nr/ret=-1 allow=0
[seccomp] ts=28340541139757 pid=91676 tgid=91676 comm=python3          mode=FILTER   target=1 nr/ret=0 allow=1
[seccomp] ts=28340541141715 pid=91676 tgid=91676 comm=python3          mode=FILTER   target=1 nr/ret=-1 allow=0
[seccomp] ts=28340541141715 pid=91676 tgid=91676 comm=python3          mode=FILTER   target=1 nr/ret=0 allow=1
[seccomp] ts=28340541144090 pid=91676 tgid=91676 comm=python3          mode=FILTER   target=1 nr/ret=-1 allow=0
[seccomp] ts=28340541144090 pid=91676 tgid=91676 comm=python3          mode=FILTER   target=1 nr/ret=0 allow=1
[seccomp] ts=28340541146174 pid=91676 tgid=91676 comm=python3          mode=FILTER   target=1 nr/ret=-1 allow=0
[seccomp] ts=28340541146174 pid=91676 tgid=91676 comm=python3          mode=FILTER   target=1 nr/ret=0 allow=1
[seccomp] ts=28340541147215 pid=91676 tgid=91676 comm=python3          mode=FILTER   target=1 nr/ret=-1 allow=0
[seccomp] ts=28340541147215 pid=91676 tgid=91676 comm=python3          mode=FILTER   target=1 nr/ret=0 allow=1
[seccomp] ts=28340541148507 pid=91676 tgid=91676 comm=python3          mode=FILTER   target=1 nr/ret=-1 allow=0
[seccomp] ts=28340541148507 pid=91676 tgid=91676 comm=python3          mode=FILTER   target=1 nr/ret=0 allow=1
[seccomp] ts=28340541150799 pid=91676 tgid=91676 comm=python3          mode=FILTER   target=1 nr/ret=-1 allow=0
[seccomp] ts=28340541150799 pid=91676 tgid=91676 comm=python3          mode=FILTER   target=1 nr/ret=0 allow=1
[seccomp] ts=28340541152924 pid=91676 tgid=91676 comm=python3          mode=FILTER   target=1 nr/ret=-1 allow=0
[seccomp] ts=28340541152924 pid=91676 tgid=91676 comm=python3          mode=FILTER   target=1 nr/ret=0 allow=1
[seccomp] ts=28340541856715 pid=91676 tgid=91676 comm=python3          mode=FILTER   target=1 nr/ret=-1 allow=0
[seccomp] ts=28340541856715 pid=91676 tgid=91676 comm=python3          mode=FILTER   target=1 nr/ret=0 allow=1
[seccomp] ts=28340541906007 pid=91676 tgid=91676 comm=python3          mode=FILTER   target=1 nr/ret=-1 allow=0
[seccomp] ts=28340541906007 pid=91676 tgid=91676 comm=python3          mode=FILTER   target=1 nr/ret=0 allow=1
[seccomp] ts=28340541959007 pid=91676 tgid=91676 comm=python3          mode=FILTER   target=1 nr/ret=-1 allow=0
[seccomp] ts=28340541959007 pid=91676 tgid=91676 comm=python3          mode=FILTER   target=1 nr/ret=0 allow=1
[seccomp] ts=28340542079674 pid=91676 tgid=91676 comm=python3          mode=FILTER   target=1 nr/ret=-1 allow=0
[seccomp] ts=28340542079674 pid=91676 tgid=91676 comm=python3          mode=FILTER   target=1 nr/ret=0 allow=1
[seccomp] ts=28340545839465 pid=91676 tgid=91676 comm=python3          mode=FILTER   target=1 nr/ret=-1 allow=0
[seccomp] ts=28340545839465 pid=91676 tgid=91676 comm=python3          mode=FILTER   target=1 nr/ret=0 allow=1
[seccomp] ts=28340545903299 pid=91676 tgid=91676 comm=python3          mode=FILTER   target=1 nr/ret=-1 allow=0
[seccomp] ts=28340545903299 pid=91676 tgid=91676 comm=python3          mode=FILTER   target=1 nr/ret=0 allow=1
[seccomp] ts=28340545946632 pid=91676 tgid=91676 comm=python3          mode=FILTER   target=1 nr/ret=-1 allow=0
[seccomp] ts=28340545946632 pid=91676 tgid=91676 comm=python3          mode=FILTER   target=1 nr/ret=0 allow=1
[seccomp] ts=28340623517840 pid=649 tgid=649 comm=redis-server     mode=FILTER   target=1 nr/ret=-1 allow=0
[seccomp] ts=28340623517840 pid=649 tgid=649 comm=redis-server     mode=FILTER   target=1 nr/ret=0 allow=1
[seccomp] ts=28340623583882 pid=649 tgid=649 comm=redis-server     mode=FILTER   target=1 nr/ret=-1 allow=0
[seccomp] ts=28340623583882 pid=649 tgid=649 comm=redis-server     mode=FILTER   target=1 nr/ret=0 allow=1
[seccomp] ts=28340623600549 pid=649 tgid=649 comm=redis-server     mode=FILTER   target=1 nr/ret=-1 allow=0
[seccomp] ts=28340623600549 pid=649 tgid=649 comm=redis-server     mode=FILTER   target=1 nr/ret=0 allow=1
[seccomp] ts=28340624090132 pid=649 tgid=649 comm=redis-server     mode=FILTER   target=1 nr/ret=-1 allow=0
[seccomp] ts=28340624090132 pid=649 tgid=649 comm=redis-server     mode=FILTER   target=1 nr/ret=0 allow=1
[seccomp] ts=28340730227007 pid=649 tgid=649 comm=redis-server     mode=FILTER   target=1 nr/ret=-1 allow=0
[seccomp] ts=28340730227007 pid=649 tgid=649 comm=redis-server     mode=FILTER   target=1 nr/ret=0 allow=1
[seccomp] ts=28340730395757 pid=649 tgid=649 comm=redis-server     mode=FILTER   target=1 nr/ret=-1 allow=0
[seccomp] ts=28340730395757 pid=649 tgid=649 comm=redis-server     mode=FILTER   target=1 nr/ret=0 allow=1
[seccomp] ts=28340730453590 pid=649 tgid=649 comm=redis-server     mode=FILTER   target=1 nr/ret=-1 allow=0
[seccomp] ts=28340730453590 pid=649 tgid=649 comm=redis-server     mode=FILTER   target=1 nr/ret=0 allow=1
[seccomp] ts=28340730938049 pid=649 tgid=649 comm=redis-server     mode=FILTER   target=1 nr/ret=-1 allow=0
[seccomp] ts=28340730938049 pid=649 tgid=649 comm=redis-server     mode=FILTER   target=1 nr/ret=0 allow=1
[seccomp] ts=28340837170466 pid=649 tgid=649 comm=redis-server     mode=FILTER   target=1 nr/ret=-1 allow=0
[seccomp] ts=28340837170466 pid=649 tgid=649 comm=redis-server     mode=FILTER   target=1 nr/ret=0 allow=1
[seccomp] ts=28340837258132 pid=649 tgid=649 comm=redis-server     mode=FILTER   target=1 nr/ret=-1 allow=0
[seccomp] ts=28340837258132 pid=649 tgid=649 comm=redis-server     mode=FILTER   target=1 nr/ret=0 allow=1
[seccomp] ts=28340837281549 pid=649 tgid=649 comm=redis-server     mode=FILTER   target=1 nr/ret=-1 allow=0
[seccomp] ts=28340837281549 pid=649 tgid=649 comm=redis-server     mode=FILTER   target=1 nr/ret=0 allow=1
[seccomp] ts=28340837703966 pid=649 tgid=649 comm=redis-server     mode=FILTER   target=1 nr/ret=-1 allow=0
[seccomp] ts=28340837703966 pid=649 tgid=649 comm=redis-server     mode=FILTER   target=1 nr/ret=0 allow=1
[seccomp] ts=28340938409716 pid=649 tgid=649 comm=redis-server     mode=FILTER   target=1 nr/ret=-1 allow=0
[seccomp] ts=28340938409716 pid=649 tgid=649 comm=redis-server     mode=FILTER   target=1 nr/ret=0 allow=1
[seccomp] ts=28340938526674 pid=649 tgid=649 comm=redis-server     mode=FILTER   target=1 nr/ret=-1 allow=0
[seccomp] ts=28340938526674 pid=649 tgid=649 comm=redis-server     mode=FILTER   target=1 nr/ret=0 allow=1
[seccomp] ts=28340938563007 pid=649 tgid=649 comm=redis-server     mode=FILTER   target=1 nr/ret=-1 allow=0
[seccomp] ts=28340938563007 pid=649 tgid=649 comm=redis-server     mode=FILTER   target=1 nr/ret=0 allow=1
[seccomp] ts=28340938958674 pid=649 tgid=649 comm=redis-server     mode=FILTER   target=1 nr/ret=-1 allow=0
[seccomp] ts=28340938958674 pid=649 tgid=649 comm=redis-server     mode=FILTER   target=1 nr/ret=0 allow=1
[seccomp] ts=28341043954674 pid=649 tgid=649 comm=redis-server     mode=FILTER   target=1 nr/ret=-1 allow=0
[seccomp] ts=28341043954674 pid=649 tgid=649 comm=redis-server     mode=FILTER   target=1 nr/ret=0 allow=1
[seccomp] ts=28341044934216 pid=649 tgid=649 comm=redis-server     mode=FILTER   target=1 nr/ret=-1 allow=0
[seccomp] ts=28341044934216 pid=649 tgid=649 comm=redis-server     mode=FILTER   target=1 nr/ret=0 allow=1
[seccomp] ts=28341045085341 pid=649 tgid=649 comm=redis-server     mode=FILTER   target=1 nr/ret=-1 allow=0
[seccomp] ts=28341045085341 pid=649 tgid=649 comm=redis-server     mode=FILTER   target=1 nr/ret=0 allow=1
[seccomp] ts=28341045819591 pid=649 tgid=649 comm=redis-server     mode=FILTER   target=1 nr/ret=-1 allow=0
[seccomp] ts=28341045819591 pid=649 tgid=649 comm=redis-server     mode=FILTER   target=1 nr/ret=0 allow=1
[seccomp] ts=28341148422507 pid=649 tgid=649 comm=redis-server     mode=FILTER   target=1 nr/ret=-1 allow=0
[seccomp] ts=28341148422507 pid=649 tgid=649 comm=redis-server     mode=FILTER   target=1 nr/ret=0 allow=1
[seccomp] ts=28341148515382 pid=649 tgid=649 comm=redis-server     mode=FILTER   target=1 nr/ret=-1 allow=0
[seccomp] ts=28341148515382 pid=649 tgid=649 comm=redis-server     mode=FILTER   target=1 nr/ret=0 allow=1
[seccomp] ts=28341148537674 pid=649 tgid=649 comm=redis-server     mode=FILTER   target=1 nr/ret=-1 allow=0
[seccomp] ts=28341148537674 pid=649 tgid=649 comm=redis-server     mode=FILTER   target=1 nr/ret=0 allow=1
[seccomp] ts=28341148971049 pid=649 tgid=649 comm=redis-server     mode=FILTER   target=1 nr/ret=-1 allow=0
[seccomp] ts=28341148971049 pid=649 tgid=649 comm=redis-server     mode=FILTER   target=1 nr/ret=0 allow=1
[seccomp] ts=28341254834007 pid=649 tgid=649 comm=redis-server     mode=FILTER   target=1 nr/ret=-1 allow=0
[seccomp] ts=28341254834007 pid=649 tgid=649 comm=redis-server     mode=FILTER   target=1 nr/ret=0 allow=1
[seccomp] ts=28341254991132 pid=649 tgid=649 comm=redis-server     mode=FILTER   target=1 nr/ret=-1 allow=0
[seccomp] ts=28341254991132 pid=649 tgid=649 comm=redis-server     mode=FILTER   target=1 nr/ret=0 allow=1
[seccomp] ts=28341255053132 pid=649 tgid=649 comm=redis-server     mode=FILTER   target=1 nr/ret=-1 allow=0
[seccomp] ts=28341255053132 pid=649 tgid=649 comm=redis-server     mode=FILTER   target=1 nr/ret=0 allow=1
[seccomp] ts=28341255822757 pid=649 tgid=649 comm=redis-server     mode=FILTER   target=1 nr/ret=-1 allow=0
[seccomp] ts=28341255822757 pid=649 tgid=649 comm=redis-server     mode=FILTER   target=1 nr/ret=0 allow=1
[seccomp] ts=28341351062507 pid=843 tgid=843 comm=postgres         mode=FILTER   target=1 nr/ret=-1 allow=0
[seccomp] ts=28341351062507 pid=843 tgid=843 comm=postgres         mode=FILTER   target=1 nr/ret=0 allow=1
[seccomp] ts=28341359259466 pid=649 tgid=649 comm=redis-server     mode=FILTER   target=1 nr/ret=-1 allow=0
[seccomp] ts=28341359259466 pid=649 tgid=649 comm=redis-server     mode=FILTER   target=1 nr/ret=0 allow=1
[seccomp] ts=28341359459257 pid=649 tgid=649 comm=redis-server     mode=FILTER   target=1 nr/ret=-1 allow=0
[seccomp] ts=28341359459257 pid=649 tgid=649 comm=redis-server     mode=FILTER   target=1 nr/ret=0 allow=1
[seccomp] ts=28341359513882 pid=649 tgid=649 comm=redis-server     mode=FILTER   target=1 nr/ret=-1 allow=0
[seccomp] ts=28341359513882 pid=649 tgid=649 comm=redis-server     mode=FILTER   target=1 nr/ret=0 allow=1
[seccomp] ts=28341360309882 pid=649 tgid=649 comm=redis-server     mode=FILTER   target=1 nr/ret=-1 allow=0
[seccomp] ts=28341360309882 pid=649 tgid=649 comm=redis-server     mode=FILTER   target=1 nr/ret=0 allow=1
[seccomp] ts=28341435451924 pid=91691 tgid=91691 comm=runc:[2:INIT]    mode=FILTER   target=1 nr/ret=-1 allow=0
[seccomp] ts=28341435451924 pid=91691 tgid=91691 comm=runc:[2:INIT]    mode=FILTER   target=1 nr/ret=0 allow=1
[seccomp] ts=28341435489591 pid=91691 tgid=91691 comm=runc:[2:INIT]    mode=FILTER   target=1 nr/ret=-1 allow=0
[seccomp] ts=28341435489591 pid=91691 tgid=91691 comm=runc:[2:INIT]    mode=FILTER   target=1 nr/ret=0 allow=1
[seccomp] ts=28341435491841 pid=91691 tgid=91691 comm=runc:[2:INIT]    mode=FILTER   target=1 nr/ret=-1 allow=0
[seccomp] ts=28341435491841 pid=91691 tgid=91691 comm=runc:[2:INIT]    mode=FILTER   target=1 nr/ret=0 allow=1
[seccomp] ts=28341435493674 pid=91691 tgid=91691 comm=runc:[2:INIT]    mode=FILTER   target=1 nr/ret=-1 allow=0
[seccomp] ts=28341435493674 pid=91691 tgid=91691 comm=runc:[2:INIT]    mode=FILTER   target=1 nr/ret=0 allow=1
[seccomp] ts=28341435495591 pid=91691 tgid=91691 comm=runc:[2:INIT]    mode=FILTER   target=1 nr/ret=-1 allow=0
[seccomp] ts=28341435495591 pid=91691 tgid=91691 comm=runc:[2:INIT]    mode=FILTER   target=1 nr/ret=0 allow=1
[seccomp] ts=28341435508841 pid=91691 tgid=91691 comm=runc:[2:INIT]    mode=FILTER   target=1 nr/ret=-1 allow=0
[seccomp] ts=28341435508841 pid=91691 tgid=91691 comm=runc:[2:INIT]    mode=FILTER   target=1 nr/ret=0 allow=1
[seccomp] ts=28341435517966 pid=91691 tgid=91691 comm=runc:[2:INIT]    mode=FILTER   target=1 nr/ret=-1 allow=0
[seccomp] ts=28341435517966 pid=91691 tgid=91691 comm=runc:[2:INIT]    mode=FILTER   target=1 nr/ret=0 allow=1
[seccomp] ts=28341435519591 pid=91691 tgid=91691 comm=runc:[2:INIT]    mode=FILTER   target=1 nr/ret=-1 allow=0
[seccomp] ts=28341435519591 pid=91691 tgid=91691 comm=runc:[2:INIT]    mode=FILTER   target=1 nr/ret=0 allow=1
[seccomp] ts=28341435521466 pid=91691 tgid=91691 comm=runc:[2:INIT]    mode=FILTER   target=1 nr/ret=-1 allow=0
[seccomp] ts=28341435521466 pid=91691 tgid=91691 comm=runc:[2:INIT]    mode=FILTER   target=1 nr/ret=0 allow=1
[seccomp] ts=28341435523091 pid=91691 tgid=91691 comm=runc:[2:INIT]    mode=FILTER   target=1 nr/ret=-1 allow=0
[seccomp] ts=28341435523091 pid=91691 tgid=91691 comm=runc:[2:INIT]    mode=FILTER   target=1 nr/ret=0 allow=1
[seccomp] ts=28341435524424 pid=91691 tgid=91691 comm=runc:[2:INIT]    mode=FILTER   target=1 nr/ret=-1 allow=0
[seccomp] ts=28341435524424 pid=91691 tgid=91691 comm=runc:[2:INIT]    mode=FILTER   target=1 nr/ret=0 allow=1
[seccomp] ts=28341435528674 pid=91691 tgid=91691 comm=runc:[2:INIT]    mode=FILTER   target=1 nr/ret=-1 allow=0
[seccomp] ts=28341435528674 pid=91691 tgid=91691 comm=runc:[2:INIT]    mode=FILTER   target=1 nr/ret=0 allow=1
[seccomp] ts=28341435546674 pid=91691 tgid=91691 comm=runc:[2:INIT]    mode=FILTER   target=1 nr/ret=-1 allow=0
[seccomp] ts=28341435546674 pid=91691 tgid=91691 comm=runc:[2:INIT]    mode=FILTER   target=1 nr/ret=0 allow=1
[seccomp] ts=28341435566091 pid=91691 tgid=91691 comm=runc:[2:INIT]    mode=FILTER   target=1 nr/ret=-1 allow=0
[seccomp] ts=28341435566091 pid=91691 tgid=91691 comm=runc:[2:INIT]    mode=FILTER   target=1 nr/ret=0 allow=1
[seccomp] ts=28341435576174 pid=91691 tgid=91691 comm=runc:[2:INIT]    mode=FILTER   target=1 nr/ret=-1 allow=0
[seccomp] ts=28341435576174 pid=91691 tgid=91691 comm=runc:[2:INIT]    mode=FILTER   target=1 nr/ret=0 allow=1
[seccomp] ts=28341435586216 pid=91691 tgid=91691 comm=runc:[2:INIT]    mode=FILTER   target=1 nr/ret=-1 allow=0
[seccomp] ts=28341435586216 pid=91691 tgid=91691 comm=runc:[2:INIT]    mode=FILTER   target=1 nr/ret=0 allow=1
[seccomp] ts=28341435615716 pid=91691 tgid=91691 comm=runc:[2:INIT]    mode=FILTER   target=1 nr/ret=-1 allow=0
[seccomp] ts=28341435615716 pid=91691 tgid=91691 comm=runc:[2:INIT]    mode=FILTER   target=1 nr/ret=0 allow=1
[seccomp] ts=28341435617424 pid=91691 tgid=91691 comm=runc:[2:INIT]    mode=FILTER   target=1 nr/ret=-1 allow=0
[seccomp] ts=28341435617424 pid=91691 tgid=91691 comm=runc:[2:INIT]    mode=FILTER   target=1 nr/ret=0 allow=1
[seccomp] ts=28341435620382 pid=91691 tgid=91691 comm=runc:[2:INIT]    mode=FILTER   target=1 nr/ret=-1 allow=0
[seccomp] ts=28341435620382 pid=91691 tgid=91691 comm=runc:[2:INIT]    mode=FILTER   target=1 nr/ret=0 allow=1
[seccomp] ts=28341435624716 pid=91691 tgid=91691 comm=runc:[2:INIT]    mode=FILTER   target=1 nr/ret=-1 allow=0
[seccomp] ts=28341435624716 pid=91691 tgid=91691 comm=runc:[2:INIT]    mode=FILTER   target=1 nr/ret=0 allow=1
[seccomp] ts=28341435626632 pid=91691 tgid=91691 comm=runc:[2:INIT]    mode=FILTER   target=1 nr/ret=-1 allow=0
[seccomp] ts=28341435626632 pid=91691 tgid=91691 comm=runc:[2:INIT]    mode=FILTER   target=1 nr/ret=0 allow=1
[seccomp] ts=28341435644341 pid=91691 tgid=91691 comm=runc:[2:INIT]    mode=FILTER   target=1 nr/ret=-1 allow=0
[seccomp] ts=28341435644341 pid=91691 tgid=91691 comm=runc:[2:INIT]    mode=FILTER   target=1 nr/ret=0 allow=1
[seccomp] ts=28341435686674 pid=91691 tgid=91691 comm=runc:[2:INIT]    mode=FILTER   target=1 nr/ret=-1 allow=0
[seccomp] ts=28341435686674 pid=91691 tgid=91691 comm=runc:[2:INIT]    mode=FILTER   target=1 nr/ret=0 allow=1
[seccomp] ts=28341435689049 pid=91691 tgid=91691 comm=runc:[2:INIT]    mode=FILTER   target=1 nr/ret=-1 allow=0
[seccomp] ts=28341435689049 pid=91691 tgid=91691 comm=runc:[2:INIT]    mode=FILTER   target=1 nr/ret=0 allow=1
[seccomp] ts=28341435692466 pid=91691 tgid=91691 comm=runc:[2:INIT]    mode=FILTER   target=1 nr/ret=-1 allow=0
[seccomp] ts=28341435692466 pid=91691 tgid=91691 comm=runc:[2:INIT]    mode=FILTER   target=1 nr/ret=0 allow=1
[seccomp] ts=28341435694091 pid=91691 tgid=91691 comm=runc:[2:INIT]    mode=FILTER   target=1 nr/ret=-1 allow=0
[seccomp] ts=28341435694091 pid=91691 tgid=91691 comm=runc:[2:INIT]    mode=FILTER   target=1 nr/ret=0 allow=1
[seccomp] ts=28341435695591 pid=91691 tgid=91691 comm=runc:[2:INIT]    mode=FILTER   target=1 nr/ret=-1 allow=0
[seccomp] ts=28341435695591 pid=91691 tgid=91691 comm=runc:[2:INIT]    mode=FILTER   target=1 nr/ret=0 allow=1
[seccomp] ts=28341435697132 pid=91691 tgid=91691 comm=runc:[2:INIT]    mode=FILTER   target=1 nr/ret=-1 allow=0
[seccomp] ts=28341435697132 pid=91691 tgid=91691 comm=runc:[2:INIT]    mode=FILTER   target=1 nr/ret=0 allow=1
[seccomp] ts=28341435698466 pid=91691 tgid=91691 comm=runc:[2:INIT]    mode=FILTER   target=1 nr/ret=-1 allow=0
[seccomp] ts=28341435698466 pid=91691 tgid=91691 comm=runc:[2:INIT]    mode=FILTER   target=1 nr/ret=0 allow=1
[seccomp] ts=28341435699799 pid=91691 tgid=91691 comm=runc:[2:INIT]    mode=FILTER   target=1 nr/ret=-1 allow=0
[seccomp] ts=28341435699799 pid=91691 tgid=91691 comm=runc:[2:INIT]    mode=FILTER   target=1 nr/ret=0 allow=1
[seccomp] ts=28341435701174 pid=91691 tgid=91691 comm=runc:[2:INIT]    mode=FILTER   target=1 nr/ret=-1 allow=0
[seccomp] ts=28341435701174 pid=91691 tgid=91691 comm=runc:[2:INIT]    mode=FILTER   target=1 nr/ret=0 allow=1
[seccomp] ts=28341435702591 pid=91691 tgid=91691 comm=runc:[2:INIT]    mode=FILTER   target=1 nr/ret=-1 allow=0
[seccomp] ts=28341435702591 pid=91691 tgid=91691 comm=runc:[2:INIT]    mode=FILTER   target=1 nr/ret=0 allow=1
[seccomp] ts=28341435704132 pid=91691 tgid=91691 comm=runc:[2:INIT]    mode=FILTER   target=1 nr/ret=-1 allow=0
[seccomp] ts=28341435704132 pid=91691 tgid=91691 comm=runc:[2:INIT]    mode=FILTER   target=1 nr/ret=0 allow=1
[seccomp] ts=28341435705507 pid=91691 tgid=91691 comm=runc:[2:INIT]    mode=FILTER   target=1 nr/ret=-1 allow=0
[seccomp] ts=28341435705507 pid=91691 tgid=91691 comm=runc:[2:INIT]    mode=FILTER   target=1 nr/ret=0 allow=1
[seccomp] ts=28341435707382 pid=91691 tgid=91691 comm=runc:[2:INIT]    mode=FILTER   target=1 nr/ret=-1 allow=0
[seccomp] ts=28341435707382 pid=91691 tgid=91691 comm=runc:[2:INIT]    mode=FILTER   target=1 nr/ret=0 allow=1
[seccomp] ts=28341435708966 pid=91691 tgid=91691 comm=runc:[2:INIT]    mode=FILTER   target=1 nr/ret=-1 allow=0
[seccomp] ts=28341435708966 pid=91691 tgid=91691 comm=runc:[2:INIT]    mode=FILTER   target=1 nr/ret=0 allow=1
[seccomp] ts=28341435710674 pid=91691 tgid=91691 comm=runc:[2:INIT]    mode=FILTER   target=1 nr/ret=-1 allow=0
[seccomp] ts=28341435710674 pid=91691 tgid=91691 comm=runc:[2:INIT]    mode=FILTER   target=1 nr/ret=0 allow=1
[seccomp] ts=28341435712549 pid=91691 tgid=91691 comm=runc:[2:INIT]    mode=FILTER   target=1 nr/ret=-1 allow=0
[seccomp] ts=28341435712549 pid=91691 tgid=91691 comm=runc:[2:INIT]    mode=FILTER   target=1 nr/ret=0 allow=1
[seccomp] ts=28341435714716 pid=91691 tgid=91691 comm=runc:[2:INIT]    mode=FILTER   target=1 nr/ret=-1 allow=0
[seccomp] ts=28341435714716 pid=91691 tgid=91691 comm=runc:[2:INIT]    mode=FILTER   target=1 nr/ret=0 allow=1
[seccomp] ts=28341435716507 pid=91691 tgid=91691 comm=runc:[2:INIT]    mode=FILTER   target=1 nr/ret=-1 allow=0
[seccomp] ts=28341435716507 pid=91691 tgid=91691 comm=runc:[2:INIT]    mode=FILTER   target=1 nr/ret=0 allow=1
[seccomp] ts=28341435718299 pid=91691 tgid=91691 comm=runc:[2:INIT]    mode=FILTER   target=1 nr/ret=-1 allow=0
[seccomp] ts=28341435718299 pid=91691 tgid=91691 comm=runc:[2:INIT]    mode=FILTER   target=1 nr/ret=0 allow=1
[seccomp] ts=28341435720174 pid=91691 tgid=91691 comm=runc:[2:INIT]    mode=FILTER   target=1 nr/ret=-1 allow=0
[seccomp] ts=28341435720174 pid=91691 tgid=91691 comm=runc:[2:INIT]    mode=FILTER   target=1 nr/ret=0 allow=1
[seccomp] ts=28341435721799 pid=91691 tgid=91691 comm=runc:[2:INIT]    mode=FILTER   target=1 nr/ret=-1 allow=0
[seccomp] ts=28341435721799 pid=91691 tgid=91691 comm=runc:[2:INIT]    mode=FILTER   target=1 nr/ret=0 allow=1
[seccomp] ts=28341435723257 pid=91691 tgid=91691 comm=runc:[2:INIT]    mode=FILTER   target=1 nr/ret=-1 allow=0
[seccomp] ts=28341435723257 pid=91691 tgid=91691 comm=runc:[2:INIT]    mode=FILTER   target=1 nr/ret=0 allow=1
[seccomp] ts=28341435724799 pid=91691 tgid=91691 comm=runc:[2:INIT]    mode=FILTER   target=1 nr/ret=-1 allow=0
[seccomp] ts=28341435724799 pid=91691 tgid=91691 comm=runc:[2:INIT]    mode=FILTER   target=1 nr/ret=0 allow=1
[seccomp] ts=28341435726882 pid=91691 tgid=91691 comm=runc:[2:INIT]    mode=FILTER   target=1 nr/ret=-1 allow=0
[seccomp] ts=28341435726882 pid=91691 tgid=91691 comm=runc:[2:INIT]    mode=FILTER   target=1 nr/ret=0 allow=1
[seccomp] ts=28341435728424 pid=91691 tgid=91691 comm=runc:[2:INIT]    mode=FILTER   target=1 nr/ret=-1 allow=0
[seccomp] ts=28341435728424 pid=91691 tgid=91691 comm=runc:[2:INIT]    mode=FILTER   target=1 nr/ret=0 allow=1
[seccomp] ts=28341435730007 pid=91691 tgid=91691 comm=runc:[2:INIT]    mode=FILTER   target=1 nr/ret=-1 allow=0
[seccomp] ts=28341435730007 pid=91691 tgid=91691 comm=runc:[2:INIT]    mode=FILTER   target=1 nr/ret=0 allow=1
[seccomp] ts=28341435731466 pid=91691 tgid=91691 comm=runc:[2:INIT]    mode=FILTER   target=1 nr/ret=-1 allow=0
[seccomp] ts=28341435731466 pid=91691 tgid=91691 comm=runc:[2:INIT]    mode=FILTER   target=1 nr/ret=0 allow=1
[seccomp] ts=28341435733007 pid=91691 tgid=91691 comm=runc:[2:INIT]    mode=FILTER   target=1 nr/ret=-1 allow=0
[seccomp] ts=28341435733007 pid=91691 tgid=91691 comm=runc:[2:INIT]    mode=FILTER   target=1 nr/ret=0 allow=1
[seccomp] ts=28341435734924 pid=91691 tgid=91691 comm=runc:[2:INIT]    mode=FILTER   target=1 nr/ret=-1 allow=0
[seccomp] ts=28341435734924 pid=91691 tgid=91691 comm=runc:[2:INIT]    mode=FILTER   target=1 nr/ret=0 allow=1
[seccomp] ts=28341435737257 pid=91691 tgid=91691 comm=runc:[2:INIT]    mode=FILTER   target=1 nr/ret=-1 allow=0
[seccomp] ts=28341435737257 pid=91691 tgid=91691 comm=runc:[2:INIT]    mode=FILTER   target=1 nr/ret=0 allow=1
[seccomp] ts=28341435740299 pid=91691 tgid=91691 comm=runc:[2:INIT]    mode=FILTER   target=1 nr/ret=-1 allow=0
[seccomp] ts=28341435740299 pid=91691 tgid=91691 comm=runc:[2:INIT]    mode=FILTER   target=1 nr/ret=0 allow=1
[seccomp] ts=28341435742591 pid=91691 tgid=91691 comm=runc:[2:INIT]    mode=FILTER   target=1 nr/ret=-1 allow=0
[seccomp] ts=28341435742591 pid=91691 tgid=91691 comm=runc:[2:INIT]    mode=FILTER   target=1 nr/ret=0 allow=1
[seccomp] ts=28341435752007 pid=91691 tgid=91691 comm=runc:[2:INIT]    mode=FILTER   target=1 nr/ret=-1 allow=0
[seccomp] ts=28341435752007 pid=91691 tgid=91691 comm=runc:[2:INIT]    mode=FILTER   target=1 nr/ret=-1 allow=0
[seccomp] ts=28341435761132 pid=91691 tgid=91691 comm=runc:[2:INIT]    mode=FILTER   target=1 nr/ret=-1 allow=0
[seccomp] ts=28341435761132 pid=91691 tgid=91691 comm=runc:[2:INIT]    mode=FILTER   target=1 nr/ret=0 allow=1
[seccomp] ts=28341435764882 pid=91691 tgid=91691 comm=runc:[2:INIT]    mode=FILTER   target=1 nr/ret=-1 allow=0
[seccomp] ts=28341435764882 pid=91691 tgid=91691 comm=runc:[2:INIT]    mode=FILTER   target=1 nr/ret=0 allow=1
[seccomp] ts=28341435766757 pid=91691 tgid=91691 comm=runc:[2:INIT]    mode=FILTER   target=1 nr/ret=-1 allow=0
[seccomp] ts=28341435766757 pid=91691 tgid=91691 comm=runc:[2:INIT]    mode=FILTER   target=1 nr/ret=0 allow=1
[seccomp] ts=28341435769424 pid=91691 tgid=91691 comm=runc:[2:INIT]    mode=FILTER   target=1 nr/ret=-1 allow=0
[seccomp] ts=28341435769424 pid=91691 tgid=91691 comm=runc:[2:INIT]    mode=FILTER   target=1 nr/ret=0 allow=1
[seccomp] ts=28341435772132 pid=91691 tgid=91691 comm=runc:[2:INIT]    mode=FILTER   target=1 nr/ret=-1 allow=0
[seccomp] ts=28341435772132 pid=91691 tgid=91691 comm=runc:[2:INIT]    mode=FILTER   target=1 nr/ret=0 allow=1
[seccomp] ts=28341435775799 pid=91691 tgid=91691 comm=runc:[2:INIT]    mode=FILTER   target=1 nr/ret=-1 allow=0
[seccomp] ts=28341435775799 pid=91691 tgid=91691 comm=runc:[2:INIT]    mode=FILTER   target=1 nr/ret=0 allow=1
[seccomp] ts=28341435780757 pid=91691 tgid=91691 comm=runc:[2:INIT]    mode=FILTER   target=1 nr/ret=-1 allow=0
[seccomp] ts=28341435780757 pid=91691 tgid=91691 comm=runc:[2:INIT]    mode=FILTER   target=1 nr/ret=0 allow=1
[seccomp] ts=28341435783132 pid=91691 tgid=91691 comm=runc:[2:INIT]    mode=FILTER   target=1 nr/ret=-1 allow=0
[seccomp] ts=28341435783132 pid=91691 tgid=91691 comm=runc:[2:INIT]    mode=FILTER   target=1 nr/ret=0 allow=1
[seccomp] ts=28341435784757 pid=91691 tgid=91691 comm=runc:[2:INIT]    mode=FILTER   target=1 nr/ret=-1 allow=0
[seccomp] ts=28341435784757 pid=91691 tgid=91691 comm=runc:[2:INIT]    mode=FILTER   target=1 nr/ret=0 allow=1
[seccomp] ts=28341435786632 pid=91691 tgid=91691 comm=runc:[2:INIT]    mode=FILTER   target=1 nr/ret=-1 allow=0
[seccomp] ts=28341435786632 pid=91691 tgid=91691 comm=runc:[2:INIT]    mode=FILTER   target=1 nr/ret=0 allow=1
[seccomp] ts=28341435788591 pid=91691 tgid=91691 comm=runc:[2:INIT]    mode=FILTER   target=1 nr/ret=-1 allow=0
[seccomp] ts=28341435788591 pid=91691 tgid=91691 comm=runc:[2:INIT]    mode=FILTER   target=1 nr/ret=0 allow=1
[seccomp] ts=28341435790632 pid=91691 tgid=91691 comm=runc:[2:INIT]    mode=FILTER   target=1 nr/ret=-1 allow=0
[seccomp] ts=28341435790632 pid=91691 tgid=91691 comm=runc:[2:INIT]    mode=FILTER   target=1 nr/ret=0 allow=1
[seccomp] ts=28341435794091 pid=91691 tgid=91691 comm=runc:[2:INIT]    mode=FILTER   target=1 nr/ret=-1 allow=0
[seccomp] ts=28341435794091 pid=91691 tgid=91691 comm=runc:[2:INIT]    mode=FILTER   target=1 nr/ret=0 allow=1
[seccomp] ts=28341435795716 pid=91691 tgid=91691 comm=runc:[2:INIT]    mode=FILTER   target=1 nr/ret=-1 allow=0
[seccomp] ts=28341435795716 pid=91691 tgid=91691 comm=runc:[2:INIT]    mode=FILTER   target=1 nr/ret=0 allow=1
[seccomp] ts=28341435797757 pid=91691 tgid=91691 comm=runc:[2:INIT]    mode=FILTER   target=1 nr/ret=-1 allow=0
[seccomp] ts=28341435797757 pid=91691 tgid=91691 comm=runc:[2:INIT]    mode=FILTER   target=1 nr/ret=0 allow=1
[seccomp] ts=28341435800132 pid=91691 tgid=91691 comm=runc:[2:INIT]    mode=FILTER   target=1 nr/ret=-1 allow=0
[seccomp] ts=28341435800132 pid=91691 tgid=91691 comm=runc:[2:INIT]    mode=FILTER   target=1 nr/ret=0 allow=1
[seccomp] ts=28341435802507 pid=91691 tgid=91691 comm=runc:[2:INIT]    mode=FILTER   target=1 nr/ret=-1 allow=0
[seccomp] ts=28341435802507 pid=91691 tgid=91691 comm=runc:[2:INIT]    mode=FILTER   target=1 nr/ret=0 allow=1
[seccomp] ts=28341435809632 pid=91691 tgid=91691 comm=runc:[2:INIT]    mode=FILTER   target=1 nr/ret=-1 allow=0
[seccomp] ts=28341435809632 pid=91691 tgid=91691 comm=runc:[2:INIT]    mode=FILTER   target=1 nr/ret=0 allow=1
[seccomp] ts=28341435813091 pid=91691 tgid=91691 comm=runc:[2:INIT]    mode=FILTER   target=1 nr/ret=-1 allow=0
[seccomp] ts=28341435813091 pid=91691 tgid=91691 comm=runc:[2:INIT]    mode=FILTER   target=1 nr/ret=0 allow=1
[seccomp] ts=28341435841674 pid=91691 tgid=91691 comm=runc:[2:INIT]    mode=FILTER   target=1 nr/ret=-1 allow=0
[seccomp] ts=28341435841674 pid=91691 tgid=91691 comm=runc:[2:INIT]    mode=FILTER   target=1 nr/ret=0 allow=1
[seccomp] ts=28341435843382 pid=91691 tgid=91691 comm=runc:[2:INIT]    mode=FILTER   target=1 nr/ret=-1 allow=0
[seccomp] ts=28341435843382 pid=91691 tgid=91691 comm=runc:[2:INIT]    mode=FILTER   target=1 nr/ret=0 allow=1
[seccomp] ts=28341435845299 pid=91691 tgid=91691 comm=runc:[2:INIT]    mode=FILTER   target=1 nr/ret=-1 allow=0
[seccomp] ts=28341435845299 pid=91691 tgid=91691 comm=runc:[2:INIT]    mode=FILTER   target=1 nr/ret=0 allow=1
[seccomp] ts=28341435846966 pid=91691 tgid=91691 comm=runc:[2:INIT]    mode=FILTER   target=1 nr/ret=-1 allow=0
[seccomp] ts=28341435846966 pid=91691 tgid=91691 comm=runc:[2:INIT]    mode=FILTER   target=1 nr/ret=0 allow=1
[seccomp] ts=28341435849216 pid=91691 tgid=91691 comm=runc:[2:INIT]    mode=FILTER   target=1 nr/ret=-1 allow=0
[seccomp] ts=28341435849216 pid=91691 tgid=91691 comm=runc:[2:INIT]    mode=FILTER   target=1 nr/ret=0 allow=1
[seccomp] ts=28341435851757 pid=91691 tgid=91691 comm=runc:[2:INIT]    mode=FILTER   target=1 nr/ret=-1 allow=0
[seccomp] ts=28341435851757 pid=91691 tgid=91691 comm=runc:[2:INIT]    mode=FILTER   target=1 nr/ret=0 allow=1
[seccomp] ts=28341435860216 pid=91691 tgid=91691 comm=runc:[2:INIT]    mode=FILTER   target=1 nr/ret=-1 allow=0
[seccomp] ts=28341435860216 pid=91691 tgid=91691 comm=runc:[2:INIT]    mode=FILTER   target=1 nr/ret=0 allow=1
[seccomp] ts=28341435861882 pid=91691 tgid=91691 comm=runc:[2:INIT]    mode=FILTER   target=1 nr/ret=-1 allow=0
[seccomp] ts=28341435861882 pid=91691 tgid=91691 comm=runc:[2:INIT]    mode=FILTER   target=1 nr/ret=0 allow=1
[seccomp] ts=28341435863799 pid=91691 tgid=91691 comm=runc:[2:INIT]    mode=FILTER   target=1 nr/ret=-1 allow=0
[seccomp] ts=28341435863799 pid=91691 tgid=91691 comm=runc:[2:INIT]    mode=FILTER   target=1 nr/ret=0 allow=1
[seccomp] ts=28341435866007 pid=91691 tgid=91691 comm=runc:[2:INIT]    mode=FILTER   target=1 nr/ret=-1 allow=0
[seccomp] ts=28341435866007 pid=91691 tgid=91691 comm=runc:[2:INIT]    mode=FILTER   target=1 nr/ret=0 allow=1
[seccomp] ts=28341435867924 pid=91691 tgid=91691 comm=runc:[2:INIT]    mode=FILTER   target=1 nr/ret=-1 allow=0
[seccomp] ts=28341435867924 pid=91691 tgid=91691 comm=runc:[2:INIT]    mode=FILTER   target=1 nr/ret=0 allow=1
[seccomp] ts=28341435872507 pid=91691 tgid=91691 comm=runc:[2:INIT]    mode=FILTER   target=1 nr/ret=-1 allow=0
[seccomp] ts=28341435872507 pid=91691 tgid=91691 comm=runc:[2:INIT]    mode=FILTER   target=1 nr/ret=0 allow=1
[seccomp] ts=28341435875216 pid=91691 tgid=91691 comm=runc:[2:INIT]    mode=FILTER   target=1 nr/ret=-1 allow=0
[seccomp] ts=28341435875216 pid=91691 tgid=91691 comm=runc:[2:INIT]    mode=FILTER   target=1 nr/ret=0 allow=1
[seccomp] ts=28341435878799 pid=91691 tgid=91691 comm=runc:[2:INIT]    mode=FILTER   target=1 nr/ret=-1 allow=0
[seccomp] ts=28341435878799 pid=91691 tgid=91691 comm=runc:[2:INIT]    mode=FILTER   target=1 nr/ret=0 allow=1
[seccomp] ts=28341435881299 pid=91691 tgid=91691 comm=runc:[2:INIT]    mode=FILTER   target=1 nr/ret=-1 allow=0
[seccomp] ts=28341435881299 pid=91691 tgid=91691 comm=runc:[2:INIT]    mode=FILTER   target=1 nr/ret=0 allow=1
[seccomp] ts=28341435885924 pid=91691 tgid=91691 comm=runc:[2:INIT]    mode=FILTER   target=1 nr/ret=-1 allow=0
[seccomp] ts=28341435885924 pid=91691 tgid=91691 comm=runc:[2:INIT]    mode=FILTER   target=1 nr/ret=0 allow=1
[seccomp] ts=28341435890007 pid=91691 tgid=91691 comm=runc:[2:INIT]    mode=FILTER   target=1 nr/ret=-1 allow=0
[seccomp] ts=28341435890007 pid=91691 tgid=91691 comm=runc:[2:INIT]    mode=FILTER   target=1 nr/ret=0 allow=1
[seccomp] ts=28341435892007 pid=91691 tgid=91691 comm=runc:[2:INIT]    mode=FILTER   target=1 nr/ret=-1 allow=0
[seccomp] ts=28341435892007 pid=91691 tgid=91691 comm=runc:[2:INIT]    mode=FILTER   target=1 nr/ret=0 allow=1
[seccomp] ts=28341435894841 pid=91691 tgid=91691 comm=runc:[2:INIT]    mode=FILTER   target=1 nr/ret=-1 allow=0
[seccomp] ts=28341435894841 pid=91691 tgid=91691 comm=runc:[2:INIT]    mode=FILTER   target=1 nr/ret=0 allow=1
[seccomp] ts=28341435897466 pid=91691 tgid=91691 comm=runc:[2:INIT]    mode=FILTER   target=1 nr/ret=-1 allow=0
[seccomp] ts=28341435897466 pid=91691 tgid=91691 comm=runc:[2:INIT]    mode=FILTER   target=1 nr/ret=0 allow=1
[seccomp] ts=28341435899591 pid=91691 tgid=91691 comm=runc:[2:INIT]    mode=FILTER   target=1 nr/ret=-1 allow=0
[seccomp] ts=28341435899591 pid=91691 tgid=91691 comm=runc:[2:INIT]    mode=FILTER   target=1 nr/ret=0 allow=1
[seccomp] ts=28341435901924 pid=91691 tgid=91691 comm=runc:[2:INIT]    mode=FILTER   target=1 nr/ret=-1 allow=0
[seccomp] ts=28341435901924 pid=91691 tgid=91691 comm=runc:[2:INIT]    mode=FILTER   target=1 nr/ret=0 allow=1
[seccomp] ts=28341435905674 pid=91691 tgid=91691 comm=runc:[2:INIT]    mode=FILTER   target=1 nr/ret=-1 allow=0
[seccomp] ts=28341435905674 pid=91691 tgid=91691 comm=runc:[2:INIT]    mode=FILTER   target=1 nr/ret=0 allow=1
[seccomp] ts=28341435907674 pid=91691 tgid=91691 comm=runc:[2:INIT]    mode=FILTER   target=1 nr/ret=-1 allow=0
[seccomp] ts=28341435907674 pid=91691 tgid=91691 comm=runc:[2:INIT]    mode=FILTER   target=1 nr/ret=0 allow=1
[seccomp] ts=28341435911841 pid=91691 tgid=91691 comm=runc:[2:INIT]    mode=FILTER   target=1 nr/ret=-1 allow=0
[seccomp] ts=28341435911841 pid=91691 tgid=91691 comm=runc:[2:INIT]    mode=FILTER   target=1 nr/ret=0 allow=1
[seccomp] ts=28341435919007 pid=91691 tgid=91691 comm=runc:[2:INIT]    mode=FILTER   target=1 nr/ret=-1 allow=0
[seccomp] ts=28341435919007 pid=91691 tgid=91691 comm=runc:[2:INIT]    mode=FILTER   target=1 nr/ret=0 allow=1
[seccomp] ts=28341435920716 pid=91691 tgid=91691 comm=runc:[2:INIT]    mode=FILTER   target=1 nr/ret=-1 allow=0
[seccomp] ts=28341435920716 pid=91691 tgid=91691 comm=runc:[2:INIT]    mode=FILTER   target=1 nr/ret=0 allow=1
[seccomp] ts=28341435933674 pid=91691 tgid=91691 comm=runc:[2:INIT]    mode=FILTER   target=1 nr/ret=-1 allow=0
[seccomp] ts=28341435933674 pid=91691 tgid=91691 comm=runc:[2:INIT]    mode=FILTER   target=1 nr/ret=0 allow=1
[seccomp] ts=28341435935466 pid=91691 tgid=91691 comm=runc:[2:INIT]    mode=FILTER   target=1 nr/ret=-1 allow=0
[seccomp] ts=28341435935466 pid=91691 tgid=91691 comm=runc:[2:INIT]    mode=FILTER   target=1 nr/ret=0 allow=1
[seccomp] ts=28341435946007 pid=91691 tgid=91691 comm=runc:[2:INIT]    mode=FILTER   target=1 nr/ret=-1 allow=0
[seccomp] ts=28341435946007 pid=91691 tgid=91691 comm=runc:[2:INIT]    mode=FILTER   target=1 nr/ret=0 allow=1
[seccomp] ts=28341435987132 pid=91691 tgid=91691 comm=runc:[2:INIT]    mode=FILTER   target=1 nr/ret=-1 allow=0
[seccomp] ts=28341435987132 pid=91691 tgid=91691 comm=runc:[2:INIT]    mode=FILTER   target=1 nr/ret=0 allow=1
[seccomp] ts=28341436019466 pid=91691 tgid=91691 comm=runc:[2:INIT]    mode=FILTER   target=1 nr/ret=-1 allow=0
[seccomp] ts=28341436019466 pid=91691 tgid=91691 comm=runc:[2:INIT]    mode=FILTER   target=1 nr/ret=0 allow=1
[seccomp] ts=28341436021049 pid=91691 tgid=91691 comm=runc:[2:INIT]    mode=FILTER   target=1 nr/ret=-1 allow=0
[seccomp] ts=28341436021049 pid=91691 tgid=91691 comm=runc:[2:INIT]    mode=FILTER   target=1 nr/ret=0 allow=1
[seccomp] ts=28341436038174 pid=91691 tgid=91691 comm=runc:[2:INIT]    mode=FILTER   target=1 nr/ret=-1 allow=0
[seccomp] ts=28341436038174 pid=91691 tgid=91691 comm=runc:[2:INIT]    mode=FILTER   target=1 nr/ret=0 allow=1
[seccomp] ts=28341436039716 pid=91691 tgid=91691 comm=runc:[2:INIT]    mode=FILTER   target=1 nr/ret=-1 allow=0
[seccomp] ts=28341436039716 pid=91691 tgid=91691 comm=runc:[2:INIT]    mode=FILTER   target=1 nr/ret=0 allow=1
[seccomp] ts=28341436049924 pid=91691 tgid=91691 comm=runc:[2:INIT]    mode=FILTER   target=1 nr/ret=-1 allow=0
[seccomp] ts=28341436049924 pid=91691 tgid=91691 comm=runc:[2:INIT]    mode=FILTER   target=1 nr/ret=0 allow=1
[seccomp] ts=28341436252591 pid=91691 tgid=91691 comm=runc:[2:INIT]    mode=FILTER   target=1 nr/ret=-1 allow=0
[seccomp] ts=28341436252591 pid=91691 tgid=91691 comm=runc:[2:INIT]    mode=FILTER   target=1 nr/ret=0 allow=1
[seccomp] ts=28341436294757 pid=91691 tgid=91691 comm=runc:[2:INIT]    mode=FILTER   target=1 nr/ret=-1 allow=0
[seccomp] ts=28341436294757 pid=91691 tgid=91691 comm=runc:[2:INIT]    mode=FILTER   target=1 nr/ret=0 allow=1
[seccomp] ts=28341436296716 pid=91691 tgid=91691 comm=runc:[2:INIT]    mode=FILTER   target=1 nr/ret=-1 allow=0
[seccomp] ts=28341436296716 pid=91691 tgid=91691 comm=runc:[2:INIT]    mode=FILTER   target=1 nr/ret=0 allow=1
[seccomp] ts=28341436313216 pid=91691 tgid=91691 comm=runc:[2:INIT]    mode=FILTER   target=1 nr/ret=-1 allow=0
[seccomp] ts=28341436313216 pid=91691 tgid=91691 comm=runc:[2:INIT]    mode=FILTER   target=1 nr/ret=0 allow=1
[seccomp] ts=28341436314966 pid=91691 tgid=91691 comm=runc:[2:INIT]    mode=FILTER   target=1 nr/ret=-1 allow=0
[seccomp] ts=28341436314966 pid=91691 tgid=91691 comm=runc:[2:INIT]    mode=FILTER   target=1 nr/ret=0 allow=1
[seccomp] ts=28341436327841 pid=91691 tgid=91691 comm=runc:[2:INIT]    mode=FILTER   target=1 nr/ret=-1 allow=0
[seccomp] ts=28341436327841 pid=91691 tgid=91691 comm=runc:[2:INIT]    mode=FILTER   target=1 nr/ret=0 allow=1
[seccomp] ts=28341436415799 pid=91691 tgid=91691 comm=runc:[2:INIT]    mode=FILTER   target=1 nr/ret=-1 allow=0
[seccomp] ts=28341436415799 pid=91691 tgid=91691 comm=runc:[2:INIT]    mode=FILTER   target=1 nr/ret=0 allow=1
[seccomp] ts=28341436450216 pid=91691 tgid=91691 comm=runc:[2:INIT]    mode=FILTER   target=1 nr/ret=-1 allow=0
[seccomp] ts=28341436450216 pid=91691 tgid=91691 comm=runc:[2:INIT]    mode=FILTER   target=1 nr/ret=0 allow=1
[seccomp] ts=28341436451924 pid=91691 tgid=91691 comm=runc:[2:INIT]    mode=FILTER   target=1 nr/ret=-1 allow=0
[seccomp] ts=28341436451924 pid=91691 tgid=91691 comm=runc:[2:INIT]    mode=FILTER   target=1 nr/ret=0 allow=1
[seccomp] ts=28341436464424 pid=91691 tgid=91691 comm=runc:[2:INIT]    mode=FILTER   target=1 nr/ret=-1 allow=0
[seccomp] ts=28341436464424 pid=91691 tgid=91691 comm=runc:[2:INIT]    mode=FILTER   target=1 nr/ret=0 allow=1
[seccomp] ts=28341436481549 pid=91691 tgid=91691 comm=runc:[2:INIT]    mode=FILTER   target=1 nr/ret=-1 allow=0
[seccomp] ts=28341436481549 pid=91691 tgid=91691 comm=runc:[2:INIT]    mode=FILTER   target=1 nr/ret=0 allow=1
[seccomp] ts=28341436490632 pid=91691 tgid=91691 comm=runc:[2:INIT]    mode=FILTER   target=1 nr/ret=-1 allow=0
[seccomp] ts=28341436490632 pid=91691 tgid=91691 comm=runc:[2:INIT]    mode=FILTER   target=1 nr/ret=0 allow=1
[seccomp] ts=28341436576466 pid=91691 tgid=91691 comm=runc:[2:INIT]    mode=FILTER   target=1 nr/ret=-1 allow=0
[seccomp] ts=28341436576466 pid=91691 tgid=91691 comm=runc:[2:INIT]    mode=FILTER   target=1 nr/ret=0 allow=1
[seccomp] ts=28341436609216 pid=91691 tgid=91691 comm=runc:[2:INIT]    mode=FILTER   target=1 nr/ret=-1 allow=0
[seccomp] ts=28341436609216 pid=91691 tgid=91691 comm=runc:[2:INIT]    mode=FILTER   target=1 nr/ret=0 allow=1
[seccomp] ts=28341436611674 pid=91691 tgid=91691 comm=runc:[2:INIT]    mode=FILTER   target=1 nr/ret=-1 allow=0
[seccomp] ts=28341436611674 pid=91691 tgid=91691 comm=runc:[2:INIT]    mode=FILTER   target=1 nr/ret=0 allow=1
[seccomp] ts=28341436615216 pid=91691 tgid=91691 comm=runc:[2:INIT]    mode=FILTER   target=1 nr/ret=-1 allow=0
[seccomp] ts=28341436615216 pid=91691 tgid=91691 comm=runc:[2:INIT]    mode=FILTER   target=1 nr/ret=0 allow=1
[seccomp] ts=28341436616966 pid=91691 tgid=91691 comm=runc:[2:INIT]    mode=FILTER   target=1 nr/ret=-1 allow=0
[seccomp] ts=28341436616966 pid=91691 tgid=91691 comm=runc:[2:INIT]    mode=FILTER   target=1 nr/ret=0 allow=1
[seccomp] ts=28341436618507 pid=91691 tgid=91691 comm=runc:[2:INIT]    mode=FILTER   target=1 nr/ret=-1 allow=0
[seccomp] ts=28341436618507 pid=91691 tgid=91691 comm=runc:[2:INIT]    mode=FILTER   target=1 nr/ret=0 allow=1
[seccomp] ts=28341436619924 pid=91691 tgid=91691 comm=runc:[2:INIT]    mode=FILTER   target=1 nr/ret=-1 allow=0
[seccomp] ts=28341436619924 pid=91691 tgid=91691 comm=runc:[2:INIT]    mode=FILTER   target=1 nr/ret=0 allow=1
[seccomp] ts=28341436621424 pid=91691 tgid=91691 comm=runc:[2:INIT]    mode=FILTER   target=1 nr/ret=-1 allow=0
[seccomp] ts=28341436621424 pid=91691 tgid=91691 comm=runc:[2:INIT]    mode=FILTER   target=1 nr/ret=0 allow=1
[seccomp] ts=28341436622966 pid=91691 tgid=91691 comm=runc:[2:INIT]    mode=FILTER   target=1 nr/ret=-1 allow=0
[seccomp] ts=28341436622966 pid=91691 tgid=91691 comm=runc:[2:INIT]    mode=FILTER   target=1 nr/ret=0 allow=1
[seccomp] ts=28341436625257 pid=91691 tgid=91691 comm=runc:[2:INIT]    mode=FILTER   target=1 nr/ret=-1 allow=0
[seccomp] ts=28341436625257 pid=91691 tgid=91691 comm=runc:[2:INIT]    mode=FILTER   target=1 nr/ret=0 allow=1
[seccomp] ts=28341436626757 pid=91691 tgid=91691 comm=runc:[2:INIT]    mode=FILTER   target=1 nr/ret=-1 allow=0
[seccomp] ts=28341436626757 pid=91691 tgid=91691 comm=runc:[2:INIT]    mode=FILTER   target=1 nr/ret=0 allow=1
[seccomp] ts=28341436628341 pid=91691 tgid=91691 comm=runc:[2:INIT]    mode=FILTER   target=1 nr/ret=-1 allow=0
[seccomp] ts=28341436628341 pid=91691 tgid=91691 comm=runc:[2:INIT]    mode=FILTER   target=1 nr/ret=0 allow=1
[seccomp] ts=28341436629841 pid=91691 tgid=91691 comm=runc:[2:INIT]    mode=FILTER   target=1 nr/ret=-1 allow=0
[seccomp] ts=28341436629841 pid=91691 tgid=91691 comm=runc:[2:INIT]    mode=FILTER   target=1 nr/ret=0 allow=1
[seccomp] ts=28341436631466 pid=91691 tgid=91691 comm=runc:[2:INIT]    mode=FILTER   target=1 nr/ret=-1 allow=0
[seccomp] ts=28341436631466 pid=91691 tgid=91691 comm=runc:[2:INIT]    mode=FILTER   target=1 nr/ret=0 allow=1
[seccomp] ts=28341436633132 pid=91691 tgid=91691 comm=runc:[2:INIT]    mode=FILTER   target=1 nr/ret=-1 allow=0
[seccomp] ts=28341436633132 pid=91691 tgid=91691 comm=runc:[2:INIT]    mode=FILTER   target=1 nr/ret=0 allow=1
[seccomp] ts=28341436634924 pid=91691 tgid=91691 comm=runc:[2:INIT]    mode=FILTER   target=1 nr/ret=-1 allow=0
[seccomp] ts=28341436634924 pid=91691 tgid=91691 comm=runc:[2:INIT]    mode=FILTER   target=1 nr/ret=0 allow=1
[seccomp] ts=28341436636466 pid=91691 tgid=91691 comm=runc:[2:INIT]    mode=FILTER   target=1 nr/ret=-1 allow=0
[seccomp] ts=28341436636466 pid=91691 tgid=91691 comm=runc:[2:INIT]    mode=FILTER   target=1 nr/ret=0 allow=1
[seccomp] ts=28341436638091 pid=91691 tgid=91691 comm=runc:[2:INIT]    mode=FILTER   target=1 nr/ret=-1 allow=0
[seccomp] ts=28341436638091 pid=91691 tgid=91691 comm=runc:[2:INIT]    mode=FILTER   target=1 nr/ret=0 allow=1
[seccomp] ts=28341436639757 pid=91691 tgid=91691 comm=runc:[2:INIT]    mode=FILTER   target=1 nr/ret=-1 allow=0
[seccomp] ts=28341436639757 pid=91691 tgid=91691 comm=runc:[2:INIT]    mode=FILTER   target=1 nr/ret=0 allow=1
[seccomp] ts=28341436641299 pid=91691 tgid=91691 comm=runc:[2:INIT]    mode=FILTER   target=1 nr/ret=-1 allow=0
[seccomp] ts=28341436641299 pid=91691 tgid=91691 comm=runc:[2:INIT]    mode=FILTER   target=1 nr/ret=0 allow=1
[seccomp] ts=28341436642924 pid=91691 tgid=91691 comm=runc:[2:INIT]    mode=FILTER   target=1 nr/ret=-1 allow=0
[seccomp] ts=28341436642924 pid=91691 tgid=91691 comm=runc:[2:INIT]    mode=FILTER   target=1 nr/ret=0 allow=1
[seccomp] ts=28341436644507 pid=91691 tgid=91691 comm=runc:[2:INIT]    mode=FILTER   target=1 nr/ret=-1 allow=0
[seccomp] ts=28341436644507 pid=91691 tgid=91691 comm=runc:[2:INIT]    mode=FILTER   target=1 nr/ret=0 allow=1
[seccomp] ts=28341436646049 pid=91691 tgid=91691 comm=runc:[2:INIT]    mode=FILTER   target=1 nr/ret=-1 allow=0
[seccomp] ts=28341436646049 pid=91691 tgid=91691 comm=runc:[2:INIT]    mode=FILTER   target=1 nr/ret=0 allow=1
[seccomp] ts=28341436647591 pid=91691 tgid=91691 comm=runc:[2:INIT]    mode=FILTER   target=1 nr/ret=-1 allow=0
[seccomp] ts=28341436647591 pid=91691 tgid=91691 comm=runc:[2:INIT]    mode=FILTER   target=1 nr/ret=0 allow=1
[seccomp] ts=28341436649049 pid=91691 tgid=91691 comm=runc:[2:INIT]    mode=FILTER   target=1 nr/ret=-1 allow=0
[seccomp] ts=28341436649049 pid=91691 tgid=91691 comm=runc:[2:INIT]    mode=FILTER   target=1 nr/ret=0 allow=1
[seccomp] ts=28341436650549 pid=91691 tgid=91691 comm=runc:[2:INIT]    mode=FILTER   target=1 nr/ret=-1 allow=0
[seccomp] ts=28341436650549 pid=91691 tgid=91691 comm=runc:[2:INIT]    mode=FILTER   target=1 nr/ret=0 allow=1
[seccomp] ts=28341436652007 pid=91691 tgid=91691 comm=runc:[2:INIT]    mode=FILTER   target=1 nr/ret=-1 allow=0
[seccomp] ts=28341436652007 pid=91691 tgid=91691 comm=runc:[2:INIT]    mode=FILTER   target=1 nr/ret=0 allow=1
[seccomp] ts=28341436653341 pid=91691 tgid=91691 comm=runc:[2:INIT]    mode=FILTER   target=1 nr/ret=-1 allow=0
[seccomp] ts=28341436653341 pid=91691 tgid=91691 comm=runc:[2:INIT]    mode=FILTER   target=1 nr/ret=0 allow=1
[seccomp] ts=28341436654716 pid=91691 tgid=91691 comm=runc:[2:INIT]    mode=FILTER   target=1 nr/ret=-1 allow=0
[seccomp] ts=28341436654716 pid=91691 tgid=91691 comm=runc:[2:INIT]    mode=FILTER   target=1 nr/ret=0 allow=1
[seccomp] ts=28341436656882 pid=91691 tgid=91691 comm=runc:[2:INIT]    mode=FILTER   target=1 nr/ret=-1 allow=0
[seccomp] ts=28341436656882 pid=91691 tgid=91691 comm=runc:[2:INIT]    mode=FILTER   target=1 nr/ret=0 allow=1
[seccomp] ts=28341436658674 pid=91691 tgid=91691 comm=runc:[2:INIT]    mode=FILTER   target=1 nr/ret=-1 allow=0
[seccomp] ts=28341436658674 pid=91691 tgid=91691 comm=runc:[2:INIT]    mode=FILTER   target=1 nr/ret=0 allow=1
[seccomp] ts=28341436660341 pid=91691 tgid=91691 comm=runc:[2:INIT]    mode=FILTER   target=1 nr/ret=-1 allow=0
[seccomp] ts=28341436660341 pid=91691 tgid=91691 comm=runc:[2:INIT]    mode=FILTER   target=1 nr/ret=0 allow=1
[seccomp] ts=28341436662382 pid=91691 tgid=91691 comm=runc:[2:INIT]    mode=FILTER   target=1 nr/ret=-1 allow=0
[seccomp] ts=28341436662382 pid=91691 tgid=91691 comm=runc:[2:INIT]    mode=FILTER   target=1 nr/ret=0 allow=1
[seccomp] ts=28341436666299 pid=91691 tgid=91691 comm=runc:[2:INIT]    mode=FILTER   target=1 nr/ret=-1 allow=0
[seccomp] ts=28341436666299 pid=91691 tgid=91691 comm=runc:[2:INIT]    mode=FILTER   target=1 nr/ret=0 allow=1
[seccomp] ts=28341436679549 pid=91691 tgid=91691 comm=runc:[2:INIT]    mode=FILTER   target=1 nr/ret=-1 allow=0
[seccomp] ts=28341436679549 pid=91691 tgid=91691 comm=runc:[2:INIT]    mode=FILTER   target=1 nr/ret=0 allow=1
[seccomp] ts=28341436683632 pid=91691 tgid=91691 comm=runc:[2:INIT]    mode=FILTER   target=1 nr/ret=-1 allow=0
[seccomp] ts=28341436683632 pid=91691 tgid=91691 comm=runc:[2:INIT]    mode=FILTER   target=1 nr/ret=0 allow=1
[seccomp] ts=28341436753382 pid=91691 tgid=91691 comm=runc:[2:INIT]    mode=FILTER   target=1 nr/ret=-1 allow=0
[seccomp] ts=28341436753382 pid=91691 tgid=91691 comm=runc:[2:INIT]    mode=FILTER   target=1 nr/ret=0 allow=1
[seccomp] ts=28341436795049 pid=91691 tgid=91691 comm=runc:[2:INIT]    mode=FILTER   target=1 nr/ret=-1 allow=0
[seccomp] ts=28341436795049 pid=91691 tgid=91691 comm=runc:[2:INIT]    mode=FILTER   target=1 nr/ret=0 allow=1
[seccomp] ts=28341436799799 pid=91691 tgid=91691 comm=runc:[2:INIT]    mode=FILTER   target=1 nr/ret=-1 allow=0
[seccomp] ts=28341436799799 pid=91691 tgid=91691 comm=runc:[2:INIT]    mode=FILTER   target=1 nr/ret=0 allow=1
[seccomp] ts=28341436801424 pid=91691 tgid=91691 comm=runc:[2:INIT]    mode=FILTER   target=1 nr/ret=-1 allow=0
[seccomp] ts=28341436801424 pid=91691 tgid=91691 comm=runc:[2:INIT]    mode=FILTER   target=1 nr/ret=0 allow=1
[seccomp] ts=28341436803507 pid=91691 tgid=91691 comm=runc:[2:INIT]    mode=FILTER   target=1 nr/ret=-1 allow=0
[seccomp] ts=28341436803507 pid=91691 tgid=91691 comm=runc:[2:INIT]    mode=FILTER   target=1 nr/ret=0 allow=1
[seccomp] ts=28341436805299 pid=91691 tgid=91691 comm=runc:[2:INIT]    mode=FILTER   target=1 nr/ret=-1 allow=0
[seccomp] ts=28341436805299 pid=91691 tgid=91691 comm=runc:[2:INIT]    mode=FILTER   target=1 nr/ret=0 allow=1
[seccomp] ts=28341436807966 pid=91691 tgid=91691 comm=runc:[2:INIT]    mode=FILTER   target=1 nr/ret=-1 allow=0
[seccomp] ts=28341436807966 pid=91691 tgid=91691 comm=runc:[2:INIT]    mode=FILTER   target=1 nr/ret=0 allow=1
[seccomp] ts=28341436811674 pid=91691 tgid=91691 comm=runc:[2:INIT]    mode=FILTER   target=1 nr/ret=-1 allow=0
[seccomp] ts=28341436811674 pid=91691 tgid=91691 comm=runc:[2:INIT]    mode=FILTER   target=1 nr/ret=0 allow=1
[seccomp] ts=28341436813049 pid=91691 tgid=91691 comm=runc:[2:INIT]    mode=FILTER   target=1 nr/ret=-1 allow=0
[seccomp] ts=28341436813049 pid=91691 tgid=91691 comm=runc:[2:INIT]    mode=FILTER   target=1 nr/ret=0 allow=1
[seccomp] ts=28341436814591 pid=91691 tgid=91691 comm=runc:[2:INIT]    mode=FILTER   target=1 nr/ret=-1 allow=0
[seccomp] ts=28341436814591 pid=91691 tgid=91691 comm=runc:[2:INIT]    mode=FILTER   target=1 nr/ret=0 allow=1
[seccomp] ts=28341436816674 pid=91691 tgid=91691 comm=runc:[2:INIT]    mode=FILTER   target=1 nr/ret=-1 allow=0
[seccomp] ts=28341436816674 pid=91691 tgid=91691 comm=runc:[2:INIT]    mode=FILTER   target=1 nr/ret=0 allow=1
[seccomp] ts=28341436818507 pid=91691 tgid=91691 comm=runc:[2:INIT]    mode=FILTER   target=1 nr/ret=-1 allow=0
[seccomp] ts=28341436818507 pid=91691 tgid=91691 comm=runc:[2:INIT]    mode=FILTER   target=1 nr/ret=0 allow=1
[seccomp] ts=28341436823132 pid=91691 tgid=91691 comm=runc:[2:INIT]    mode=FILTER   target=1 nr/ret=-1 allow=0
[seccomp] ts=28341436823132 pid=91691 tgid=91691 comm=runc:[2:INIT]    mode=FILTER   target=1 nr/ret=0 allow=1
[seccomp] ts=28341436825924 pid=91691 tgid=91691 comm=runc:[2:INIT]    mode=FILTER   target=1 nr/ret=-1 allow=0
[seccomp] ts=28341436825924 pid=91691 tgid=91691 comm=runc:[2:INIT]    mode=FILTER   target=1 nr/ret=0 allow=1
[seccomp] ts=28341436827882 pid=91691 tgid=91691 comm=runc:[2:INIT]    mode=FILTER   target=1 nr/ret=-1 allow=0
[seccomp] ts=28341436827882 pid=91691 tgid=91691 comm=runc:[2:INIT]    mode=FILTER   target=1 nr/ret=0 allow=1
[seccomp] ts=28341436829132 pid=91691 tgid=91691 comm=runc:[2:INIT]    mode=FILTER   target=1 nr/ret=-1 allow=0
[seccomp] ts=28341436829132 pid=91691 tgid=91691 comm=runc:[2:INIT]    mode=FILTER   target=1 nr/ret=0 allow=1
[seccomp] ts=28341436830507 pid=91691 tgid=91691 comm=runc:[2:INIT]    mode=FILTER   target=1 nr/ret=-1 allow=0
[seccomp] ts=28341436830507 pid=91691 tgid=91691 comm=runc:[2:INIT]    mode=FILTER   target=1 nr/ret=0 allow=1
[seccomp] ts=28341436832007 pid=91691 tgid=91691 comm=runc:[2:INIT]    mode=FILTER   target=1 nr/ret=-1 allow=0
[seccomp] ts=28341436832007 pid=91691 tgid=91691 comm=runc:[2:INIT]    mode=FILTER   target=1 nr/ret=0 allow=1
[seccomp] ts=28341436833674 pid=91691 tgid=91691 comm=runc:[2:INIT]    mode=FILTER   target=1 nr/ret=-1 allow=0
[seccomp] ts=28341436833674 pid=91691 tgid=91691 comm=runc:[2:INIT]    mode=FILTER   target=1 nr/ret=0 allow=1
[seccomp] ts=28341436835466 pid=91691 tgid=91691 comm=runc:[2:INIT]    mode=FILTER   target=1 nr/ret=-1 allow=0
[seccomp] ts=28341436835466 pid=91691 tgid=91691 comm=runc:[2:INIT]    mode=FILTER   target=1 nr/ret=0 allow=1
[seccomp] ts=28341436836716 pid=91691 tgid=91691 comm=runc:[2:INIT]    mode=FILTER   target=1 nr/ret=-1 allow=0
[seccomp] ts=28341436836716 pid=91691 tgid=91691 comm=runc:[2:INIT]    mode=FILTER   target=1 nr/ret=0 allow=1
[seccomp] ts=28341436838174 pid=91691 tgid=91691 comm=runc:[2:INIT]    mode=FILTER   target=1 nr/ret=-1 allow=0
[seccomp] ts=28341436838174 pid=91691 tgid=91691 comm=runc:[2:INIT]    mode=FILTER   target=1 nr/ret=0 allow=1
[seccomp] ts=28341436839882 pid=91691 tgid=91691 comm=runc:[2:INIT]    mode=FILTER   target=1 nr/ret=-1 allow=0
[seccomp] ts=28341436839882 pid=91691 tgid=91691 comm=runc:[2:INIT]    mode=FILTER   target=1 nr/ret=0 allow=1
[seccomp] ts=28341436841257 pid=91691 tgid=91691 comm=runc:[2:INIT]    mode=FILTER   target=1 nr/ret=-1 allow=0
[seccomp] ts=28341436841257 pid=91691 tgid=91691 comm=runc:[2:INIT]    mode=FILTER   target=1 nr/ret=0 allow=1
[seccomp] ts=28341436843382 pid=91691 tgid=91691 comm=runc:[2:INIT]    mode=FILTER   target=1 nr/ret=-1 allow=0
[seccomp] ts=28341436843382 pid=91691 tgid=91691 comm=runc:[2:INIT]    mode=FILTER   target=1 nr/ret=0 allow=1
[seccomp] ts=28341436845466 pid=91691 tgid=91691 comm=runc:[2:INIT]    mode=FILTER   target=1 nr/ret=-1 allow=0
[seccomp] ts=28341436845466 pid=91691 tgid=91691 comm=runc:[2:INIT]    mode=FILTER   target=1 nr/ret=0 allow=1
[seccomp] ts=28341436847757 pid=91691 tgid=91691 comm=runc:[2:INIT]    mode=FILTER   target=1 nr/ret=-1 allow=0
[seccomp] ts=28341436847757 pid=91691 tgid=91691 comm=runc:[2:INIT]    mode=FILTER   target=1 nr/ret=0 allow=1
[seccomp] ts=28341436851841 pid=91691 tgid=91691 comm=runc:[2:INIT]    mode=FILTER   target=1 nr/ret=-1 allow=0
[seccomp] ts=28341436851841 pid=91691 tgid=91691 comm=runc:[2:INIT]    mode=FILTER   target=1 nr/ret=0 allow=1
[seccomp] ts=28341436854757 pid=91691 tgid=91691 comm=runc:[2:INIT]    mode=FILTER   target=1 nr/ret=-1 allow=0
[seccomp] ts=28341436854757 pid=91691 tgid=91691 comm=runc:[2:INIT]    mode=FILTER   target=1 nr/ret=0 allow=1
[seccomp] ts=28341436856507 pid=91691 tgid=91691 comm=runc:[2:INIT]    mode=FILTER   target=1 nr/ret=-1 allow=0
[seccomp] ts=28341436856507 pid=91691 tgid=91691 comm=runc:[2:INIT]    mode=FILTER   target=1 nr/ret=0 allow=1
[seccomp] ts=28341436858882 pid=91691 tgid=91691 comm=runc:[2:INIT]    mode=FILTER   target=1 nr/ret=-1 allow=0
[seccomp] ts=28341436858882 pid=91691 tgid=91691 comm=runc:[2:INIT]    mode=FILTER   target=1 nr/ret=0 allow=1
[seccomp] ts=28341436860966 pid=91691 tgid=91691 comm=runc:[2:INIT]    mode=FILTER   target=1 nr/ret=-1 allow=0
[seccomp] ts=28341436860966 pid=91691 tgid=91691 comm=runc:[2:INIT]    mode=FILTER   target=1 nr/ret=0 allow=1
[seccomp] ts=28341436862632 pid=91691 tgid=91691 comm=runc:[2:INIT]    mode=FILTER   target=1 nr/ret=-1 allow=0
[seccomp] ts=28341436862632 pid=91691 tgid=91691 comm=runc:[2:INIT]    mode=FILTER   target=1 nr/ret=0 allow=1
[seccomp] ts=28341436866799 pid=91691 tgid=91691 comm=runc:[2:INIT]    mode=FILTER   target=1 nr/ret=-1 allow=0
[seccomp] ts=28341436866799 pid=91691 tgid=91691 comm=runc:[2:INIT]    mode=FILTER   target=1 nr/ret=0 allow=1
[seccomp] ts=28341436883507 pid=91691 tgid=91691 comm=runc:[2:INIT]    mode=FILTER   target=1 nr/ret=-1 allow=0
[seccomp] ts=28341436883507 pid=91691 tgid=91691 comm=runc:[2:INIT]    mode=FILTER   target=1 nr/ret=0 allow=1
[seccomp] ts=28341436886466 pid=91691 tgid=91691 comm=runc:[2:INIT]    mode=FILTER   target=1 nr/ret=-1 allow=0
[seccomp] ts=28341436886466 pid=91691 tgid=91691 comm=runc:[2:INIT]    mode=FILTER   target=1 nr/ret=0 allow=1
[seccomp] ts=28341436890591 pid=91691 tgid=91691 comm=runc:[2:INIT]    mode=FILTER   target=1 nr/ret=-1 allow=0
[seccomp] ts=28341436890591 pid=91691 tgid=91691 comm=runc:[2:INIT]    mode=FILTER   target=1 nr/ret=0 allow=1
[seccomp] ts=28341436893049 pid=91691 tgid=91691 comm=runc:[2:INIT]    mode=FILTER   target=1 nr/ret=-1 allow=0
[seccomp] ts=28341436893049 pid=91691 tgid=91691 comm=runc:[2:INIT]    mode=FILTER   target=1 nr/ret=0 allow=1
[seccomp] ts=28341436894924 pid=91691 tgid=91691 comm=runc:[2:INIT]    mode=FILTER   target=1 nr/ret=-1 allow=0
[seccomp] ts=28341436894924 pid=91691 tgid=91691 comm=runc:[2:INIT]    mode=FILTER   target=1 nr/ret=0 allow=1
[seccomp] ts=28341436899591 pid=91691 tgid=91691 comm=runc:[2:INIT]    mode=FILTER   target=1 nr/ret=-1 allow=0
[seccomp] ts=28341436899591 pid=91691 tgid=91691 comm=runc:[2:INIT]    mode=FILTER   target=1 nr/ret=0 allow=1
[seccomp] ts=28341437660091 pid=91691 tgid=91691 comm=sh               mode=FILTER   target=1 nr/ret=-1 allow=0
[seccomp] ts=28341437660091 pid=91691 tgid=91691 comm=sh               mode=FILTER   target=1 nr/ret=0 allow=1
[seccomp] ts=28341437701382 pid=91691 tgid=91691 comm=sh               mode=FILTER   target=1 nr/ret=-1 allow=0
[seccomp] ts=28341437701382 pid=91691 tgid=91691 comm=sh               mode=FILTER   target=1 nr/ret=0 allow=1
[seccomp] ts=28341437702882 pid=91691 tgid=91691 comm=sh               mode=FILTER   target=1 nr/ret=-1 allow=0
[seccomp] ts=28341437702882 pid=91691 tgid=91691 comm=sh               mode=FILTER   target=1 nr/ret=0 allow=1
[seccomp] ts=28341437707841 pid=91691 tgid=91691 comm=sh               mode=FILTER   target=1 nr/ret=-1 allow=0
[seccomp] ts=28341437707841 pid=91691 tgid=91691 comm=sh               mode=FILTER   target=1 nr/ret=0 allow=1
[seccomp] ts=28341437726424 pid=91691 tgid=91691 comm=sh               mode=FILTER   target=1 nr/ret=-1 allow=0
[seccomp] ts=28341437726424 pid=91691 tgid=91691 comm=sh               mode=FILTER   target=1 nr/ret=0 allow=1
[seccomp] ts=28341437878216 pid=91691 tgid=91691 comm=sh               mode=FILTER   target=1 nr/ret=-1 allow=0
[seccomp] ts=28341437878216 pid=91691 tgid=91691 comm=sh               mode=FILTER   target=1 nr/ret=0 allow=1
[seccomp] ts=28341437942924 pid=91691 tgid=91691 comm=sh               mode=FILTER   target=1 nr/ret=-1 allow=0
[seccomp] ts=28341437942924 pid=91691 tgid=91691 comm=sh               mode=FILTER   target=1 nr/ret=0 allow=1
[seccomp] ts=28341437997549 pid=91691 tgid=91691 comm=sh               mode=FILTER   target=1 nr/ret=-1 allow=0
[seccomp] ts=28341437997549 pid=91691 tgid=91691 comm=sh               mode=FILTER   target=1 nr/ret=0 allow=1
[seccomp] ts=28341438133466 pid=91691 tgid=91691 comm=sh               mode=FILTER   target=1 nr/ret=-1 allow=0
[seccomp] ts=28341438133466 pid=91691 tgid=91691 comm=sh               mode=FILTER   target=1 nr/ret=0 allow=1
[seccomp] ts=28341438166174 pid=91691 tgid=91691 comm=sh               mode=FILTER   target=1 nr/ret=-1 allow=0
[seccomp] ts=28341438166174 pid=91691 tgid=91691 comm=sh               mode=FILTER   target=1 nr/ret=0 allow=1
[seccomp] ts=28341438171632 pid=91691 tgid=91691 comm=sh               mode=FILTER   target=1 nr/ret=-1 allow=0
[seccomp] ts=28341438171632 pid=91691 tgid=91691 comm=sh               mode=FILTER   target=1 nr/ret=0 allow=1
[seccomp] ts=28341438191924 pid=91691 tgid=91691 comm=sh               mode=FILTER   target=1 nr/ret=-1 allow=0
[seccomp] ts=28341438191924 pid=91691 tgid=91691 comm=sh               mode=FILTER   target=1 nr/ret=0 allow=1
[seccomp] ts=28341438193382 pid=91691 tgid=91691 comm=sh               mode=FILTER   target=1 nr/ret=-1 allow=0
[seccomp] ts=28341438193382 pid=91691 tgid=91691 comm=sh               mode=FILTER   target=1 nr/ret=0 allow=1
[seccomp] ts=28341438201174 pid=91691 tgid=91691 comm=sh               mode=FILTER   target=1 nr/ret=-1 allow=0
[seccomp] ts=28341438201174 pid=91691 tgid=91691 comm=sh               mode=FILTER   target=1 nr/ret=0 allow=1
[seccomp] ts=28341438205882 pid=91691 tgid=91691 comm=sh               mode=FILTER   target=1 nr/ret=-1 allow=0
[seccomp] ts=28341438205882 pid=91691 tgid=91691 comm=sh               mode=FILTER   target=1 nr/ret=0 allow=1
[seccomp] ts=28341438210674 pid=91691 tgid=91691 comm=sh               mode=FILTER   target=1 nr/ret=-1 allow=0
[seccomp] ts=28341438210674 pid=91691 tgid=91691 comm=sh               mode=FILTER   target=1 nr/ret=0 allow=1
[seccomp] ts=28341438265049 pid=91691 tgid=91691 comm=sh               mode=FILTER   target=1 nr/ret=-1 allow=0
[seccomp] ts=28341438265049 pid=91691 tgid=91691 comm=sh               mode=FILTER   target=1 nr/ret=0 allow=1
[seccomp] ts=28341438284424 pid=91691 tgid=91691 comm=sh               mode=FILTER   target=1 nr/ret=-1 allow=0
[seccomp] ts=28341438284424 pid=91691 tgid=91691 comm=sh               mode=FILTER   target=1 nr/ret=0 allow=1
[seccomp] ts=28341438285757 pid=91691 tgid=91691 comm=sh               mode=FILTER   target=1 nr/ret=-1 allow=0
[seccomp] ts=28341438285757 pid=91691 tgid=91691 comm=sh               mode=FILTER   target=1 nr/ret=0 allow=1
[seccomp] ts=28341438286882 pid=91691 tgid=91691 comm=sh               mode=FILTER   target=1 nr/ret=-1 allow=0
[seccomp] ts=28341438286882 pid=91691 tgid=91691 comm=sh               mode=FILTER   target=1 nr/ret=0 allow=1
[seccomp] ts=28341438288091 pid=91691 tgid=91691 comm=sh               mode=FILTER   target=1 nr/ret=-1 allow=0
[seccomp] ts=28341438288091 pid=91691 tgid=91691 comm=sh               mode=FILTER   target=1 nr/ret=0 allow=1
[seccomp] ts=28341438300299 pid=91691 tgid=91691 comm=sh               mode=FILTER   target=1 nr/ret=-1 allow=0
[seccomp] ts=28341438300299 pid=91691 tgid=91691 comm=sh               mode=FILTER   target=1 nr/ret=0 allow=1
[seccomp] ts=28341438305674 pid=91691 tgid=91691 comm=sh               mode=FILTER   target=1 nr/ret=-1 allow=0
[seccomp] ts=28341438305674 pid=91691 tgid=91691 comm=sh               mode=FILTER   target=1 nr/ret=0 allow=1
[seccomp] ts=28341438314507 pid=91691 tgid=91691 comm=sh               mode=FILTER   target=1 nr/ret=-1 allow=0
[seccomp] ts=28341438314507 pid=91691 tgid=91691 comm=sh               mode=FILTER   target=1 nr/ret=0 allow=1
[seccomp] ts=28341438465924 pid=91691 tgid=91691 comm=pg_isready       mode=FILTER   target=1 nr/ret=-1 allow=0
[seccomp] ts=28341438465924 pid=91691 tgid=91691 comm=pg_isready       mode=FILTER   target=1 nr/ret=0 allow=1
[seccomp] ts=28341438502632 pid=91691 tgid=91691 comm=pg_isready       mode=FILTER   target=1 nr/ret=-1 allow=0
[seccomp] ts=28341438502632 pid=91691 tgid=91691 comm=pg_isready       mode=FILTER   target=1 nr/ret=0 allow=1
[seccomp] ts=28341438504257 pid=91691 tgid=91691 comm=pg_isready       mode=FILTER   target=1 nr/ret=-1 allow=0
[seccomp] ts=28341438504257 pid=91691 tgid=91691 comm=pg_isready       mode=FILTER   target=1 nr/ret=0 allow=1
[seccomp] ts=28341438509174 pid=91691 tgid=91691 comm=pg_isready       mode=FILTER   target=1 nr/ret=-1 allow=0
[seccomp] ts=28341438509174 pid=91691 tgid=91691 comm=pg_isready       mode=FILTER   target=1 nr/ret=0 allow=1
[seccomp] ts=28341438525799 pid=91691 tgid=91691 comm=pg_isready       mode=FILTER   target=1 nr/ret=-1 allow=0
[seccomp] ts=28341438525799 pid=91691 tgid=91691 comm=pg_isready       mode=FILTER   target=1 nr/ret=0 allow=1
[seccomp] ts=28341438565216 pid=91691 tgid=91691 comm=pg_isready       mode=FILTER   target=1 nr/ret=-1 allow=0
[seccomp] ts=28341438565216 pid=91691 tgid=91691 comm=pg_isready       mode=FILTER   target=1 nr/ret=0 allow=1
[seccomp] ts=28341438568216 pid=91691 tgid=91691 comm=pg_isready       mode=FILTER   target=1 nr/ret=-1 allow=0
[seccomp] ts=28341438568216 pid=91691 tgid=91691 comm=pg_isready       mode=FILTER   target=1 nr/ret=0 allow=1
[seccomp] ts=28341438575132 pid=91691 tgid=91691 comm=pg_isready       mode=FILTER   target=1 nr/ret=-1 allow=0
[seccomp] ts=28341438575132 pid=91691 tgid=91691 comm=pg_isready       mode=FILTER   target=1 nr/ret=0 allow=1
[seccomp] ts=28341438576757 pid=91691 tgid=91691 comm=pg_isready       mode=FILTER   target=1 nr/ret=-1 allow=0
[seccomp] ts=28341438576757 pid=91691 tgid=91691 comm=pg_isready       mode=FILTER   target=1 nr/ret=0 allow=1
[seccomp] ts=28341438582091 pid=91691 tgid=91691 comm=pg_isready       mode=FILTER   target=1 nr/ret=-1 allow=0
[seccomp] ts=28341438582091 pid=91691 tgid=91691 comm=pg_isready       mode=FILTER   target=1 nr/ret=0 allow=1
[seccomp] ts=28341438585132 pid=91691 tgid=91691 comm=pg_isready       mode=FILTER   target=1 nr/ret=-1 allow=0
[seccomp] ts=28341438585132 pid=91691 tgid=91691 comm=pg_isready       mode=FILTER   target=1 nr/ret=0 allow=1
[seccomp] ts=28341438589382 pid=91691 tgid=91691 comm=pg_isready       mode=FILTER   target=1 nr/ret=-1 allow=0
[seccomp] ts=28341438589382 pid=91691 tgid=91691 comm=pg_isready       mode=FILTER   target=1 nr/ret=0 allow=1
[seccomp] ts=28341438599341 pid=91691 tgid=91691 comm=pg_isready       mode=FILTER   target=1 nr/ret=-1 allow=0
[seccomp] ts=28341438599341 pid=91691 tgid=91691 comm=pg_isready       mode=FILTER   target=1 nr/ret=0 allow=1
[seccomp] ts=28341438606799 pid=91691 tgid=91691 comm=pg_isready       mode=FILTER   target=1 nr/ret=-1 allow=0
[seccomp] ts=28341438606799 pid=91691 tgid=91691 comm=pg_isready       mode=FILTER   target=1 nr/ret=0 allow=1
[seccomp] ts=28341438629674 pid=91691 tgid=91691 comm=pg_isready       mode=FILTER   target=1 nr/ret=-1 allow=0
[seccomp] ts=28341438629674 pid=91691 tgid=91691 comm=pg_isready       mode=FILTER   target=1 nr/ret=0 allow=1
[seccomp] ts=28341438632466 pid=91691 tgid=91691 comm=pg_isready       mode=FILTER   target=1 nr/ret=-1 allow=0
[seccomp] ts=28341438632466 pid=91691 tgid=91691 comm=pg_isready       mode=FILTER   target=1 nr/ret=0 allow=1
[seccomp] ts=28341438639674 pid=91691 tgid=91691 comm=pg_isready       mode=FILTER   target=1 nr/ret=-1 allow=0
[seccomp] ts=28341438639674 pid=91691 tgid=91691 comm=pg_isready       mode=FILTER   target=1 nr/ret=0 allow=1
[seccomp] ts=28341438641382 pid=91691 tgid=91691 comm=pg_isready       mode=FILTER   target=1 nr/ret=-1 allow=0
[seccomp] ts=28341438641382 pid=91691 tgid=91691 comm=pg_isready       mode=FILTER   target=1 nr/ret=0 allow=1
[seccomp] ts=28341438643174 pid=91691 tgid=91691 comm=pg_isready       mode=FILTER   target=1 nr/ret=-1 allow=0
[seccomp] ts=28341438643174 pid=91691 tgid=91691 comm=pg_isready       mode=FILTER   target=1 nr/ret=0 allow=1
[seccomp] ts=28341438731466 pid=91691 tgid=91691 comm=pg_isready       mode=FILTER   target=1 nr/ret=-1 allow=0
[seccomp] ts=28341438731466 pid=91691 tgid=91691 comm=pg_isready       mode=FILTER   target=1 nr/ret=0 allow=1
[seccomp] ts=28341438767341 pid=91691 tgid=91691 comm=pg_isready       mode=FILTER   target=1 nr/ret=-1 allow=0
[seccomp] ts=28341438767341 pid=91691 tgid=91691 comm=pg_isready       mode=FILTER   target=1 nr/ret=0 allow=1
[seccomp] ts=28341438784924 pid=91691 tgid=91691 comm=pg_isready       mode=FILTER   target=1 nr/ret=-1 allow=0
[seccomp] ts=28341438784924 pid=91691 tgid=91691 comm=pg_isready       mode=FILTER   target=1 nr/ret=0 allow=1
[seccomp] ts=28341438798799 pid=91691 tgid=91691 comm=pg_isready       mode=FILTER   target=1 nr/ret=-1 allow=0
[seccomp] ts=28341438798799 pid=91691 tgid=91691 comm=pg_isready       mode=FILTER   target=1 nr/ret=0 allow=1
[seccomp] ts=28341438806341 pid=91691 tgid=91691 comm=pg_isready       mode=FILTER   target=1 nr/ret=-1 allow=0
[seccomp] ts=28341438806341 pid=91691 tgid=91691 comm=pg_isready       mode=FILTER   target=1 nr/ret=0 allow=1
[seccomp] ts=28341438811382 pid=91691 tgid=91691 comm=pg_isready       mode=FILTER   target=1 nr/ret=-1 allow=0
[seccomp] ts=28341438811382 pid=91691 tgid=91691 comm=pg_isready       mode=FILTER   target=1 nr/ret=0 allow=1
[seccomp] ts=28341438817841 pid=91691 tgid=91691 comm=pg_isready       mode=FILTER   target=1 nr/ret=-1 allow=0
[seccomp] ts=28341438817841 pid=91691 tgid=91691 comm=pg_isready       mode=FILTER   target=1 nr/ret=0 allow=1
[seccomp] ts=28341438819382 pid=91691 tgid=91691 comm=pg_isready       mode=FILTER   target=1 nr/ret=-1 allow=0
[seccomp] ts=28341438819382 pid=91691 tgid=91691 comm=pg_isready       mode=FILTER   target=1 nr/ret=0 allow=1
[seccomp] ts=28341438822507 pid=91691 tgid=91691 comm=pg_isready       mode=FILTER   target=1 nr/ret=-1 allow=0
[seccomp] ts=28341438822507 pid=91691 tgid=91691 comm=pg_isready       mode=FILTER   target=1 nr/ret=0 allow=1
[seccomp] ts=28341438825424 pid=91691 tgid=91691 comm=pg_isready       mode=FILTER   target=1 nr/ret=-1 allow=0
[seccomp] ts=28341438825424 pid=91691 tgid=91691 comm=pg_isready       mode=FILTER   target=1 nr/ret=0 allow=1
[seccomp] ts=28341438829299 pid=91691 tgid=91691 comm=pg_isready       mode=FILTER   target=1 nr/ret=-1 allow=0
[seccomp] ts=28341438829299 pid=91691 tgid=91691 comm=pg_isready       mode=FILTER   target=1 nr/ret=0 allow=1
[seccomp] ts=28341438836257 pid=91691 tgid=91691 comm=pg_isready       mode=FILTER   target=1 nr/ret=-1 allow=0
[seccomp] ts=28341438836257 pid=91691 tgid=91691 comm=pg_isready       mode=FILTER   target=1 nr/ret=0 allow=1
[seccomp] ts=28341438842716 pid=91691 tgid=91691 comm=pg_isready       mode=FILTER   target=1 nr/ret=-1 allow=0
[seccomp] ts=28341438842716 pid=91691 tgid=91691 comm=pg_isready       mode=FILTER   target=1 nr/ret=0 allow=1
[seccomp] ts=28341438850591 pid=91691 tgid=91691 comm=pg_isready       mode=FILTER   target=1 nr/ret=-1 allow=0
[seccomp] ts=28341438850591 pid=91691 tgid=91691 comm=pg_isready       mode=FILTER   target=1 nr/ret=0 allow=1
[seccomp] ts=28341438871966 pid=91691 tgid=91691 comm=pg_isready       mode=FILTER   target=1 nr/ret=-1 allow=0
[seccomp] ts=28341438871966 pid=91691 tgid=91691 comm=pg_isready       mode=FILTER   target=1 nr/ret=0 allow=1
[seccomp] ts=28341438874466 pid=91691 tgid=91691 comm=pg_isready       mode=FILTER   target=1 nr/ret=-1 allow=0
[seccomp] ts=28341438874466 pid=91691 tgid=91691 comm=pg_isready       mode=FILTER   target=1 nr/ret=0 allow=1
[seccomp] ts=28341438880924 pid=91691 tgid=91691 comm=pg_isready       mode=FILTER   target=1 nr/ret=-1 allow=0
[seccomp] ts=28341438880924 pid=91691 tgid=91691 comm=pg_isready       mode=FILTER   target=1 nr/ret=0 allow=1
[seccomp] ts=28341438882466 pid=91691 tgid=91691 comm=pg_isready       mode=FILTER   target=1 nr/ret=-1 allow=0
[seccomp] ts=28341438882466 pid=91691 tgid=91691 comm=pg_isready       mode=FILTER   target=1 nr/ret=0 allow=1
[seccomp] ts=28341438884466 pid=91691 tgid=91691 comm=pg_isready       mode=FILTER   target=1 nr/ret=-1 allow=0
[seccomp] ts=28341438884466 pid=91691 tgid=91691 comm=pg_isready       mode=FILTER   target=1 nr/ret=0 allow=1
[seccomp] ts=28341438887216 pid=91691 tgid=91691 comm=pg_isready       mode=FILTER   target=1 nr/ret=-1 allow=0
[seccomp] ts=28341438887216 pid=91691 tgid=91691 comm=pg_isready       mode=FILTER   target=1 nr/ret=0 allow=1
[seccomp] ts=28341438893507 pid=91691 tgid=91691 comm=pg_isready       mode=FILTER   target=1 nr/ret=-1 allow=0
[seccomp] ts=28341438893507 pid=91691 tgid=91691 comm=pg_isready       mode=FILTER   target=1 nr/ret=0 allow=1
[seccomp] ts=28341438902174 pid=91691 tgid=91691 comm=pg_isready       mode=FILTER   target=1 nr/ret=-1 allow=0
[seccomp] ts=28341438902174 pid=91691 tgid=91691 comm=pg_isready       mode=FILTER   target=1 nr/ret=0 allow=1
[seccomp] ts=28341438907007 pid=91691 tgid=91691 comm=pg_isready       mode=FILTER   target=1 nr/ret=-1 allow=0
[seccomp] ts=28341438907007 pid=91691 tgid=91691 comm=pg_isready       mode=FILTER   target=1 nr/ret=0 allow=1
[seccomp] ts=28341438909924 pid=91691 tgid=91691 comm=pg_isready       mode=FILTER   target=1 nr/ret=-1 allow=0
[seccomp] ts=28341438909924 pid=91691 tgid=91691 comm=pg_isready       mode=FILTER   target=1 nr/ret=0 allow=1
[seccomp] ts=28341438912507 pid=91691 tgid=91691 comm=pg_isready       mode=FILTER   target=1 nr/ret=-1 allow=0
[seccomp] ts=28341438912507 pid=91691 tgid=91691 comm=pg_isready       mode=FILTER   target=1 nr/ret=0 allow=1
[seccomp] ts=28341438918841 pid=91691 tgid=91691 comm=pg_isready       mode=FILTER   target=1 nr/ret=-1 allow=0
[seccomp] ts=28341438918841 pid=91691 tgid=91691 comm=pg_isready       mode=FILTER   target=1 nr/ret=0 allow=1
[seccomp] ts=28341438920007 pid=91691 tgid=91691 comm=pg_isready       mode=FILTER   target=1 nr/ret=-1 allow=0
[seccomp] ts=28341438920007 pid=91691 tgid=91691 comm=pg_isready       mode=FILTER   target=1 nr/ret=0 allow=1
[seccomp] ts=28341438921716 pid=91691 tgid=91691 comm=pg_isready       mode=FILTER   target=1 nr/ret=-1 allow=0
[seccomp] ts=28341438921716 pid=91691 tgid=91691 comm=pg_isready       mode=FILTER   target=1 nr/ret=0 allow=1
[seccomp] ts=28341438924216 pid=91691 tgid=91691 comm=pg_isready       mode=FILTER   target=1 nr/ret=-1 allow=0
[seccomp] ts=28341438924216 pid=91691 tgid=91691 comm=pg_isready       mode=FILTER   target=1 nr/ret=0 allow=1
[seccomp] ts=28341438928091 pid=91691 tgid=91691 comm=pg_isready       mode=FILTER   target=1 nr/ret=-1 allow=0
[seccomp] ts=28341438928091 pid=91691 tgid=91691 comm=pg_isready       mode=FILTER   target=1 nr/ret=0 allow=1
[seccomp] ts=28341438934341 pid=91691 tgid=91691 comm=pg_isready       mode=FILTER   target=1 nr/ret=-1 allow=0
[seccomp] ts=28341438934341 pid=91691 tgid=91691 comm=pg_isready       mode=FILTER   target=1 nr/ret=0 allow=1
[seccomp] ts=28341438939174 pid=91691 tgid=91691 comm=pg_isready       mode=FILTER   target=1 nr/ret=-1 allow=0
[seccomp] ts=28341438939174 pid=91691 tgid=91691 comm=pg_isready       mode=FILTER   target=1 nr/ret=0 allow=1
[seccomp] ts=28341438968007 pid=91691 tgid=91691 comm=pg_isready       mode=FILTER   target=1 nr/ret=-1 allow=0
[seccomp] ts=28341438968007 pid=91691 tgid=91691 comm=pg_isready       mode=FILTER   target=1 nr/ret=0 allow=1
[seccomp] ts=28341438988966 pid=91691 tgid=91691 comm=pg_isready       mode=FILTER   target=1 nr/ret=-1 allow=0
[seccomp] ts=28341438988966 pid=91691 tgid=91691 comm=pg_isready       mode=FILTER   target=1 nr/ret=0 allow=1
[seccomp] ts=28341438991341 pid=91691 tgid=91691 comm=pg_isready       mode=FILTER   target=1 nr/ret=-1 allow=0
[seccomp] ts=28341438991341 pid=91691 tgid=91691 comm=pg_isready       mode=FILTER   target=1 nr/ret=0 allow=1
[seccomp] ts=28341438996174 pid=91691 tgid=91691 comm=pg_isready       mode=FILTER   target=1 nr/ret=-1 allow=0
[seccomp] ts=28341438996174 pid=91691 tgid=91691 comm=pg_isready       mode=FILTER   target=1 nr/ret=0 allow=1
[seccomp] ts=28341438997507 pid=91691 tgid=91691 comm=pg_isready       mode=FILTER   target=1 nr/ret=-1 allow=0
[seccomp] ts=28341438997507 pid=91691 tgid=91691 comm=pg_isready       mode=FILTER   target=1 nr/ret=0 allow=1
[seccomp] ts=28341438999049 pid=91691 tgid=91691 comm=pg_isready       mode=FILTER   target=1 nr/ret=-1 allow=0
[seccomp] ts=28341438999049 pid=91691 tgid=91691 comm=pg_isready       mode=FILTER   target=1 nr/ret=0 allow=1
[seccomp] ts=28341439022757 pid=91691 tgid=91691 comm=pg_isready       mode=FILTER   target=1 nr/ret=-1 allow=0
[seccomp] ts=28341439022757 pid=91691 tgid=91691 comm=pg_isready       mode=FILTER   target=1 nr/ret=0 allow=1
[seccomp] ts=28341439027757 pid=91691 tgid=91691 comm=pg_isready       mode=FILTER   target=1 nr/ret=-1 allow=0
[seccomp] ts=28341439027757 pid=91691 tgid=91691 comm=pg_isready       mode=FILTER   target=1 nr/ret=0 allow=1
[seccomp] ts=28341439035132 pid=91691 tgid=91691 comm=pg_isready       mode=FILTER   target=1 nr/ret=-1 allow=0
[seccomp] ts=28341439035132 pid=91691 tgid=91691 comm=pg_isready       mode=FILTER   target=1 nr/ret=0 allow=1
[seccomp] ts=28341439043299 pid=91691 tgid=91691 comm=pg_isready       mode=FILTER   target=1 nr/ret=-1 allow=0
[seccomp] ts=28341439043299 pid=91691 tgid=91691 comm=pg_isready       mode=FILTER   target=1 nr/ret=0 allow=1
[seccomp] ts=28341439178299 pid=91691 tgid=91691 comm=pg_isready       mode=FILTER   target=1 nr/ret=-1 allow=0
[seccomp] ts=28341439178299 pid=91691 tgid=91691 comm=pg_isready       mode=FILTER   target=1 nr/ret=0 allow=1
[seccomp] ts=28341439215174 pid=91691 tgid=91691 comm=pg_isready       mode=FILTER   target=1 nr/ret=-1 allow=0
[seccomp] ts=28341439215174 pid=91691 tgid=91691 comm=pg_isready       mode=FILTER   target=1 nr/ret=0 allow=1
[seccomp] ts=28341439222174 pid=91691 tgid=91691 comm=pg_isready       mode=FILTER   target=1 nr/ret=-1 allow=0
[seccomp] ts=28341439222174 pid=91691 tgid=91691 comm=pg_isready       mode=FILTER   target=1 nr/ret=0 allow=1
[seccomp] ts=28341439246674 pid=91691 tgid=91691 comm=pg_isready       mode=FILTER   target=1 nr/ret=-1 allow=0
[seccomp] ts=28341439246674 pid=91691 tgid=91691 comm=pg_isready       mode=FILTER   target=1 nr/ret=0 allow=1
[seccomp] ts=28341439248882 pid=91691 tgid=91691 comm=pg_isready       mode=FILTER   target=1 nr/ret=-1 allow=0
[seccomp] ts=28341439248882 pid=91691 tgid=91691 comm=pg_isready       mode=FILTER   target=1 nr/ret=0 allow=1
[seccomp] ts=28341439252799 pid=91691 tgid=91691 comm=pg_isready       mode=FILTER   target=1 nr/ret=-1 allow=0
[seccomp] ts=28341439252799 pid=91691 tgid=91691 comm=pg_isready       mode=FILTER   target=1 nr/ret=0 allow=1
[seccomp] ts=28341439257382 pid=91691 tgid=91691 comm=pg_isready       mode=FILTER   target=1 nr/ret=-1 allow=0
[seccomp] ts=28341439257382 pid=91691 tgid=91691 comm=pg_isready       mode=FILTER   target=1 nr/ret=0 allow=1
[seccomp] ts=28341439270174 pid=91691 tgid=91691 comm=pg_isready       mode=FILTER   target=1 nr/ret=-1 allow=0
[seccomp] ts=28341439270174 pid=91691 tgid=91691 comm=pg_isready       mode=FILTER   target=1 nr/ret=0 allow=1
[seccomp] ts=28341439306716 pid=91691 tgid=91691 comm=pg_isready       mode=FILTER   target=1 nr/ret=-1 allow=0
[seccomp] ts=28341439306716 pid=91691 tgid=91691 comm=pg_isready       mode=FILTER   target=1 nr/ret=0 allow=1
[seccomp] ts=28341439316216 pid=91691 tgid=91691 comm=pg_isready       mode=FILTER   target=1 nr/ret=-1 allow=0
[seccomp] ts=28341439316216 pid=91691 tgid=91691 comm=pg_isready       mode=FILTER   target=1 nr/ret=0 allow=1
[seccomp] ts=28341439320216 pid=91691 tgid=91691 comm=pg_isready       mode=FILTER   target=1 nr/ret=-1 allow=0
[seccomp] ts=28341439320216 pid=91691 tgid=91691 comm=pg_isready       mode=FILTER   target=1 nr/ret=0 allow=1
[seccomp] ts=28341439323674 pid=91691 tgid=91691 comm=pg_isready       mode=FILTER   target=1 nr/ret=-1 allow=0
[seccomp] ts=28341439323674 pid=91691 tgid=91691 comm=pg_isready       mode=FILTER   target=1 nr/ret=0 allow=1
[seccomp] ts=28341439330716 pid=91691 tgid=91691 comm=pg_isready       mode=FILTER   target=1 nr/ret=-1 allow=0
[seccomp] ts=28341439330716 pid=91691 tgid=91691 comm=pg_isready       mode=FILTER   target=1 nr/ret=0 allow=1
[seccomp] ts=28341439365382 pid=91691 tgid=91691 comm=pg_isready       mode=FILTER   target=1 nr/ret=-1 allow=0
[seccomp] ts=28341439365382 pid=91691 tgid=91691 comm=pg_isready       mode=FILTER   target=1 nr/ret=0 allow=1
[seccomp] ts=28341439367716 pid=91691 tgid=91691 comm=pg_isready       mode=FILTER   target=1 nr/ret=-1 allow=0
[seccomp] ts=28341439367716 pid=91691 tgid=91691 comm=pg_isready       mode=FILTER   target=1 nr/ret=0 allow=1
[seccomp] ts=28341439370674 pid=91691 tgid=91691 comm=pg_isready       mode=FILTER   target=1 nr/ret=-1 allow=0
[seccomp] ts=28341439370674 pid=91691 tgid=91691 comm=pg_isready       mode=FILTER   target=1 nr/ret=0 allow=1
[seccomp] ts=28341439375924 pid=91691 tgid=91691 comm=pg_isready       mode=FILTER   target=1 nr/ret=-1 allow=0
[seccomp] ts=28341439375924 pid=91691 tgid=91691 comm=pg_isready       mode=FILTER   target=1 nr/ret=0 allow=1
[seccomp] ts=28341439396132 pid=91691 tgid=91691 comm=pg_isready       mode=FILTER   target=1 nr/ret=-1 allow=0
[seccomp] ts=28341439396132 pid=91691 tgid=91691 comm=pg_isready       mode=FILTER   target=1 nr/ret=0 allow=1
[seccomp] ts=28341439494674 pid=91691 tgid=91691 comm=pg_isready       mode=FILTER   target=1 nr/ret=-1 allow=0
[seccomp] ts=28341439494674 pid=91691 tgid=91691 comm=pg_isready       mode=FILTER   target=1 nr/ret=0 allow=1
[seccomp] ts=28341439524341 pid=91691 tgid=91691 comm=pg_isready       mode=FILTER   target=1 nr/ret=-1 allow=0
[seccomp] ts=28341439524341 pid=91691 tgid=91691 comm=pg_isready       mode=FILTER   target=1 nr/ret=0 allow=1
[seccomp] ts=28341439527882 pid=91691 tgid=91691 comm=pg_isready       mode=FILTER   target=1 nr/ret=-1 allow=0
[seccomp] ts=28341439527882 pid=91691 tgid=91691 comm=pg_isready       mode=FILTER   target=1 nr/ret=0 allow=1
[seccomp] ts=28341439532841 pid=91691 tgid=91691 comm=pg_isready       mode=FILTER   target=1 nr/ret=-1 allow=0
[seccomp] ts=28341439532841 pid=91691 tgid=91691 comm=pg_isready       mode=FILTER   target=1 nr/ret=0 allow=1
[seccomp] ts=28341439534216 pid=91691 tgid=91691 comm=pg_isready       mode=FILTER   target=1 nr/ret=-1 allow=0
[seccomp] ts=28341439534216 pid=91691 tgid=91691 comm=pg_isready       mode=FILTER   target=1 nr/ret=0 allow=1
[seccomp] ts=28341439540674 pid=91691 tgid=91691 comm=pg_isready       mode=FILTER   target=1 nr/ret=-1 allow=0
[seccomp] ts=28341439540674 pid=91691 tgid=91691 comm=pg_isready       mode=FILTER   target=1 nr/ret=0 allow=1
[seccomp] ts=28341439543424 pid=91691 tgid=91691 comm=pg_isready       mode=FILTER   target=1 nr/ret=-1 allow=0
[seccomp] ts=28341439543424 pid=91691 tgid=91691 comm=pg_isready       mode=FILTER   target=1 nr/ret=0 allow=1
[seccomp] ts=28341439549924 pid=91691 tgid=91691 comm=pg_isready       mode=FILTER   target=1 nr/ret=-1 allow=0
[seccomp] ts=28341439549924 pid=91691 tgid=91691 comm=pg_isready       mode=FILTER   target=1 nr/ret=0 allow=1
[seccomp] ts=28341439559882 pid=91691 tgid=91691 comm=pg_isready       mode=FILTER   target=1 nr/ret=-1 allow=0
[seccomp] ts=28341439559882 pid=91691 tgid=91691 comm=pg_isready       mode=FILTER   target=1 nr/ret=0 allow=1
[seccomp] ts=28341439587591 pid=91691 tgid=91691 comm=pg_isready       mode=FILTER   target=1 nr/ret=-1 allow=0
[seccomp] ts=28341439587591 pid=91691 tgid=91691 comm=pg_isready       mode=FILTER   target=1 nr/ret=0 allow=1
[seccomp] ts=28341439590341 pid=91691 tgid=91691 comm=pg_isready       mode=FILTER   target=1 nr/ret=-1 allow=0
[seccomp] ts=28341439590341 pid=91691 tgid=91691 comm=pg_isready       mode=FILTER   target=1 nr/ret=0 allow=1
[seccomp] ts=28341439592716 pid=91691 tgid=91691 comm=pg_isready       mode=FILTER   target=1 nr/ret=-1 allow=0
[seccomp] ts=28341439592716 pid=91691 tgid=91691 comm=pg_isready       mode=FILTER   target=1 nr/ret=0 allow=1
[seccomp] ts=28341439596257 pid=91691 tgid=91691 comm=pg_isready       mode=FILTER   target=1 nr/ret=-1 allow=0
[seccomp] ts=28341439596257 pid=91691 tgid=91691 comm=pg_isready       mode=FILTER   target=1 nr/ret=0 allow=1
[seccomp] ts=28341439597424 pid=91691 tgid=91691 comm=pg_isready       mode=FILTER   target=1 nr/ret=-1 allow=0
[seccomp] ts=28341439597424 pid=91691 tgid=91691 comm=pg_isready       mode=FILTER   target=1 nr/ret=0 allow=1
[seccomp] ts=28341439599132 pid=91691 tgid=91691 comm=pg_isready       mode=FILTER   target=1 nr/ret=-1 allow=0
[seccomp] ts=28341439599132 pid=91691 tgid=91691 comm=pg_isready       mode=FILTER   target=1 nr/ret=0 allow=1
[seccomp] ts=28341439601507 pid=91691 tgid=91691 comm=pg_isready       mode=FILTER   target=1 nr/ret=-1 allow=0
[seccomp] ts=28341439601507 pid=91691 tgid=91691 comm=pg_isready       mode=FILTER   target=1 nr/ret=0 allow=1
[seccomp] ts=28341439605174 pid=91691 tgid=91691 comm=pg_isready       mode=FILTER   target=1 nr/ret=-1 allow=0
[seccomp] ts=28341439605174 pid=91691 tgid=91691 comm=pg_isready       mode=FILTER   target=1 nr/ret=0 allow=1
[seccomp] ts=28341439614549 pid=91691 tgid=91691 comm=pg_isready       mode=FILTER   target=1 nr/ret=-1 allow=0
[seccomp] ts=28341439614549 pid=91691 tgid=91691 comm=pg_isready       mode=FILTER   target=1 nr/ret=0 allow=1
[seccomp] ts=28341439637424 pid=91691 tgid=91691 comm=pg_isready       mode=FILTER   target=1 nr/ret=-1 allow=0
[seccomp] ts=28341439637424 pid=91691 tgid=91691 comm=pg_isready       mode=FILTER   target=1 nr/ret=0 allow=1
[seccomp] ts=28341439640424 pid=91691 tgid=91691 comm=pg_isready       mode=FILTER   target=1 nr/ret=-1 allow=0
[seccomp] ts=28341439640424 pid=91691 tgid=91691 comm=pg_isready       mode=FILTER   target=1 nr/ret=0 allow=1
[seccomp] ts=28341439643174 pid=91691 tgid=91691 comm=pg_isready       mode=FILTER   target=1 nr/ret=-1 allow=0
[seccomp] ts=28341439643174 pid=91691 tgid=91691 comm=pg_isready       mode=FILTER   target=1 nr/ret=0 allow=1
[seccomp] ts=28341439646799 pid=91691 tgid=91691 comm=pg_isready       mode=FILTER   target=1 nr/ret=-1 allow=0
[seccomp] ts=28341439646799 pid=91691 tgid=91691 comm=pg_isready       mode=FILTER   target=1 nr/ret=0 allow=1
[seccomp] ts=28341439648007 pid=91691 tgid=91691 comm=pg_isready       mode=FILTER   target=1 nr/ret=-1 allow=0
[seccomp] ts=28341439648007 pid=91691 tgid=91691 comm=pg_isready       mode=FILTER   target=1 nr/ret=0 allow=1
[seccomp] ts=28341439649549 pid=91691 tgid=91691 comm=pg_isready       mode=FILTER   target=1 nr/ret=-1 allow=0
[seccomp] ts=28341439649549 pid=91691 tgid=91691 comm=pg_isready       mode=FILTER   target=1 nr/ret=0 allow=1
[seccomp] ts=28341439651507 pid=91691 tgid=91691 comm=pg_isready       mode=FILTER   target=1 nr/ret=-1 allow=0
[seccomp] ts=28341439651507 pid=91691 tgid=91691 comm=pg_isready       mode=FILTER   target=1 nr/ret=0 allow=1
[seccomp] ts=28341439655257 pid=91691 tgid=91691 comm=pg_isready       mode=FILTER   target=1 nr/ret=-1 allow=0
[seccomp] ts=28341439655257 pid=91691 tgid=91691 comm=pg_isready       mode=FILTER   target=1 nr/ret=0 allow=1
[seccomp] ts=28341439661882 pid=91691 tgid=91691 comm=pg_isready       mode=FILTER   target=1 nr/ret=-1 allow=0
[seccomp] ts=28341439661882 pid=91691 tgid=91691 comm=pg_isready       mode=FILTER   target=1 nr/ret=0 allow=1
[seccomp] ts=28341439699382 pid=91691 tgid=91691 comm=pg_isready       mode=FILTER   target=1 nr/ret=-1 allow=0
[seccomp] ts=28341439699382 pid=91691 tgid=91691 comm=pg_isready       mode=FILTER   target=1 nr/ret=0 allow=1
[seccomp] ts=28341439727049 pid=91691 tgid=91691 comm=pg_isready       mode=FILTER   target=1 nr/ret=-1 allow=0
[seccomp] ts=28341439727049 pid=91691 tgid=91691 comm=pg_isready       mode=FILTER   target=1 nr/ret=0 allow=1
[seccomp] ts=28341439729382 pid=91691 tgid=91691 comm=pg_isready       mode=FILTER   target=1 nr/ret=-1 allow=0
[seccomp] ts=28341439729382 pid=91691 tgid=91691 comm=pg_isready       mode=FILTER   target=1 nr/ret=0 allow=1
[seccomp] ts=28341439733174 pid=91691 tgid=91691 comm=pg_isready       mode=FILTER   target=1 nr/ret=-1 allow=0
[seccomp] ts=28341439733174 pid=91691 tgid=91691 comm=pg_isready       mode=FILTER   target=1 nr/ret=0 allow=1
[seccomp] ts=28341439734424 pid=91691 tgid=91691 comm=pg_isready       mode=FILTER   target=1 nr/ret=-1 allow=0
[seccomp] ts=28341439734424 pid=91691 tgid=91691 comm=pg_isready       mode=FILTER   target=1 nr/ret=0 allow=1
[seccomp] ts=28341439735841 pid=91691 tgid=91691 comm=pg_isready       mode=FILTER   target=1 nr/ret=-1 allow=0
[seccomp] ts=28341439735841 pid=91691 tgid=91691 comm=pg_isready       mode=FILTER   target=1 nr/ret=0 allow=1
[seccomp] ts=28341439738007 pid=91691 tgid=91691 comm=pg_isready       mode=FILTER   target=1 nr/ret=-1 allow=0
[seccomp] ts=28341439738007 pid=91691 tgid=91691 comm=pg_isready       mode=FILTER   target=1 nr/ret=0 allow=1
[seccomp] ts=28341439741882 pid=91691 tgid=91691 comm=pg_isready       mode=FILTER   target=1 nr/ret=-1 allow=0
[seccomp] ts=28341439741882 pid=91691 tgid=91691 comm=pg_isready       mode=FILTER   target=1 nr/ret=0 allow=1
[seccomp] ts=28341439749424 pid=91691 tgid=91691 comm=pg_isready       mode=FILTER   target=1 nr/ret=-1 allow=0
[seccomp] ts=28341439749424 pid=91691 tgid=91691 comm=pg_isready       mode=FILTER   target=1 nr/ret=0 allow=1
[seccomp] ts=28341439850466 pid=91691 tgid=91691 comm=pg_isready       mode=FILTER   target=1 nr/ret=-1 allow=0
[seccomp] ts=28341439850466 pid=91691 tgid=91691 comm=pg_isready       mode=FILTER   target=1 nr/ret=0 allow=1
[seccomp] ts=28341439874841 pid=91691 tgid=91691 comm=pg_isready       mode=FILTER   target=1 nr/ret=-1 allow=0
[seccomp] ts=28341439874841 pid=91691 tgid=91691 comm=pg_isready       mode=FILTER   target=1 nr/ret=0 allow=1
[seccomp] ts=28341440043966 pid=91691 tgid=91691 comm=pg_isready       mode=FILTER   target=1 nr/ret=-1 allow=0
[seccomp] ts=28341440043966 pid=91691 tgid=91691 comm=pg_isready       mode=FILTER   target=1 nr/ret=0 allow=1
[seccomp] ts=28341440375507 pid=91691 tgid=91691 comm=pg_isready       mode=FILTER   target=1 nr/ret=-1 allow=0
[seccomp] ts=28341440375507 pid=91691 tgid=91691 comm=pg_isready       mode=FILTER   target=1 nr/ret=0 allow=1
[seccomp] ts=28341440500966 pid=91691 tgid=91691 comm=pg_isready       mode=FILTER   target=1 nr/ret=-1 allow=0
[seccomp] ts=28341440500966 pid=91691 tgid=91691 comm=pg_isready       mode=FILTER   target=1 nr/ret=0 allow=1
[seccomp] ts=28341440634549 pid=91691 tgid=91691 comm=pg_isready       mode=FILTER   target=1 nr/ret=-1 allow=0
[seccomp] ts=28341440634549 pid=91691 tgid=91691 comm=pg_isready       mode=FILTER   target=1 nr/ret=0 allow=1
[seccomp] ts=28341440802674 pid=91691 tgid=91691 comm=pg_isready       mode=FILTER   target=1 nr/ret=-1 allow=0
[seccomp] ts=28341440802674 pid=91691 tgid=91691 comm=pg_isready       mode=FILTER   target=1 nr/ret=0 allow=1
[seccomp] ts=28341440845507 pid=91691 tgid=91691 comm=pg_isready       mode=FILTER   target=1 nr/ret=-1 allow=0
[seccomp] ts=28341440845507 pid=91691 tgid=91691 comm=pg_isready       mode=FILTER   target=1 nr/ret=0 allow=1
[seccomp] ts=28341440872841 pid=91691 tgid=91691 comm=pg_isready       mode=FILTER   target=1 nr/ret=-1 allow=0
[seccomp] ts=28341440872841 pid=91691 tgid=91691 comm=pg_isready       mode=FILTER   target=1 nr/ret=0 allow=1
[seccomp] ts=28341440896966 pid=91691 tgid=91691 comm=pg_isready       mode=FILTER   target=1 nr/ret=-1 allow=0
[seccomp] ts=28341440896966 pid=91691 tgid=91691 comm=pg_isready       mode=FILTER   target=1 nr/ret=0 allow=1
[seccomp] ts=28341440961882 pid=91691 tgid=91691 comm=pg_isready       mode=FILTER   target=1 nr/ret=-1 allow=0
[seccomp] ts=28341440961882 pid=91691 tgid=91691 comm=pg_isready       mode=FILTER   target=1 nr/ret=0 allow=1
[seccomp] ts=28341441049257 pid=91691 tgid=91691 comm=pg_isready       mode=FILTER   target=1 nr/ret=-1 allow=0
[seccomp] ts=28341441049257 pid=91691 tgid=91691 comm=pg_isready       mode=FILTER   target=1 nr/ret=0 allow=1
[seccomp] ts=28341441110132 pid=91691 tgid=91691 comm=pg_isready       mode=FILTER   target=1 nr/ret=-1 allow=0
[seccomp] ts=28341441110132 pid=91691 tgid=91691 comm=pg_isready       mode=FILTER   target=1 nr/ret=0 allow=1
[seccomp] ts=28341441197966 pid=91691 tgid=91691 comm=pg_isready       mode=FILTER   target=1 nr/ret=-1 allow=0
[seccomp] ts=28341441197966 pid=91691 tgid=91691 comm=pg_isready       mode=FILTER   target=1 nr/ret=0 allow=1
[seccomp] ts=28341441240507 pid=91691 tgid=91691 comm=pg_isready       mode=FILTER   target=1 nr/ret=-1 allow=0
[seccomp] ts=28341441240507 pid=91691 tgid=91691 comm=pg_isready       mode=FILTER   target=1 nr/ret=0 allow=1
[seccomp] ts=28341441268674 pid=91691 tgid=91691 comm=pg_isready       mode=FILTER   target=1 nr/ret=-1 allow=0
[seccomp] ts=28341441268674 pid=91691 tgid=91691 comm=pg_isready       mode=FILTER   target=1 nr/ret=0 allow=1
[seccomp] ts=28341441272757 pid=91691 tgid=91691 comm=pg_isready       mode=FILTER   target=1 nr/ret=-1 allow=0
[seccomp] ts=28341441272757 pid=91691 tgid=91691 comm=pg_isready       mode=FILTER   target=1 nr/ret=0 allow=1
[seccomp] ts=28341441275799 pid=91691 tgid=91691 comm=pg_isready       mode=FILTER   target=1 nr/ret=-1 allow=0
[seccomp] ts=28341441275799 pid=91691 tgid=91691 comm=pg_isready       mode=FILTER   target=1 nr/ret=0 allow=1
[seccomp] ts=28341441277632 pid=91691 tgid=91691 comm=pg_isready       mode=FILTER   target=1 nr/ret=-1 allow=0
[seccomp] ts=28341441277632 pid=91691 tgid=91691 comm=pg_isready       mode=FILTER   target=1 nr/ret=0 allow=1
[seccomp] ts=28341441282507 pid=91691 tgid=91691 comm=pg_isready       mode=FILTER   target=1 nr/ret=-1 allow=0
[seccomp] ts=28341441282507 pid=91691 tgid=91691 comm=pg_isready       mode=FILTER   target=1 nr/ret=0 allow=1
[seccomp] ts=28341441284091 pid=91691 tgid=91691 comm=pg_isready       mode=FILTER   target=1 nr/ret=-1 allow=0
[seccomp] ts=28341441284091 pid=91691 tgid=91691 comm=pg_isready       mode=FILTER   target=1 nr/ret=0 allow=1
[seccomp] ts=28341441285466 pid=91691 tgid=91691 comm=pg_isready       mode=FILTER   target=1 nr/ret=-1 allow=0
[seccomp] ts=28341441285466 pid=91691 tgid=91691 comm=pg_isready       mode=FILTER   target=1 nr/ret=0 allow=1
[seccomp] ts=28341441286882 pid=91691 tgid=91691 comm=pg_isready       mode=FILTER   target=1 nr/ret=-1 allow=0
[seccomp] ts=28341441286882 pid=91691 tgid=91691 comm=pg_isready       mode=FILTER   target=1 nr/ret=0 allow=1
[seccomp] ts=28341441298632 pid=91691 tgid=91691 comm=pg_isready       mode=FILTER   target=1 nr/ret=-1 allow=0
[seccomp] ts=28341441298632 pid=91691 tgid=91691 comm=pg_isready       mode=FILTER   target=1 nr/ret=0 allow=1
[seccomp] ts=28341441326466 pid=91691 tgid=91691 comm=pg_isready       mode=FILTER   target=1 nr/ret=-1 allow=0
[seccomp] ts=28341441326466 pid=91691 tgid=91691 comm=pg_isready       mode=FILTER   target=1 nr/ret=0 allow=1
[seccomp] ts=28341441329424 pid=91691 tgid=91691 comm=pg_isready       mode=FILTER   target=1 nr/ret=-1 allow=0
[seccomp] ts=28341441329424 pid=91691 tgid=91691 comm=pg_isready       mode=FILTER   target=1 nr/ret=0 allow=1
[seccomp] ts=28341441333382 pid=91691 tgid=91691 comm=pg_isready       mode=FILTER   target=1 nr/ret=-1 allow=0
[seccomp] ts=28341441333382 pid=91691 tgid=91691 comm=pg_isready       mode=FILTER   target=1 nr/ret=0 allow=1
[seccomp] ts=28341441334799 pid=91691 tgid=91691 comm=pg_isready       mode=FILTER   target=1 nr/ret=-1 allow=0
[seccomp] ts=28341441334799 pid=91691 tgid=91691 comm=pg_isready       mode=FILTER   target=1 nr/ret=0 allow=1
[seccomp] ts=28341441338716 pid=91691 tgid=91691 comm=pg_isready       mode=FILTER   target=1 nr/ret=-1 allow=0
[seccomp] ts=28341441338716 pid=91691 tgid=91691 comm=pg_isready       mode=FILTER   target=1 nr/ret=0 allow=1
[seccomp] ts=28341441340882 pid=91691 tgid=91691 comm=pg_isready       mode=FILTER   target=1 nr/ret=-1 allow=0
[seccomp] ts=28341441340882 pid=91691 tgid=91691 comm=pg_isready       mode=FILTER   target=1 nr/ret=0 allow=1
[seccomp] ts=28341441343966 pid=91691 tgid=91691 comm=pg_isready       mode=FILTER   target=1 nr/ret=-1 allow=0
[seccomp] ts=28341441343966 pid=91691 tgid=91691 comm=pg_isready       mode=FILTER   target=1 nr/ret=0 allow=1
[seccomp] ts=28341441345466 pid=91691 tgid=91691 comm=pg_isready       mode=FILTER   target=1 nr/ret=-1 allow=0
[seccomp] ts=28341441345466 pid=91691 tgid=91691 comm=pg_isready       mode=FILTER   target=1 nr/ret=0 allow=1
[seccomp] ts=28341441347841 pid=91691 tgid=91691 comm=pg_isready       mode=FILTER   target=1 nr/ret=-1 allow=0
[seccomp] ts=28341441347841 pid=91691 tgid=91691 comm=pg_isready       mode=FILTER   target=1 nr/ret=0 allow=1
[seccomp] ts=28341441363966 pid=91691 tgid=91691 comm=pg_isready       mode=FILTER   target=1 nr/ret=-1 allow=0
[seccomp] ts=28341441363966 pid=91691 tgid=91691 comm=pg_isready       mode=FILTER   target=1 nr/ret=0 allow=1
[seccomp] ts=28341441381674 pid=91691 tgid=91691 comm=pg_isready       mode=FILTER   target=1 nr/ret=-1 allow=0
[seccomp] ts=28341441381674 pid=91691 tgid=91691 comm=pg_isready       mode=FILTER   target=1 nr/ret=0 allow=1
[seccomp] ts=28341441385674 pid=91691 tgid=91691 comm=pg_isready       mode=FILTER   target=1 nr/ret=-1 allow=0
[seccomp] ts=28341441385674 pid=91691 tgid=91691 comm=pg_isready       mode=FILTER   target=1 nr/ret=0 allow=1
[seccomp] ts=28341441404132 pid=91691 tgid=91691 comm=pg_isready       mode=FILTER   target=1 nr/ret=-1 allow=0
[seccomp] ts=28341441404132 pid=91691 tgid=91691 comm=pg_isready       mode=FILTER   target=1 nr/ret=0 allow=1
[seccomp] ts=28341441469049 pid=91691 tgid=91691 comm=pg_isready       mode=FILTER   target=1 nr/ret=-1 allow=0
[seccomp] ts=28341441469049 pid=91691 tgid=91691 comm=pg_isready       mode=FILTER   target=1 nr/ret=0 allow=1
[seccomp] ts=28341441478257 pid=91691 tgid=91691 comm=pg_isready       mode=FILTER   target=1 nr/ret=-1 allow=0
[seccomp] ts=28341441478257 pid=91691 tgid=91691 comm=pg_isready       mode=FILTER   target=1 nr/ret=0 allow=1
[seccomp] ts=28341441554257 pid=91691 tgid=91691 comm=pg_isready       mode=FILTER   target=1 nr/ret=-1 allow=0
[seccomp] ts=28341441579341 pid=648 tgid=648 comm=postgres         mode=FILTER   target=1 nr/ret=-1 allow=0
[seccomp] ts=28341441579341 pid=648 tgid=648 comm=postgres         mode=FILTER   target=1 nr/ret=0 allow=1
[seccomp] ts=28341441605424 pid=648 tgid=648 comm=postgres         mode=FILTER   target=1 nr/ret=-1 allow=0
[seccomp] ts=28341441554257 pid=91691 tgid=91691 comm=pg_isready       mode=FILTER   target=1 nr/ret=0 allow=1
[seccomp] ts=28341441605424 pid=648 tgid=648 comm=postgres         mode=FILTER   target=1 nr/ret=0 allow=1
[seccomp] ts=28341441609549 pid=91691 tgid=91691 comm=pg_isready       mode=FILTER   target=1 nr/ret=-1 allow=0
[seccomp] ts=28341441609549 pid=91691 tgid=91691 comm=pg_isready       mode=FILTER   target=1 nr/ret=0 allow=1
[seccomp] ts=28341441617924 pid=91691 tgid=91691 comm=pg_isready       mode=FILTER   target=1 nr/ret=-1 allow=0
[seccomp] ts=28341441622632 pid=648 tgid=648 comm=postgres         mode=FILTER   target=1 nr/ret=-1 allow=0
[seccomp] ts=28341441622632 pid=648 tgid=648 comm=postgres         mode=FILTER   target=1 nr/ret=0 allow=1
[seccomp] ts=28341441617924 pid=91691 tgid=91691 comm=pg_isready       mode=FILTER   target=1 nr/ret=0 allow=1
[seccomp] ts=28341441639299 pid=648 tgid=648 comm=postgres         mode=FILTER   target=1 nr/ret=-1 allow=0
[seccomp] ts=28341441639799 pid=91691 tgid=91691 comm=pg_isready       mode=FILTER   target=1 nr/ret=-1 allow=0
[seccomp] ts=28341441639299 pid=648 tgid=648 comm=postgres         mode=FILTER   target=1 nr/ret=0 allow=1
[seccomp] ts=28341441639799 pid=91691 tgid=91691 comm=pg_isready       mode=FILTER   target=1 nr/ret=0 allow=1
[seccomp] ts=28341441641466 pid=648 tgid=648 comm=postgres         mode=FILTER   target=1 nr/ret=-1 allow=0
[seccomp] ts=28341441641466 pid=648 tgid=648 comm=postgres         mode=FILTER   target=1 nr/ret=0 allow=1
[seccomp] ts=28341441643007 pid=648 tgid=648 comm=postgres         mode=FILTER   target=1 nr/ret=-1 allow=0
[seccomp] ts=28341441643007 pid=648 tgid=648 comm=postgres         mode=FILTER   target=1 nr/ret=0 allow=1
[seccomp] ts=28341441644091 pid=648 tgid=648 comm=postgres         mode=FILTER   target=1 nr/ret=-1 allow=0
[seccomp] ts=28341441644299 pid=91691 tgid=91691 comm=pg_isready       mode=FILTER   target=1 nr/ret=-1 allow=0
[seccomp] ts=28341441644299 pid=91691 tgid=91691 comm=pg_isready       mode=FILTER   target=1 nr/ret=0 allow=1
[seccomp] ts=28341441644091 pid=648 tgid=648 comm=postgres         mode=FILTER   target=1 nr/ret=0 allow=1
[seccomp] ts=28341441788757 pid=648 tgid=648 comm=postgres         mode=FILTER   target=1 nr/ret=-1 allow=0
[seccomp] ts=28341441788757 pid=648 tgid=648 comm=postgres         mode=FILTER   target=1 nr/ret=0 allow=1
[seccomp] ts=28341441805091 pid=648 tgid=648 comm=postgres         mode=FILTER   target=1 nr/ret=-1 allow=0
[seccomp] ts=28341441805091 pid=648 tgid=648 comm=postgres         mode=FILTER   target=1 nr/ret=0 allow=1
[seccomp] ts=28341441813174 pid=648 tgid=648 comm=postgres         mode=FILTER   target=1 nr/ret=-1 allow=0
[seccomp] ts=28341441812841 pid=91697 tgid=91697 comm=postgres         mode=FILTER   target=1 nr/ret=-1 allow=0
[seccomp] ts=28341441813174 pid=648 tgid=648 comm=postgres         mode=FILTER   target=1 nr/ret=0 allow=1
[seccomp] ts=28341441812841 pid=91697 tgid=91697 comm=postgres         mode=FILTER   target=1 nr/ret=0 allow=1
[seccomp] ts=28341441820966 pid=648 tgid=648 comm=postgres         mode=FILTER   target=1 nr/ret=-1 allow=0
[seccomp] ts=28341441824174 pid=91697 tgid=91697 comm=postgres         mode=FILTER   target=1 nr/ret=-1 allow=0
[seccomp] ts=28341441824174 pid=91697 tgid=91697 comm=postgres         mode=FILTER   target=1 nr/ret=0 allow=1
[seccomp] ts=28341441826841 pid=91697 tgid=91697 comm=postgres         mode=FILTER   target=1 nr/ret=-1 allow=0
[seccomp] ts=28341441826841 pid=91697 tgid=91697 comm=postgres         mode=FILTER   target=1 nr/ret=0 allow=1
[seccomp] ts=28341441833299 pid=91697 tgid=91697 comm=postgres         mode=FILTER   target=1 nr/ret=-1 allow=0
[seccomp] ts=28341441833299 pid=91697 tgid=91697 comm=postgres         mode=FILTER   target=1 nr/ret=0 allow=1
[seccomp] ts=28341441820966 pid=648 tgid=648 comm=postgres         mode=FILTER   target=1 nr/ret=0 allow=1
[seccomp] ts=28341441846049 pid=648 tgid=648 comm=postgres         mode=FILTER   target=1 nr/ret=-1 allow=0
[seccomp] ts=28341441846049 pid=648 tgid=648 comm=postgres         mode=FILTER   target=1 nr/ret=0 allow=1
[seccomp] ts=28341441893966 pid=91697 tgid=91697 comm=postgres         mode=FILTER   target=1 nr/ret=-1 allow=0
[seccomp] ts=28341441893966 pid=91697 tgid=91697 comm=postgres         mode=FILTER   target=1 nr/ret=0 allow=1
[seccomp] ts=28341441950382 pid=91697 tgid=91697 comm=postgres         mode=FILTER   target=1 nr/ret=-1 allow=0
[seccomp] ts=28341441950382 pid=91697 tgid=91697 comm=postgres         mode=FILTER   target=1 nr/ret=0 allow=1
[seccomp] ts=28341441980882 pid=91697 tgid=91697 comm=postgres         mode=FILTER   target=1 nr/ret=-1 allow=0
[seccomp] ts=28341441980882 pid=91697 tgid=91697 comm=postgres         mode=FILTER   target=1 nr/ret=0 allow=1
[seccomp] ts=28341441982674 pid=91697 tgid=91697 comm=postgres         mode=FILTER   target=1 nr/ret=-1 allow=0
[seccomp] ts=28341441982674 pid=91697 tgid=91697 comm=postgres         mode=FILTER   target=1 nr/ret=0 allow=1
[seccomp] ts=28341442020257 pid=91697 tgid=91697 comm=postgres         mode=FILTER   target=1 nr/ret=-1 allow=0
[seccomp] ts=28341442020257 pid=91697 tgid=91697 comm=postgres         mode=FILTER   target=1 nr/ret=0 allow=1
[seccomp] ts=28341442041632 pid=91697 tgid=91697 comm=postgres         mode=FILTER   target=1 nr/ret=-1 allow=0
[seccomp] ts=28341442041632 pid=91697 tgid=91697 comm=postgres         mode=FILTER   target=1 nr/ret=0 allow=1
[seccomp] ts=28341442050716 pid=91697 tgid=91697 comm=postgres         mode=FILTER   target=1 nr/ret=-1 allow=0
[seccomp] ts=28341442050716 pid=91697 tgid=91697 comm=postgres         mode=FILTER   target=1 nr/ret=0 allow=1
[seccomp] ts=28341442147466 pid=91697 tgid=91697 comm=postgres         mode=FILTER   target=1 nr/ret=-1 allow=0
[seccomp] ts=28341442147466 pid=91697 tgid=91697 comm=postgres         mode=FILTER   target=1 nr/ret=0 allow=1
[seccomp] ts=28341442164299 pid=91697 tgid=91697 comm=postgres         mode=FILTER   target=1 nr/ret=-1 allow=0
[seccomp] ts=28341442164299 pid=91697 tgid=91697 comm=postgres         mode=FILTER   target=1 nr/ret=0 allow=1
[seccomp] ts=28341442193799 pid=91697 tgid=91697 comm=postgres         mode=FILTER   target=1 nr/ret=-1 allow=0
[seccomp] ts=28341442193799 pid=91697 tgid=91697 comm=postgres         mode=FILTER   target=1 nr/ret=0 allow=1
[seccomp] ts=28341442233174 pid=91697 tgid=91697 comm=postgres         mode=FILTER   target=1 nr/ret=-1 allow=0
[seccomp] ts=28341442233174 pid=91697 tgid=91697 comm=postgres         mode=FILTER   target=1 nr/ret=0 allow=1
[seccomp] ts=28341442234924 pid=91697 tgid=91697 comm=postgres         mode=FILTER   target=1 nr/ret=-1 allow=0
[seccomp] ts=28341442234924 pid=91697 tgid=91697 comm=postgres         mode=FILTER   target=1 nr/ret=0 allow=1
[seccomp] ts=28341442236257 pid=91697 tgid=91697 comm=postgres         mode=FILTER   target=1 nr/ret=-1 allow=0
[seccomp] ts=28341442236257 pid=91697 tgid=91697 comm=postgres         mode=FILTER   target=1 nr/ret=0 allow=1
[seccomp] ts=28341442237674 pid=91697 tgid=91697 comm=postgres         mode=FILTER   target=1 nr/ret=-1 allow=0
[seccomp] ts=28341442237674 pid=91697 tgid=91697 comm=postgres         mode=FILTER   target=1 nr/ret=0 allow=1
[seccomp] ts=28341442239424 pid=91697 tgid=91697 comm=postgres         mode=FILTER   target=1 nr/ret=-1 allow=0
[seccomp] ts=28341442239424 pid=91697 tgid=91697 comm=postgres         mode=FILTER   target=1 nr/ret=0 allow=1
[seccomp] ts=28341442242466 pid=91697 tgid=91697 comm=postgres         mode=FILTER   target=1 nr/ret=-1 allow=0
[seccomp] ts=28341442242466 pid=91697 tgid=91697 comm=postgres         mode=FILTER   target=1 nr/ret=0 allow=1
[seccomp] ts=28341442252632 pid=91697 tgid=91697 comm=postgres         mode=FILTER   target=1 nr/ret=-1 allow=0
[seccomp] ts=28341442252632 pid=91697 tgid=91697 comm=postgres         mode=FILTER   target=1 nr/ret=0 allow=1
[seccomp] ts=28341442285799 pid=91697 tgid=91697 comm=postgres         mode=FILTER   target=1 nr/ret=-1 allow=0
[seccomp] ts=28341442285799 pid=91697 tgid=91697 comm=postgres         mode=FILTER   target=1 nr/ret=0 allow=1
[seccomp] ts=28341442287466 pid=91697 tgid=91697 comm=postgres         mode=FILTER   target=1 nr/ret=-1 allow=0
[seccomp] ts=28341442287466 pid=91697 tgid=91697 comm=postgres         mode=FILTER   target=1 nr/ret=0 allow=1
[seccomp] ts=28341442288882 pid=91697 tgid=91697 comm=postgres         mode=FILTER   target=1 nr/ret=-1 allow=0
[seccomp] ts=28341442288882 pid=91697 tgid=91697 comm=postgres         mode=FILTER   target=1 nr/ret=0 allow=1
[seccomp] ts=28341442299466 pid=91697 tgid=91697 comm=postgres         mode=FILTER   target=1 nr/ret=-1 allow=0
[seccomp] ts=28341442299466 pid=91697 tgid=91697 comm=postgres         mode=FILTER   target=1 nr/ret=0 allow=1
[seccomp] ts=28341442324882 pid=91697 tgid=91697 comm=postgres         mode=FILTER   target=1 nr/ret=-1 allow=0
[seccomp] ts=28341442324882 pid=91697 tgid=91697 comm=postgres         mode=FILTER   target=1 nr/ret=0 allow=1
[seccomp] ts=28341442326382 pid=91697 tgid=91697 comm=postgres         mode=FILTER   target=1 nr/ret=-1 allow=0
[seccomp] ts=28341442326382 pid=91697 tgid=91697 comm=postgres         mode=FILTER   target=1 nr/ret=0 allow=1
[seccomp] ts=28341442327591 pid=91697 tgid=91697 comm=postgres         mode=FILTER   target=1 nr/ret=-1 allow=0
[seccomp] ts=28341442327591 pid=91697 tgid=91697 comm=postgres         mode=FILTER   target=1 nr/ret=0 allow=1
[seccomp] ts=28341442329632 pid=91697 tgid=91697 comm=postgres         mode=FILTER   target=1 nr/ret=-1 allow=0
[seccomp] ts=28341442329632 pid=91697 tgid=91697 comm=postgres         mode=FILTER   target=1 nr/ret=0 allow=1
[seccomp] ts=28341442331591 pid=91697 tgid=91697 comm=postgres         mode=FILTER   target=1 nr/ret=-1 allow=0
[seccomp] ts=28341442331591 pid=91697 tgid=91697 comm=postgres         mode=FILTER   target=1 nr/ret=0 allow=1
[seccomp] ts=28341442333424 pid=91697 tgid=91697 comm=postgres         mode=FILTER   target=1 nr/ret=-1 allow=0
[seccomp] ts=28341442333424 pid=91697 tgid=91697 comm=postgres         mode=FILTER   target=1 nr/ret=0 allow=1
[seccomp] ts=28341442334799 pid=91697 tgid=91697 comm=postgres         mode=FILTER   target=1 nr/ret=-1 allow=0
[seccomp] ts=28341442334799 pid=91697 tgid=91697 comm=postgres         mode=FILTER   target=1 nr/ret=0 allow=1
[seccomp] ts=28341442337091 pid=91697 tgid=91697 comm=postgres         mode=FILTER   target=1 nr/ret=-1 allow=0
[seccomp] ts=28341442337091 pid=91697 tgid=91697 comm=postgres         mode=FILTER   target=1 nr/ret=0 allow=1
[seccomp] ts=28341442338549 pid=91697 tgid=91697 comm=postgres         mode=FILTER   target=1 nr/ret=-1 allow=0
[seccomp] ts=28341442338549 pid=91697 tgid=91697 comm=postgres         mode=FILTER   target=1 nr/ret=0 allow=1
[seccomp] ts=28341442339591 pid=91697 tgid=91697 comm=postgres         mode=FILTER   target=1 nr/ret=-1 allow=0
[seccomp] ts=28341442339591 pid=91697 tgid=91697 comm=postgres         mode=FILTER   target=1 nr/ret=0 allow=1
[seccomp] ts=28341442348049 pid=91697 tgid=91697 comm=postgres         mode=FILTER   target=1 nr/ret=-1 allow=0
[seccomp] ts=28341442348049 pid=91697 tgid=91697 comm=postgres         mode=FILTER   target=1 nr/ret=0 allow=1
[seccomp] ts=28341442352966 pid=91697 tgid=91697 comm=postgres         mode=FILTER   target=1 nr/ret=-1 allow=0
[seccomp] ts=28341442352966 pid=91697 tgid=91697 comm=postgres         mode=FILTER   target=1 nr/ret=0 allow=1
[seccomp] ts=28341442361424 pid=91697 tgid=91697 comm=postgres         mode=FILTER   target=1 nr/ret=-1 allow=0
[seccomp] ts=28341442361424 pid=91697 tgid=91697 comm=postgres         mode=FILTER   target=1 nr/ret=0 allow=1
[seccomp] ts=28341442389341 pid=91697 tgid=91697 comm=postgres         mode=FILTER   target=1 nr/ret=-1 allow=0
[seccomp] ts=28341442389341 pid=91697 tgid=91697 comm=postgres         mode=FILTER   target=1 nr/ret=0 allow=1
[seccomp] ts=28341442414841 pid=91697 tgid=91697 comm=postgres         mode=FILTER   target=1 nr/ret=-1 allow=0
[seccomp] ts=28341442414841 pid=91697 tgid=91697 comm=postgres         mode=FILTER   target=1 nr/ret=0 allow=1
[seccomp] ts=28341442457091 pid=91697 tgid=91697 comm=postgres         mode=FILTER   target=1 nr/ret=-1 allow=0
[seccomp] ts=28341442457091 pid=91697 tgid=91697 comm=postgres         mode=FILTER   target=1 nr/ret=0 allow=1
[seccomp] ts=28341442472924 pid=91697 tgid=91697 comm=postgres         mode=FILTER   target=1 nr/ret=-1 allow=0
[seccomp] ts=28341442472924 pid=91697 tgid=91697 comm=postgres         mode=FILTER   target=1 nr/ret=0 allow=1
[seccomp] ts=28341442474174 pid=91697 tgid=91697 comm=postgres         mode=FILTER   target=1 nr/ret=-1 allow=0
[seccomp] ts=28341442474174 pid=91697 tgid=91697 comm=postgres         mode=FILTER   target=1 nr/ret=0 allow=1
[seccomp] ts=28341442475424 pid=91697 tgid=91697 comm=postgres         mode=FILTER   target=1 nr/ret=-1 allow=0
[seccomp] ts=28341442475424 pid=91697 tgid=91697 comm=postgres         mode=FILTER   target=1 nr/ret=0 allow=1
[seccomp] ts=28341442476507 pid=91697 tgid=91697 comm=postgres         mode=FILTER   target=1 nr/ret=-1 allow=0
[seccomp] ts=28341442476507 pid=91697 tgid=91697 comm=postgres         mode=FILTER   target=1 nr/ret=0 allow=1
[seccomp] ts=28341442477716 pid=91697 tgid=91697 comm=postgres         mode=FILTER   target=1 nr/ret=-1 allow=0
[seccomp] ts=28341442477716 pid=91697 tgid=91697 comm=postgres         mode=FILTER   target=1 nr/ret=0 allow=1
[seccomp] ts=28341442478841 pid=91697 tgid=91697 comm=postgres         mode=FILTER   target=1 nr/ret=-1 allow=0
[seccomp] ts=28341442478841 pid=91697 tgid=91697 comm=postgres         mode=FILTER   target=1 nr/ret=0 allow=1
[seccomp] ts=28341442479924 pid=91697 tgid=91697 comm=postgres         mode=FILTER   target=1 nr/ret=-1 allow=0
[seccomp] ts=28341442479924 pid=91697 tgid=91697 comm=postgres         mode=FILTER   target=1 nr/ret=0 allow=1
[seccomp] ts=28341442480966 pid=91697 tgid=91697 comm=postgres         mode=FILTER   target=1 nr/ret=-1 allow=0
[seccomp] ts=28341442480966 pid=91697 tgid=91697 comm=postgres         mode=FILTER   target=1 nr/ret=0 allow=1
[seccomp] ts=28341442492091 pid=91697 tgid=91697 comm=postgres         mode=FILTER   target=1 nr/ret=-1 allow=0
[seccomp] ts=28341442492091 pid=91697 tgid=91697 comm=postgres         mode=FILTER   target=1 nr/ret=0 allow=1
[seccomp] ts=28341442548799 pid=91697 tgid=91697 comm=postgres         mode=FILTER   target=1 nr/ret=-1 allow=0
[seccomp] ts=28341442548799 pid=91697 tgid=91697 comm=postgres         mode=FILTER   target=1 nr/ret=0 allow=1
[seccomp] ts=28341442557382 pid=91697 tgid=91697 comm=postgres         mode=FILTER   target=1 nr/ret=-1 allow=0
[seccomp] ts=28341442557382 pid=91697 tgid=91697 comm=postgres         mode=FILTER   target=1 nr/ret=0 allow=1
[seccomp] ts=28341442661341 pid=91697 tgid=91697 comm=postgres         mode=FILTER   target=1 nr/ret=-1 allow=0
[seccomp] ts=28341442661341 pid=91697 tgid=91697 comm=postgres         mode=FILTER   target=1 nr/ret=0 allow=1
[seccomp] ts=28341442736716 pid=91697 tgid=91697 comm=postgres         mode=FILTER   target=1 nr/ret=-1 allow=0
[seccomp] ts=28341442736716 pid=91697 tgid=91697 comm=postgres         mode=FILTER   target=1 nr/ret=0 allow=1
[seccomp] ts=28341442769382 pid=91697 tgid=91697 comm=postgres         mode=FILTER   target=1 nr/ret=-1 allow=0
[seccomp] ts=28341442769382 pid=91697 tgid=91697 comm=postgres         mode=FILTER   target=1 nr/ret=0 allow=1
[seccomp] ts=28341442777007 pid=91697 tgid=91697 comm=postgres         mode=FILTER   target=1 nr/ret=-1 allow=0
[seccomp] ts=28341442777007 pid=91697 tgid=91697 comm=postgres         mode=FILTER   target=1 nr/ret=0 allow=1
[seccomp] ts=28341442794757 pid=91697 tgid=91697 comm=postgres         mode=FILTER   target=1 nr/ret=-1 allow=0
[seccomp] ts=28341442794757 pid=91697 tgid=91697 comm=postgres         mode=FILTER   target=1 nr/ret=0 allow=1
[seccomp] ts=28341442893549 pid=91697 tgid=91697 comm=postgres         mode=FILTER   target=1 nr/ret=-1 allow=0
[seccomp] ts=28341442893549 pid=91697 tgid=91697 comm=postgres         mode=FILTER   target=1 nr/ret=0 allow=1
[seccomp] ts=28341442928132 pid=91697 tgid=91697 comm=postgres         mode=FILTER   target=1 nr/ret=-1 allow=0
[seccomp] ts=28341442928132 pid=91697 tgid=91697 comm=postgres         mode=FILTER   target=1 nr/ret=0 allow=1
[seccomp] ts=28341442931299 pid=91697 tgid=91697 comm=postgres         mode=FILTER   target=1 nr/ret=-1 allow=0
[seccomp] ts=28341442931299 pid=91697 tgid=91697 comm=postgres         mode=FILTER   target=1 nr/ret=0 allow=1
[seccomp] ts=28341442934924 pid=91697 tgid=91697 comm=postgres         mode=FILTER   target=1 nr/ret=-1 allow=0
[seccomp] ts=28341442934924 pid=91697 tgid=91697 comm=postgres         mode=FILTER   target=1 nr/ret=0 allow=1
[seccomp] ts=28341442942716 pid=91697 tgid=91697 comm=postgres         mode=FILTER   target=1 nr/ret=-1 allow=0
[seccomp] ts=28341442942716 pid=91697 tgid=91697 comm=postgres         mode=FILTER   target=1 nr/ret=0 allow=1
[seccomp] ts=28341442982882 pid=91697 tgid=91697 comm=postgres         mode=FILTER   target=1 nr/ret=-1 allow=0
[seccomp] ts=28341442982882 pid=91697 tgid=91697 comm=postgres         mode=FILTER   target=1 nr/ret=0 allow=1
[seccomp] ts=28341442993382 pid=91697 tgid=91697 comm=postgres         mode=FILTER   target=1 nr/ret=-1 allow=0
[seccomp] ts=28341442993382 pid=91697 tgid=91697 comm=postgres         mode=FILTER   target=1 nr/ret=0 allow=1
[seccomp] ts=28341443085174 pid=91697 tgid=91697 comm=postgres         mode=FILTER   target=1 nr/ret=-1 allow=0
[seccomp] ts=28341443085174 pid=91697 tgid=91697 comm=postgres         mode=FILTER   target=1 nr/ret=0 allow=1
[seccomp] ts=28341443116049 pid=91697 tgid=91697 comm=postgres         mode=FILTER   target=1 nr/ret=-1 allow=0
[seccomp] ts=28341443116049 pid=91697 tgid=91697 comm=postgres         mode=FILTER   target=1 nr/ret=0 allow=1
[seccomp] ts=28341443120299 pid=91697 tgid=91697 comm=postgres         mode=FILTER   target=1 nr/ret=-1 allow=0
[seccomp] ts=28341443120299 pid=91697 tgid=91697 comm=postgres         mode=FILTER   target=1 nr/ret=0 allow=1
[seccomp] ts=28341443131799 pid=91697 tgid=91697 comm=postgres         mode=FILTER   target=1 nr/ret=-1 allow=0
[seccomp] ts=28341443131799 pid=91697 tgid=91697 comm=postgres         mode=FILTER   target=1 nr/ret=0 allow=1
[seccomp] ts=28341443135799 pid=91697 tgid=91697 comm=postgres         mode=FILTER   target=1 nr/ret=-1 allow=0
[seccomp] ts=28341443135799 pid=91697 tgid=91697 comm=postgres         mode=FILTER   target=1 nr/ret=0 allow=1
[seccomp] ts=28341443137882 pid=91697 tgid=91697 comm=postgres         mode=FILTER   target=1 nr/ret=-1 allow=0
[seccomp] ts=28341443137882 pid=91697 tgid=91697 comm=postgres         mode=FILTER   target=1 nr/ret=0 allow=1
[seccomp] ts=28341443140007 pid=91697 tgid=91697 comm=postgres         mode=FILTER   target=1 nr/ret=-1 allow=0
[seccomp] ts=28341443140007 pid=91697 tgid=91697 comm=postgres         mode=FILTER   target=1 nr/ret=0 allow=1
[seccomp] ts=28341443142007 pid=91697 tgid=91697 comm=postgres         mode=FILTER   target=1 nr/ret=-1 allow=0
[seccomp] ts=28341443142007 pid=91697 tgid=91697 comm=postgres         mode=FILTER   target=1 nr/ret=0 allow=1
[seccomp] ts=28341443144007 pid=91697 tgid=91697 comm=postgres         mode=FILTER   target=1 nr/ret=-1 allow=0
[seccomp] ts=28341443144007 pid=91697 tgid=91697 comm=postgres         mode=FILTER   target=1 nr/ret=0 allow=1
[seccomp] ts=28341443158966 pid=91697 tgid=91697 comm=postgres         mode=FILTER   target=1 nr/ret=-1 allow=0
[seccomp] ts=28341443158966 pid=91697 tgid=91697 comm=postgres         mode=FILTER   target=1 nr/ret=0 allow=1
[seccomp] ts=28341443209882 pid=91697 tgid=91697 comm=postgres         mode=FILTER   target=1 nr/ret=-1 allow=0
[seccomp] ts=28341443209882 pid=91697 tgid=91697 comm=postgres         mode=FILTER   target=1 nr/ret=0 allow=1
[seccomp] ts=28341443212716 pid=91697 tgid=91697 comm=postgres         mode=FILTER   target=1 nr/ret=-1 allow=0
[seccomp] ts=28341443212716 pid=91697 tgid=91697 comm=postgres         mode=FILTER   target=1 nr/ret=0 allow=1
[seccomp] ts=28341443222507 pid=91697 tgid=91697 comm=postgres         mode=FILTER   target=1 nr/ret=-1 allow=0
[seccomp] ts=28341443222507 pid=91697 tgid=91697 comm=postgres         mode=FILTER   target=1 nr/ret=0 allow=1
[seccomp] ts=28341443226382 pid=91697 tgid=91697 comm=postgres         mode=FILTER   target=1 nr/ret=-1 allow=0
[seccomp] ts=28341443226382 pid=91697 tgid=91697 comm=postgres         mode=FILTER   target=1 nr/ret=0 allow=1
[seccomp] ts=28341443275091 pid=91697 tgid=91697 comm=postgres         mode=FILTER   target=1 nr/ret=-1 allow=0
[seccomp] ts=28341443275091 pid=91697 tgid=91697 comm=postgres         mode=FILTER   target=1 nr/ret=0 allow=1
[seccomp] ts=28341443303007 pid=91697 tgid=91697 comm=postgres         mode=FILTER   target=1 nr/ret=-1 allow=0
[seccomp] ts=28341443303007 pid=91697 tgid=91697 comm=postgres         mode=FILTER   target=1 nr/ret=0 allow=1
[seccomp] ts=28341443307882 pid=91697 tgid=91697 comm=postgres         mode=FILTER   target=1 nr/ret=-1 allow=0
[seccomp] ts=28341443307882 pid=91697 tgid=91697 comm=postgres         mode=FILTER   target=1 nr/ret=0 allow=1
[seccomp] ts=28341443311174 pid=91697 tgid=91697 comm=postgres         mode=FILTER   target=1 nr/ret=-1 allow=0
[seccomp] ts=28341443311174 pid=91697 tgid=91697 comm=postgres         mode=FILTER   target=1 nr/ret=0 allow=1
[seccomp] ts=28341443314341 pid=91697 tgid=91697 comm=postgres         mode=FILTER   target=1 nr/ret=-1 allow=0
[seccomp] ts=28341443314341 pid=91697 tgid=91697 comm=postgres         mode=FILTER   target=1 nr/ret=0 allow=1
[seccomp] ts=28341443316257 pid=91697 tgid=91697 comm=postgres         mode=FILTER   target=1 nr/ret=-1 allow=0
[seccomp] ts=28341443316257 pid=91697 tgid=91697 comm=postgres         mode=FILTER   target=1 nr/ret=0 allow=1
[seccomp] ts=28341443317882 pid=91697 tgid=91697 comm=postgres         mode=FILTER   target=1 nr/ret=-1 allow=0
[seccomp] ts=28341443317882 pid=91697 tgid=91697 comm=postgres         mode=FILTER   target=1 nr/ret=0 allow=1
[seccomp] ts=28341443320549 pid=91697 tgid=91697 comm=postgres         mode=FILTER   target=1 nr/ret=-1 allow=0
[seccomp] ts=28341443320549 pid=91697 tgid=91697 comm=postgres         mode=FILTER   target=1 nr/ret=0 allow=1
[seccomp] ts=28341443322424 pid=91697 tgid=91697 comm=postgres         mode=FILTER   target=1 nr/ret=-1 allow=0
[seccomp] ts=28341443322424 pid=91697 tgid=91697 comm=postgres         mode=FILTER   target=1 nr/ret=0 allow=1
[seccomp] ts=28341443325007 pid=91697 tgid=91697 comm=postgres         mode=FILTER   target=1 nr/ret=-1 allow=0
[seccomp] ts=28341443325007 pid=91697 tgid=91697 comm=postgres         mode=FILTER   target=1 nr/ret=0 allow=1
[seccomp] ts=28341443327757 pid=91697 tgid=91697 comm=postgres         mode=FILTER   target=1 nr/ret=-1 allow=0
[seccomp] ts=28341443327757 pid=91697 tgid=91697 comm=postgres         mode=FILTER   target=1 nr/ret=0 allow=1
[seccomp] ts=28341443330632 pid=91697 tgid=91697 comm=postgres         mode=FILTER   target=1 nr/ret=-1 allow=0
[seccomp] ts=28341443330632 pid=91697 tgid=91697 comm=postgres         mode=FILTER   target=1 nr/ret=0 allow=1
[seccomp] ts=28341443332382 pid=91697 tgid=91697 comm=postgres         mode=FILTER   target=1 nr/ret=-1 allow=0
[seccomp] ts=28341443332382 pid=91697 tgid=91697 comm=postgres         mode=FILTER   target=1 nr/ret=0 allow=1
[seccomp] ts=28341443366966 pid=91697 tgid=91697 comm=postgres         mode=FILTER   target=1 nr/ret=-1 allow=0
[seccomp] ts=28341443366966 pid=91697 tgid=91697 comm=postgres         mode=FILTER   target=1 nr/ret=0 allow=1
[seccomp] ts=28341443368882 pid=91697 tgid=91697 comm=postgres         mode=FILTER   target=1 nr/ret=-1 allow=0
[seccomp] ts=28341443368882 pid=91697 tgid=91697 comm=postgres         mode=FILTER   target=1 nr/ret=0 allow=1
[seccomp] ts=28341443371257 pid=91697 tgid=91697 comm=postgres         mode=FILTER   target=1 nr/ret=-1 allow=0
[seccomp] ts=28341443371257 pid=91697 tgid=91697 comm=postgres         mode=FILTER   target=1 nr/ret=0 allow=1
[seccomp] ts=28341443376716 pid=91697 tgid=91697 comm=postgres         mode=FILTER   target=1 nr/ret=-1 allow=0
[seccomp] ts=28341443376716 pid=91697 tgid=91697 comm=postgres         mode=FILTER   target=1 nr/ret=0 allow=1
[seccomp] ts=28341443399382 pid=91697 tgid=91697 comm=postgres         mode=FILTER   target=1 nr/ret=-1 allow=0
[seccomp] ts=28341443399382 pid=91697 tgid=91697 comm=postgres         mode=FILTER   target=1 nr/ret=0 allow=1
[seccomp] ts=28341443433299 pid=91697 tgid=91697 comm=postgres         mode=FILTER   target=1 nr/ret=-1 allow=0
[seccomp] ts=28341443433299 pid=91697 tgid=91697 comm=postgres         mode=FILTER   target=1 nr/ret=0 allow=1
[seccomp] ts=28341443446257 pid=91697 tgid=91697 comm=postgres         mode=FILTER   target=1 nr/ret=-1 allow=0
[seccomp] ts=28341443446257 pid=91697 tgid=91697 comm=postgres         mode=FILTER   target=1 nr/ret=0 allow=1
[seccomp] ts=28341443546299 pid=91697 tgid=91697 comm=postgres         mode=FILTER   target=1 nr/ret=-1 allow=0
[seccomp] ts=28341443546299 pid=91697 tgid=91697 comm=postgres         mode=FILTER   target=1 nr/ret=0 allow=1
[seccomp] ts=28341443601799 pid=91697 tgid=91697 comm=postgres         mode=FILTER   target=1 nr/ret=-1 allow=0
[seccomp] ts=28341443601799 pid=91697 tgid=91697 comm=postgres         mode=FILTER   target=1 nr/ret=0 allow=1
[seccomp] ts=28341443639632 pid=91697 tgid=91697 comm=postgres         mode=FILTER   target=1 nr/ret=-1 allow=0
[seccomp] ts=28341443639632 pid=91697 tgid=91697 comm=postgres         mode=FILTER   target=1 nr/ret=0 allow=1
[seccomp] ts=28341443643466 pid=91697 tgid=91697 comm=postgres         mode=FILTER   target=1 nr/ret=-1 allow=0
[seccomp] ts=28341443643466 pid=91697 tgid=91697 comm=postgres         mode=FILTER   target=1 nr/ret=0 allow=1
[seccomp] ts=28341443720924 pid=91697 tgid=91697 comm=postgres         mode=FILTER   target=1 nr/ret=-1 allow=0
[seccomp] ts=28341443720924 pid=91697 tgid=91697 comm=postgres         mode=FILTER   target=1 nr/ret=0 allow=1
[seccomp] ts=28341443759841 pid=91697 tgid=91697 comm=postgres         mode=FILTER   target=1 nr/ret=-1 allow=0
[seccomp] ts=28341443759841 pid=91697 tgid=91697 comm=postgres         mode=FILTER   target=1 nr/ret=0 allow=1
[seccomp] ts=28341443761841 pid=91697 tgid=91697 comm=postgres         mode=FILTER   target=1 nr/ret=-1 allow=0
[seccomp] ts=28341443761841 pid=91697 tgid=91697 comm=postgres         mode=FILTER   target=1 nr/ret=0 allow=1
[seccomp] ts=28341443764299 pid=91697 tgid=91697 comm=postgres         mode=FILTER   target=1 nr/ret=-1 allow=0
[seccomp] ts=28341443764299 pid=91697 tgid=91697 comm=postgres         mode=FILTER   target=1 nr/ret=0 allow=1
[seccomp] ts=28341443770174 pid=91697 tgid=91697 comm=postgres         mode=FILTER   target=1 nr/ret=-1 allow=0
[seccomp] ts=28341443770174 pid=91697 tgid=91697 comm=postgres         mode=FILTER   target=1 nr/ret=0 allow=1
[seccomp] ts=28341443852091 pid=91697 tgid=91697 comm=postgres         mode=FILTER   target=1 nr/ret=-1 allow=0
[seccomp] ts=28341443852091 pid=91697 tgid=91697 comm=postgres         mode=FILTER   target=1 nr/ret=0 allow=1
[seccomp] ts=28341443928549 pid=91697 tgid=91697 comm=postgres         mode=FILTER   target=1 nr/ret=-1 allow=0
[seccomp] ts=28341443928549 pid=91697 tgid=91697 comm=postgres         mode=FILTER   target=1 nr/ret=0 allow=1
[seccomp] ts=28341444027007 pid=91697 tgid=91697 comm=postgres         mode=FILTER   target=1 nr/ret=-1 allow=0
[seccomp] ts=28341444027007 pid=91697 tgid=91697 comm=postgres         mode=FILTER   target=1 nr/ret=0 allow=1
[seccomp] ts=28341444070382 pid=91697 tgid=91697 comm=postgres         mode=FILTER   target=1 nr/ret=-1 allow=0
[seccomp] ts=28341444070382 pid=91697 tgid=91697 comm=postgres         mode=FILTER   target=1 nr/ret=0 allow=1
[seccomp] ts=28341444106341 pid=91697 tgid=91697 comm=postgres         mode=FILTER   target=1 nr/ret=-1 allow=0
[seccomp] ts=28341444106341 pid=91697 tgid=91697 comm=postgres         mode=FILTER   target=1 nr/ret=0 allow=1
[seccomp] ts=28341444140924 pid=91697 tgid=91697 comm=postgres         mode=FILTER   target=1 nr/ret=-1 allow=0
[seccomp] ts=28341444140924 pid=91697 tgid=91697 comm=postgres         mode=FILTER   target=1 nr/ret=0 allow=1
[seccomp] ts=28341444155049 pid=91697 tgid=91697 comm=postgres         mode=FILTER   target=1 nr/ret=-1 allow=0
[seccomp] ts=28341444155049 pid=91697 tgid=91697 comm=postgres         mode=FILTER   target=1 nr/ret=0 allow=1
[seccomp] ts=28341444195132 pid=91697 tgid=91697 comm=postgres         mode=FILTER   target=1 nr/ret=-1 allow=0
[seccomp] ts=28341444195132 pid=91697 tgid=91697 comm=postgres         mode=FILTER   target=1 nr/ret=0 allow=1
[seccomp] ts=28341444201924 pid=91697 tgid=91697 comm=postgres         mode=FILTER   target=1 nr/ret=-1 allow=0
[seccomp] ts=28341444201924 pid=91697 tgid=91697 comm=postgres         mode=FILTER   target=1 nr/ret=0 allow=1
[seccomp] ts=28341444210674 pid=91697 tgid=91697 comm=postgres         mode=FILTER   target=1 nr/ret=-1 allow=0
[seccomp] ts=28341444210674 pid=91697 tgid=91697 comm=postgres         mode=FILTER   target=1 nr/ret=0 allow=1
[seccomp] ts=28341444241841 pid=91697 tgid=91697 comm=postgres         mode=FILTER   target=1 nr/ret=-1 allow=0
[seccomp] ts=28341444241841 pid=91697 tgid=91697 comm=postgres         mode=FILTER   target=1 nr/ret=0 allow=1
[seccomp] ts=28341444246549 pid=91697 tgid=91697 comm=postgres         mode=FILTER   target=1 nr/ret=-1 allow=0
[seccomp] ts=28341444246549 pid=91697 tgid=91697 comm=postgres         mode=FILTER   target=1 nr/ret=0 allow=1
[seccomp] ts=28341444249466 pid=91697 tgid=91697 comm=postgres         mode=FILTER   target=1 nr/ret=-1 allow=0
[seccomp] ts=28341444249466 pid=91697 tgid=91697 comm=postgres         mode=FILTER   target=1 nr/ret=0 allow=1
[seccomp] ts=28341444250882 pid=91697 tgid=91697 comm=postgres         mode=FILTER   target=1 nr/ret=-1 allow=0
[seccomp] ts=28341444250882 pid=91697 tgid=91697 comm=postgres         mode=FILTER   target=1 nr/ret=0 allow=1
[seccomp] ts=28341444253424 pid=91697 tgid=91697 comm=postgres         mode=FILTER   target=1 nr/ret=-1 allow=0
[seccomp] ts=28341444253424 pid=91697 tgid=91697 comm=postgres         mode=FILTER   target=1 nr/ret=0 allow=1
[seccomp] ts=28341444256049 pid=91697 tgid=91697 comm=postgres         mode=FILTER   target=1 nr/ret=-1 allow=0
[seccomp] ts=28341444256049 pid=91697 tgid=91697 comm=postgres         mode=FILTER   target=1 nr/ret=0 allow=1
[seccomp] ts=28341444257799 pid=91697 tgid=91697 comm=postgres         mode=FILTER   target=1 nr/ret=-1 allow=0
[seccomp] ts=28341444257799 pid=91697 tgid=91697 comm=postgres         mode=FILTER   target=1 nr/ret=0 allow=1
[seccomp] ts=28341444259632 pid=91697 tgid=91697 comm=postgres         mode=FILTER   target=1 nr/ret=-1 allow=0
[seccomp] ts=28341444259632 pid=91697 tgid=91697 comm=postgres         mode=FILTER   target=1 nr/ret=0 allow=1
[seccomp] ts=28341444262007 pid=91697 tgid=91697 comm=postgres         mode=FILTER   target=1 nr/ret=-1 allow=0
[seccomp] ts=28341444262007 pid=91697 tgid=91697 comm=postgres         mode=FILTER   target=1 nr/ret=0 allow=1
[seccomp] ts=28341444265424 pid=91697 tgid=91697 comm=postgres         mode=FILTER   target=1 nr/ret=-1 allow=0
[seccomp] ts=28341444265424 pid=91697 tgid=91697 comm=postgres         mode=FILTER   target=1 nr/ret=0 allow=1
[seccomp] ts=28341444268049 pid=91697 tgid=91697 comm=postgres         mode=FILTER   target=1 nr/ret=-1 allow=0
[seccomp] ts=28341444268049 pid=91697 tgid=91697 comm=postgres         mode=FILTER   target=1 nr/ret=0 allow=1
[seccomp] ts=28341444270757 pid=91697 tgid=91697 comm=postgres         mode=FILTER   target=1 nr/ret=-1 allow=0
[seccomp] ts=28341444270757 pid=91697 tgid=91697 comm=postgres         mode=FILTER   target=1 nr/ret=0 allow=1
[seccomp] ts=28341444300091 pid=91697 tgid=91697 comm=postgres         mode=FILTER   target=1 nr/ret=-1 allow=0
[seccomp] ts=28341444300091 pid=91697 tgid=91697 comm=postgres         mode=FILTER   target=1 nr/ret=0 allow=1
[seccomp] ts=28341444316632 pid=91697 tgid=91697 comm=postgres         mode=FILTER   target=1 nr/ret=-1 allow=0
[seccomp] ts=28341444316632 pid=91697 tgid=91697 comm=postgres         mode=FILTER   target=1 nr/ret=0 allow=1
[seccomp] ts=28341444320799 pid=91697 tgid=91697 comm=postgres         mode=FILTER   target=1 nr/ret=-1 allow=0
[seccomp] ts=28341444320799 pid=91697 tgid=91697 comm=postgres         mode=FILTER   target=1 nr/ret=0 allow=1
[seccomp] ts=28341444322674 pid=91697 tgid=91697 comm=postgres         mode=FILTER   target=1 nr/ret=-1 allow=0
[seccomp] ts=28341444322674 pid=91697 tgid=91697 comm=postgres         mode=FILTER   target=1 nr/ret=0 allow=1
[seccomp] ts=28341444324549 pid=91697 tgid=91697 comm=postgres         mode=FILTER   target=1 nr/ret=-1 allow=0
[seccomp] ts=28341444324549 pid=91697 tgid=91697 comm=postgres         mode=FILTER   target=1 nr/ret=0 allow=1
[seccomp] ts=28341444329049 pid=91697 tgid=91697 comm=postgres         mode=FILTER   target=1 nr/ret=-1 allow=0
[seccomp] ts=28341444329049 pid=91697 tgid=91697 comm=postgres         mode=FILTER   target=1 nr/ret=0 allow=1
[seccomp] ts=28341444331049 pid=91697 tgid=91697 comm=postgres         mode=FILTER   target=1 nr/ret=-1 allow=0
[seccomp] ts=28341444331049 pid=91697 tgid=91697 comm=postgres         mode=FILTER   target=1 nr/ret=0 allow=1
[seccomp] ts=28341444333091 pid=91697 tgid=91697 comm=postgres         mode=FILTER   target=1 nr/ret=-1 allow=0
[seccomp] ts=28341444333091 pid=91697 tgid=91697 comm=postgres         mode=FILTER   target=1 nr/ret=0 allow=1
[seccomp] ts=28341444334716 pid=91697 tgid=91697 comm=postgres         mode=FILTER   target=1 nr/ret=-1 allow=0
[seccomp] ts=28341444334716 pid=91697 tgid=91697 comm=postgres         mode=FILTER   target=1 nr/ret=0 allow=1
[seccomp] ts=28341444340382 pid=91697 tgid=91697 comm=postgres         mode=FILTER   target=1 nr/ret=-1 allow=0
[seccomp] ts=28341444340382 pid=91697 tgid=91697 comm=postgres         mode=FILTER   target=1 nr/ret=0 allow=1
[seccomp] ts=28341444371466 pid=91697 tgid=91697 comm=postgres         mode=FILTER   target=1 nr/ret=-1 allow=0
[seccomp] ts=28341444371466 pid=91697 tgid=91697 comm=postgres         mode=FILTER   target=1 nr/ret=0 allow=1
[seccomp] ts=28341444373632 pid=91697 tgid=91697 comm=postgres         mode=FILTER   target=1 nr/ret=-1 allow=0
[seccomp] ts=28341444373632 pid=91697 tgid=91697 comm=postgres         mode=FILTER   target=1 nr/ret=0 allow=1
[seccomp] ts=28341444375299 pid=91697 tgid=91697 comm=postgres         mode=FILTER   target=1 nr/ret=-1 allow=0
[seccomp] ts=28341444375299 pid=91697 tgid=91697 comm=postgres         mode=FILTER   target=1 nr/ret=0 allow=1
[seccomp] ts=28341444377966 pid=91697 tgid=91697 comm=postgres         mode=FILTER   target=1 nr/ret=-1 allow=0
[seccomp] ts=28341444377966 pid=91697 tgid=91697 comm=postgres         mode=FILTER   target=1 nr/ret=0 allow=1
[seccomp] ts=28341444379799 pid=91697 tgid=91697 comm=postgres         mode=FILTER   target=1 nr/ret=-1 allow=0
[seccomp] ts=28341444379799 pid=91697 tgid=91697 comm=postgres         mode=FILTER   target=1 nr/ret=0 allow=1
[seccomp] ts=28341444381424 pid=91697 tgid=91697 comm=postgres         mode=FILTER   target=1 nr/ret=-1 allow=0
[seccomp] ts=28341444381424 pid=91697 tgid=91697 comm=postgres         mode=FILTER   target=1 nr/ret=0 allow=1
[seccomp] ts=28341444384049 pid=91697 tgid=91697 comm=postgres         mode=FILTER   target=1 nr/ret=-1 allow=0
[seccomp] ts=28341444384049 pid=91697 tgid=91697 comm=postgres         mode=FILTER   target=1 nr/ret=0 allow=1
[seccomp] ts=28341444386757 pid=91697 tgid=91697 comm=postgres         mode=FILTER   target=1 nr/ret=-1 allow=0
[seccomp] ts=28341444386757 pid=91697 tgid=91697 comm=postgres         mode=FILTER   target=1 nr/ret=0 allow=1
[seccomp] ts=28341444388424 pid=91697 tgid=91697 comm=postgres         mode=FILTER   target=1 nr/ret=-1 allow=0
[seccomp] ts=28341444388424 pid=91697 tgid=91697 comm=postgres         mode=FILTER   target=1 nr/ret=0 allow=1
[seccomp] ts=28341444391341 pid=91697 tgid=91697 comm=postgres         mode=FILTER   target=1 nr/ret=-1 allow=0
[seccomp] ts=28341444391341 pid=91697 tgid=91697 comm=postgres         mode=FILTER   target=1 nr/ret=0 allow=1
[seccomp] ts=28341444392924 pid=91697 tgid=91697 comm=postgres         mode=FILTER   target=1 nr/ret=-1 allow=0
[seccomp] ts=28341444392924 pid=91697 tgid=91697 comm=postgres         mode=FILTER   target=1 nr/ret=0 allow=1
[seccomp] ts=28341444394632 pid=91697 tgid=91697 comm=postgres         mode=FILTER   target=1 nr/ret=-1 allow=0
[seccomp] ts=28341444394632 pid=91697 tgid=91697 comm=postgres         mode=FILTER   target=1 nr/ret=0 allow=1
[seccomp] ts=28341444396299 pid=91697 tgid=91697 comm=postgres         mode=FILTER   target=1 nr/ret=-1 allow=0
[seccomp] ts=28341444396299 pid=91697 tgid=91697 comm=postgres         mode=FILTER   target=1 nr/ret=0 allow=1
[seccomp] ts=28341444399716 pid=91697 tgid=91697 comm=postgres         mode=FILTER   target=1 nr/ret=-1 allow=0
[seccomp] ts=28341444399716 pid=91697 tgid=91697 comm=postgres         mode=FILTER   target=1 nr/ret=0 allow=1
[seccomp] ts=28341444402674 pid=91697 tgid=91697 comm=postgres         mode=FILTER   target=1 nr/ret=-1 allow=0
[seccomp] ts=28341444402674 pid=91697 tgid=91697 comm=postgres         mode=FILTER   target=1 nr/ret=0 allow=1
[seccomp] ts=28341444421091 pid=91697 tgid=91697 comm=postgres         mode=FILTER   target=1 nr/ret=-1 allow=0
[seccomp] ts=28341444421091 pid=91697 tgid=91697 comm=postgres         mode=FILTER   target=1 nr/ret=0 allow=1
[seccomp] ts=28341444422924 pid=91697 tgid=91697 comm=postgres         mode=FILTER   target=1 nr/ret=-1 allow=0
[seccomp] ts=28341444422924 pid=91697 tgid=91697 comm=postgres         mode=FILTER   target=1 nr/ret=0 allow=1
[seccomp] ts=28341444427716 pid=91697 tgid=91697 comm=postgres         mode=FILTER   target=1 nr/ret=-1 allow=0
[seccomp] ts=28341444427716 pid=91697 tgid=91697 comm=postgres         mode=FILTER   target=1 nr/ret=0 allow=1
[seccomp] ts=28341444429216 pid=91697 tgid=91697 comm=postgres         mode=FILTER   target=1 nr/ret=-1 allow=0
[seccomp] ts=28341444429216 pid=91697 tgid=91697 comm=postgres         mode=FILTER   target=1 nr/ret=0 allow=1
[seccomp] ts=28341444430632 pid=91697 tgid=91697 comm=postgres         mode=FILTER   target=1 nr/ret=-1 allow=0
[seccomp] ts=28341444430632 pid=91697 tgid=91697 comm=postgres         mode=FILTER   target=1 nr/ret=0 allow=1
[seccomp] ts=28341444433507 pid=91697 tgid=91697 comm=postgres         mode=FILTER   target=1 nr/ret=-1 allow=0
[seccomp] ts=28341444433507 pid=91697 tgid=91697 comm=postgres         mode=FILTER   target=1 nr/ret=0 allow=1
[seccomp] ts=28341444435049 pid=91697 tgid=91697 comm=postgres         mode=FILTER   target=1 nr/ret=-1 allow=0
[seccomp] ts=28341444435049 pid=91697 tgid=91697 comm=postgres         mode=FILTER   target=1 nr/ret=0 allow=1
[seccomp] ts=28341444437424 pid=91697 tgid=91697 comm=postgres         mode=FILTER   target=1 nr/ret=-1 allow=0
[seccomp] ts=28341444437424 pid=91697 tgid=91697 comm=postgres         mode=FILTER   target=1 nr/ret=0 allow=1
[seccomp] ts=28341444439341 pid=91697 tgid=91697 comm=postgres         mode=FILTER   target=1 nr/ret=-1 allow=0
[seccomp] ts=28341444439341 pid=91697 tgid=91697 comm=postgres         mode=FILTER   target=1 nr/ret=0 allow=1
[seccomp] ts=28341444441132 pid=91697 tgid=91697 comm=postgres         mode=FILTER   target=1 nr/ret=-1 allow=0
[seccomp] ts=28341444441132 pid=91697 tgid=91697 comm=postgres         mode=FILTER   target=1 nr/ret=0 allow=1
[seccomp] ts=28341444443466 pid=91697 tgid=91697 comm=postgres         mode=FILTER   target=1 nr/ret=-1 allow=0
[seccomp] ts=28341444443466 pid=91697 tgid=91697 comm=postgres         mode=FILTER   target=1 nr/ret=0 allow=1
[seccomp] ts=28341444447132 pid=91697 tgid=91697 comm=postgres         mode=FILTER   target=1 nr/ret=-1 allow=0
[seccomp] ts=28341444447132 pid=91697 tgid=91697 comm=postgres         mode=FILTER   target=1 nr/ret=0 allow=1
[seccomp] ts=28341444448841 pid=91697 tgid=91697 comm=postgres         mode=FILTER   target=1 nr/ret=-1 allow=0
[seccomp] ts=28341444448841 pid=91697 tgid=91697 comm=postgres         mode=FILTER   target=1 nr/ret=0 allow=1
[seccomp] ts=28341444451799 pid=91697 tgid=91697 comm=postgres         mode=FILTER   target=1 nr/ret=-1 allow=0
[seccomp] ts=28341444451799 pid=91697 tgid=91697 comm=postgres         mode=FILTER   target=1 nr/ret=0 allow=1
[seccomp] ts=28341444454174 pid=91697 tgid=91697 comm=postgres         mode=FILTER   target=1 nr/ret=-1 allow=0
[seccomp] ts=28341444454174 pid=91697 tgid=91697 comm=postgres         mode=FILTER   target=1 nr/ret=0 allow=1
[seccomp] ts=28341444455799 pid=91697 tgid=91697 comm=postgres         mode=FILTER   target=1 nr/ret=-1 allow=0
[seccomp] ts=28341444455799 pid=91697 tgid=91697 comm=postgres         mode=FILTER   target=1 nr/ret=0 allow=1
[seccomp] ts=28341444457591 pid=91697 tgid=91697 comm=postgres         mode=FILTER   target=1 nr/ret=-1 allow=0
[seccomp] ts=28341444457591 pid=91697 tgid=91697 comm=postgres         mode=FILTER   target=1 nr/ret=0 allow=1
[seccomp] ts=28341444507882 pid=91697 tgid=91697 comm=postgres         mode=FILTER   target=1 nr/ret=-1 allow=0
[seccomp] ts=28341444507882 pid=91697 tgid=91697 comm=postgres         mode=FILTER   target=1 nr/ret=0 allow=1
[seccomp] ts=28341444522132 pid=91697 tgid=91697 comm=postgres         mode=FILTER   target=1 nr/ret=-1 allow=0
[seccomp] ts=28341444522132 pid=91697 tgid=91697 comm=postgres         mode=FILTER   target=1 nr/ret=0 allow=1
[seccomp] ts=28341444523549 pid=91697 tgid=91697 comm=postgres         mode=FILTER   target=1 nr/ret=-1 allow=0
[seccomp] ts=28341444523549 pid=91697 tgid=91697 comm=postgres         mode=FILTER   target=1 nr/ret=0 allow=1
[seccomp] ts=28341444527882 pid=91697 tgid=91697 comm=postgres         mode=FILTER   target=1 nr/ret=-1 allow=0
[seccomp] ts=28341444527882 pid=91697 tgid=91697 comm=postgres         mode=FILTER   target=1 nr/ret=0 allow=1
[seccomp] ts=28341444553799 pid=91697 tgid=91697 comm=postgres         mode=FILTER   target=1 nr/ret=-1 allow=0
[seccomp] ts=28341444553799 pid=91697 tgid=91697 comm=postgres         mode=FILTER   target=1 nr/ret=0 allow=1
[seccomp] ts=28341444566007 pid=91697 tgid=91697 comm=postgres         mode=FILTER   target=1 nr/ret=-1 allow=0
[seccomp] ts=28341444566007 pid=91697 tgid=91697 comm=postgres         mode=FILTER   target=1 nr/ret=0 allow=1
[seccomp] ts=28341444567674 pid=91697 tgid=91697 comm=postgres         mode=FILTER   target=1 nr/ret=-1 allow=0
[seccomp] ts=28341444567674 pid=91697 tgid=91697 comm=postgres         mode=FILTER   target=1 nr/ret=0 allow=1
[seccomp] ts=28341444571966 pid=91697 tgid=91697 comm=postgres         mode=FILTER   target=1 nr/ret=-1 allow=0
[seccomp] ts=28341444571966 pid=91697 tgid=91697 comm=postgres         mode=FILTER   target=1 nr/ret=0 allow=1
[seccomp] ts=28341444575049 pid=91697 tgid=91697 comm=postgres         mode=FILTER   target=1 nr/ret=-1 allow=0
[seccomp] ts=28341444575049 pid=91697 tgid=91697 comm=postgres         mode=FILTER   target=1 nr/ret=0 allow=1
[seccomp] ts=28341444577341 pid=91697 tgid=91697 comm=postgres         mode=FILTER   target=1 nr/ret=-1 allow=0
[seccomp] ts=28341444577341 pid=91697 tgid=91697 comm=postgres         mode=FILTER   target=1 nr/ret=0 allow=1
[seccomp] ts=28341444578882 pid=91697 tgid=91697 comm=postgres         mode=FILTER   target=1 nr/ret=-1 allow=0
[seccomp] ts=28341444578882 pid=91697 tgid=91697 comm=postgres         mode=FILTER   target=1 nr/ret=0 allow=1
[seccomp] ts=28341444580132 pid=91697 tgid=91697 comm=postgres         mode=FILTER   target=1 nr/ret=-1 allow=0
[seccomp] ts=28341444580132 pid=91697 tgid=91697 comm=postgres         mode=FILTER   target=1 nr/ret=0 allow=1
[seccomp] ts=28341444581466 pid=91697 tgid=91697 comm=postgres         mode=FILTER   target=1 nr/ret=-1 allow=0
[seccomp] ts=28341444581466 pid=91697 tgid=91697 comm=postgres         mode=FILTER   target=1 nr/ret=0 allow=1
[seccomp] ts=28341444585299 pid=91697 tgid=91697 comm=postgres         mode=FILTER   target=1 nr/ret=-1 allow=0
[seccomp] ts=28341444585299 pid=91697 tgid=91697 comm=postgres         mode=FILTER   target=1 nr/ret=0 allow=1
[seccomp] ts=28341444586716 pid=91697 tgid=91697 comm=postgres         mode=FILTER   target=1 nr/ret=-1 allow=0
[seccomp] ts=28341444586716 pid=91697 tgid=91697 comm=postgres         mode=FILTER   target=1 nr/ret=0 allow=1
[seccomp] ts=28341444588799 pid=91697 tgid=91697 comm=postgres         mode=FILTER   target=1 nr/ret=-1 allow=0
[seccomp] ts=28341444588799 pid=91697 tgid=91697 comm=postgres         mode=FILTER   target=1 nr/ret=0 allow=1
[seccomp] ts=28341444590091 pid=91697 tgid=91697 comm=postgres         mode=FILTER   target=1 nr/ret=-1 allow=0
[seccomp] ts=28341444590091 pid=91697 tgid=91697 comm=postgres         mode=FILTER   target=1 nr/ret=0 allow=1
[seccomp] ts=28341444591507 pid=91697 tgid=91697 comm=postgres         mode=FILTER   target=1 nr/ret=-1 allow=0
[seccomp] ts=28341444591507 pid=91697 tgid=91697 comm=postgres         mode=FILTER   target=1 nr/ret=0 allow=1
[seccomp] ts=28341444593924 pid=91697 tgid=91697 comm=postgres         mode=FILTER   target=1 nr/ret=-1 allow=0
[seccomp] ts=28341444593924 pid=91697 tgid=91697 comm=postgres         mode=FILTER   target=1 nr/ret=0 allow=1
[seccomp] ts=28341444597257 pid=91697 tgid=91697 comm=postgres         mode=FILTER   target=1 nr/ret=-1 allow=0
[seccomp] ts=28341444597257 pid=91697 tgid=91697 comm=postgres         mode=FILTER   target=1 nr/ret=0 allow=1
[seccomp] ts=28341444621924 pid=91697 tgid=91697 comm=postgres         mode=FILTER   target=1 nr/ret=-1 allow=0
[seccomp] ts=28341444621924 pid=91697 tgid=91697 comm=postgres         mode=FILTER   target=1 nr/ret=0 allow=1
[seccomp] ts=28341444635216 pid=91697 tgid=91697 comm=postgres         mode=FILTER   target=1 nr/ret=-1 allow=0
[seccomp] ts=28341444635216 pid=91697 tgid=91697 comm=postgres         mode=FILTER   target=1 nr/ret=0 allow=1
[seccomp] ts=28341444637091 pid=91697 tgid=91697 comm=postgres         mode=FILTER   target=1 nr/ret=-1 allow=0
[seccomp] ts=28341444637091 pid=91697 tgid=91697 comm=postgres         mode=FILTER   target=1 nr/ret=0 allow=1
[seccomp] ts=28341444638966 pid=91697 tgid=91697 comm=postgres         mode=FILTER   target=1 nr/ret=-1 allow=0
[seccomp] ts=28341444638966 pid=91697 tgid=91697 comm=postgres         mode=FILTER   target=1 nr/ret=0 allow=1
[seccomp] ts=28341444641632 pid=91697 tgid=91697 comm=postgres         mode=FILTER   target=1 nr/ret=-1 allow=0
[seccomp] ts=28341444641632 pid=91697 tgid=91697 comm=postgres         mode=FILTER   target=1 nr/ret=0 allow=1
[seccomp] ts=28341444643299 pid=91697 tgid=91697 comm=postgres         mode=FILTER   target=1 nr/ret=-1 allow=0
[seccomp] ts=28341444643299 pid=91697 tgid=91697 comm=postgres         mode=FILTER   target=1 nr/ret=0 allow=1
[seccomp] ts=28341444645132 pid=91697 tgid=91697 comm=postgres         mode=FILTER   target=1 nr/ret=-1 allow=0
[seccomp] ts=28341444645132 pid=91697 tgid=91697 comm=postgres         mode=FILTER   target=1 nr/ret=0 allow=1
[seccomp] ts=28341444646507 pid=91697 tgid=91697 comm=postgres         mode=FILTER   target=1 nr/ret=-1 allow=0
[seccomp] ts=28341444646507 pid=91697 tgid=91697 comm=postgres         mode=FILTER   target=1 nr/ret=0 allow=1
[seccomp] ts=28341444650841 pid=91697 tgid=91697 comm=postgres         mode=FILTER   target=1 nr/ret=-1 allow=0
[seccomp] ts=28341444650841 pid=91697 tgid=91697 comm=postgres         mode=FILTER   target=1 nr/ret=0 allow=1
[seccomp] ts=28341444652341 pid=91697 tgid=91697 comm=postgres         mode=FILTER   target=1 nr/ret=-1 allow=0
[seccomp] ts=28341444652341 pid=91697 tgid=91697 comm=postgres         mode=FILTER   target=1 nr/ret=0 allow=1
[seccomp] ts=28341444654882 pid=91697 tgid=91697 comm=postgres         mode=FILTER   target=1 nr/ret=-1 allow=0
[seccomp] ts=28341444654882 pid=91697 tgid=91697 comm=postgres         mode=FILTER   target=1 nr/ret=0 allow=1
[seccomp] ts=28341444656216 pid=91697 tgid=91697 comm=postgres         mode=FILTER   target=1 nr/ret=-1 allow=0
[seccomp] ts=28341444656216 pid=91697 tgid=91697 comm=postgres         mode=FILTER   target=1 nr/ret=0 allow=1
[seccomp] ts=28341444657757 pid=91697 tgid=91697 comm=postgres         mode=FILTER   target=1 nr/ret=-1 allow=0
[seccomp] ts=28341444657757 pid=91697 tgid=91697 comm=postgres         mode=FILTER   target=1 nr/ret=0 allow=1
[seccomp] ts=28341444660674 pid=91697 tgid=91697 comm=postgres         mode=FILTER   target=1 nr/ret=-1 allow=0
[seccomp] ts=28341444660674 pid=91697 tgid=91697 comm=postgres         mode=FILTER   target=1 nr/ret=0 allow=1
[seccomp] ts=28341444662341 pid=91697 tgid=91697 comm=postgres         mode=FILTER   target=1 nr/ret=-1 allow=0
[seccomp] ts=28341444662341 pid=91697 tgid=91697 comm=postgres         mode=FILTER   target=1 nr/ret=0 allow=1
[seccomp] ts=28341444667466 pid=91697 tgid=91697 comm=postgres         mode=FILTER   target=1 nr/ret=-1 allow=0
[seccomp] ts=28341444667466 pid=91697 tgid=91697 comm=postgres         mode=FILTER   target=1 nr/ret=0 allow=1
[seccomp] ts=28341444669007 pid=91697 tgid=91697 comm=postgres         mode=FILTER   target=1 nr/ret=-1 allow=0
[seccomp] ts=28341444669007 pid=91697 tgid=91697 comm=postgres         mode=FILTER   target=1 nr/ret=0 allow=1
[seccomp] ts=28341444671716 pid=91697 tgid=91697 comm=postgres         mode=FILTER   target=1 nr/ret=-1 allow=0
[seccomp] ts=28341444671716 pid=91697 tgid=91697 comm=postgres         mode=FILTER   target=1 nr/ret=0 allow=1
[seccomp] ts=28341444674674 pid=91697 tgid=91697 comm=postgres         mode=FILTER   target=1 nr/ret=-1 allow=0
[seccomp] ts=28341444674674 pid=91697 tgid=91697 comm=postgres         mode=FILTER   target=1 nr/ret=0 allow=1
[seccomp] ts=28341444699966 pid=91697 tgid=91697 comm=postgres         mode=FILTER   target=1 nr/ret=-1 allow=0
[seccomp] ts=28341444699966 pid=91697 tgid=91697 comm=postgres         mode=FILTER   target=1 nr/ret=0 allow=1
[seccomp] ts=28341444701549 pid=91697 tgid=91697 comm=postgres         mode=FILTER   target=1 nr/ret=-1 allow=0
[seccomp] ts=28341444701549 pid=91697 tgid=91697 comm=postgres         mode=FILTER   target=1 nr/ret=0 allow=1
[seccomp] ts=28341444704591 pid=91697 tgid=91697 comm=postgres         mode=FILTER   target=1 nr/ret=-1 allow=0
[seccomp] ts=28341444704591 pid=91697 tgid=91697 comm=postgres         mode=FILTER   target=1 nr/ret=0 allow=1
[seccomp] ts=28341444706132 pid=91697 tgid=91697 comm=postgres         mode=FILTER   target=1 nr/ret=-1 allow=0
[seccomp] ts=28341444706132 pid=91697 tgid=91697 comm=postgres         mode=FILTER   target=1 nr/ret=0 allow=1
[seccomp] ts=28341444709299 pid=91697 tgid=91697 comm=postgres         mode=FILTER   target=1 nr/ret=-1 allow=0
[seccomp] ts=28341444709299 pid=91697 tgid=91697 comm=postgres         mode=FILTER   target=1 nr/ret=0 allow=1
[seccomp] ts=28341444723007 pid=91697 tgid=91697 comm=postgres         mode=FILTER   target=1 nr/ret=-1 allow=0
[seccomp] ts=28341444723007 pid=91697 tgid=91697 comm=postgres         mode=FILTER   target=1 nr/ret=0 allow=1
[seccomp] ts=28341444725716 pid=91697 tgid=91697 comm=postgres         mode=FILTER   target=1 nr/ret=-1 allow=0
[seccomp] ts=28341444725716 pid=91697 tgid=91697 comm=postgres         mode=FILTER   target=1 nr/ret=0 allow=1
[seccomp] ts=28341444727091 pid=91697 tgid=91697 comm=postgres         mode=FILTER   target=1 nr/ret=-1 allow=0
[seccomp] ts=28341444727091 pid=91697 tgid=91697 comm=postgres         mode=FILTER   target=1 nr/ret=0 allow=1
[seccomp] ts=28341444729174 pid=91697 tgid=91697 comm=postgres         mode=FILTER   target=1 nr/ret=-1 allow=0
[seccomp] ts=28341444729174 pid=91697 tgid=91697 comm=postgres         mode=FILTER   target=1 nr/ret=0 allow=1
[seccomp] ts=28341444730716 pid=91697 tgid=91697 comm=postgres         mode=FILTER   target=1 nr/ret=-1 allow=0
[seccomp] ts=28341444730716 pid=91697 tgid=91697 comm=postgres         mode=FILTER   target=1 nr/ret=0 allow=1
[seccomp] ts=28341444733007 pid=91697 tgid=91697 comm=postgres         mode=FILTER   target=1 nr/ret=-1 allow=0
[seccomp] ts=28341444733007 pid=91697 tgid=91697 comm=postgres         mode=FILTER   target=1 nr/ret=0 allow=1
[seccomp] ts=28341444735382 pid=91697 tgid=91697 comm=postgres         mode=FILTER   target=1 nr/ret=-1 allow=0
[seccomp] ts=28341444735382 pid=91697 tgid=91697 comm=postgres         mode=FILTER   target=1 nr/ret=0 allow=1
[seccomp] ts=28341444736674 pid=91697 tgid=91697 comm=postgres         mode=FILTER   target=1 nr/ret=-1 allow=0
[seccomp] ts=28341444736674 pid=91697 tgid=91697 comm=postgres         mode=FILTER   target=1 nr/ret=0 allow=1
[seccomp] ts=28341444737882 pid=91697 tgid=91697 comm=postgres         mode=FILTER   target=1 nr/ret=-1 allow=0
[seccomp] ts=28341444737882 pid=91697 tgid=91697 comm=postgres         mode=FILTER   target=1 nr/ret=0 allow=1
[seccomp] ts=28341444740007 pid=91697 tgid=91697 comm=postgres         mode=FILTER   target=1 nr/ret=-1 allow=0
[seccomp] ts=28341444740007 pid=91697 tgid=91697 comm=postgres         mode=FILTER   target=1 nr/ret=0 allow=1
[seccomp] ts=28341444741466 pid=91697 tgid=91697 comm=postgres         mode=FILTER   target=1 nr/ret=-1 allow=0
[seccomp] ts=28341444741466 pid=91697 tgid=91697 comm=postgres         mode=FILTER   target=1 nr/ret=0 allow=1
[seccomp] ts=28341444742757 pid=91697 tgid=91697 comm=postgres         mode=FILTER   target=1 nr/ret=-1 allow=0
[seccomp] ts=28341444742757 pid=91697 tgid=91697 comm=postgres         mode=FILTER   target=1 nr/ret=0 allow=1
[seccomp] ts=28341444744716 pid=91697 tgid=91697 comm=postgres         mode=FILTER   target=1 nr/ret=-1 allow=0
[seccomp] ts=28341444744716 pid=91697 tgid=91697 comm=postgres         mode=FILTER   target=1 nr/ret=0 allow=1
[seccomp] ts=28341444746132 pid=91697 tgid=91697 comm=postgres         mode=FILTER   target=1 nr/ret=-1 allow=0
[seccomp] ts=28341444746132 pid=91697 tgid=91697 comm=postgres         mode=FILTER   target=1 nr/ret=0 allow=1
[seccomp] ts=28341444747507 pid=91697 tgid=91697 comm=postgres         mode=FILTER   target=1 nr/ret=-1 allow=0
[seccomp] ts=28341444747507 pid=91697 tgid=91697 comm=postgres         mode=FILTER   target=1 nr/ret=0 allow=1
[seccomp] ts=28341444750341 pid=91697 tgid=91697 comm=postgres         mode=FILTER   target=1 nr/ret=-1 allow=0
[seccomp] ts=28341444750341 pid=91697 tgid=91697 comm=postgres         mode=FILTER   target=1 nr/ret=0 allow=1
[seccomp] ts=28341444751674 pid=91697 tgid=91697 comm=postgres         mode=FILTER   target=1 nr/ret=-1 allow=0
[seccomp] ts=28341444751674 pid=91697 tgid=91697 comm=postgres         mode=FILTER   target=1 nr/ret=0 allow=1
[seccomp] ts=28341444754132 pid=91697 tgid=91697 comm=postgres         mode=FILTER   target=1 nr/ret=-1 allow=0
[seccomp] ts=28341444754132 pid=91697 tgid=91697 comm=postgres         mode=FILTER   target=1 nr/ret=0 allow=1
[seccomp] ts=28341444755799 pid=91697 tgid=91697 comm=postgres         mode=FILTER   target=1 nr/ret=-1 allow=0
[seccomp] ts=28341444755799 pid=91697 tgid=91697 comm=postgres         mode=FILTER   target=1 nr/ret=0 allow=1
[seccomp] ts=28341444757132 pid=91697 tgid=91697 comm=postgres         mode=FILTER   target=1 nr/ret=-1 allow=0
[seccomp] ts=28341444757132 pid=91697 tgid=91697 comm=postgres         mode=FILTER   target=1 nr/ret=0 allow=1
[seccomp] ts=28341444759216 pid=91697 tgid=91697 comm=postgres         mode=FILTER   target=1 nr/ret=-1 allow=0
[seccomp] ts=28341444759216 pid=91697 tgid=91697 comm=postgres         mode=FILTER   target=1 nr/ret=0 allow=1
[seccomp] ts=28341444802841 pid=91697 tgid=91697 comm=postgres         mode=FILTER   target=1 nr/ret=-1 allow=0
[seccomp] ts=28341444802841 pid=91697 tgid=91697 comm=postgres         mode=FILTER   target=1 nr/ret=0 allow=1
[seccomp] ts=28341444836174 pid=91697 tgid=91697 comm=postgres         mode=FILTER   target=1 nr/ret=-1 allow=0
[seccomp] ts=28341444836174 pid=91697 tgid=91697 comm=postgres         mode=FILTER   target=1 nr/ret=0 allow=1
[seccomp] ts=28341444837757 pid=91697 tgid=91697 comm=postgres         mode=FILTER   target=1 nr/ret=-1 allow=0
[seccomp] ts=28341444837757 pid=91697 tgid=91697 comm=postgres         mode=FILTER   target=1 nr/ret=0 allow=1
[seccomp] ts=28341444843049 pid=91697 tgid=91697 comm=postgres         mode=FILTER   target=1 nr/ret=-1 allow=0
[seccomp] ts=28341444843049 pid=91697 tgid=91697 comm=postgres         mode=FILTER   target=1 nr/ret=0 allow=1
[seccomp] ts=28341444845716 pid=91697 tgid=91697 comm=postgres         mode=FILTER   target=1 nr/ret=-1 allow=0
[seccomp] ts=28341444845716 pid=91697 tgid=91697 comm=postgres         mode=FILTER   target=1 nr/ret=0 allow=1
[seccomp] ts=28341444847091 pid=91697 tgid=91697 comm=postgres         mode=FILTER   target=1 nr/ret=-1 allow=0
[seccomp] ts=28341444847091 pid=91697 tgid=91697 comm=postgres         mode=FILTER   target=1 nr/ret=0 allow=1
[seccomp] ts=28341444848841 pid=91697 tgid=91697 comm=postgres         mode=FILTER   target=1 nr/ret=-1 allow=0
[seccomp] ts=28341444848841 pid=91697 tgid=91697 comm=postgres         mode=FILTER   target=1 nr/ret=0 allow=1
[seccomp] ts=28341444851007 pid=91697 tgid=91697 comm=postgres         mode=FILTER   target=1 nr/ret=-1 allow=0
[seccomp] ts=28341444851007 pid=91697 tgid=91697 comm=postgres         mode=FILTER   target=1 nr/ret=0 allow=1
[seccomp] ts=28341444852507 pid=91697 tgid=91697 comm=postgres         mode=FILTER   target=1 nr/ret=-1 allow=0
[seccomp] ts=28341444852507 pid=91697 tgid=91697 comm=postgres         mode=FILTER   target=1 nr/ret=0 allow=1
[seccomp] ts=28341444857882 pid=91697 tgid=91697 comm=postgres         mode=FILTER   target=1 nr/ret=-1 allow=0
[seccomp] ts=28341444857882 pid=91697 tgid=91697 comm=postgres         mode=FILTER   target=1 nr/ret=0 allow=1
[seccomp] ts=28341444887924 pid=91697 tgid=91697 comm=postgres         mode=FILTER   target=1 nr/ret=-1 allow=0
[seccomp] ts=28341444887924 pid=91697 tgid=91697 comm=postgres         mode=FILTER   target=1 nr/ret=0 allow=1
[seccomp] ts=28341444889882 pid=91697 tgid=91697 comm=postgres         mode=FILTER   target=1 nr/ret=-1 allow=0
[seccomp] ts=28341444889882 pid=91697 tgid=91697 comm=postgres         mode=FILTER   target=1 nr/ret=0 allow=1
[seccomp] ts=28341444892924 pid=91697 tgid=91697 comm=postgres         mode=FILTER   target=1 nr/ret=-1 allow=0
[seccomp] ts=28341444892924 pid=91697 tgid=91697 comm=postgres         mode=FILTER   target=1 nr/ret=0 allow=1
[seccomp] ts=28341444895674 pid=91697 tgid=91697 comm=postgres         mode=FILTER   target=1 nr/ret=-1 allow=0
[seccomp] ts=28341444895674 pid=91697 tgid=91697 comm=postgres         mode=FILTER   target=1 nr/ret=0 allow=1
[seccomp] ts=28341444897382 pid=91697 tgid=91697 comm=postgres         mode=FILTER   target=1 nr/ret=-1 allow=0
[seccomp] ts=28341444897382 pid=91697 tgid=91697 comm=postgres         mode=FILTER   target=1 nr/ret=0 allow=1
[seccomp] ts=28341444899382 pid=91697 tgid=91697 comm=postgres         mode=FILTER   target=1 nr/ret=-1 allow=0
[seccomp] ts=28341444899382 pid=91697 tgid=91697 comm=postgres         mode=FILTER   target=1 nr/ret=0 allow=1
[seccomp] ts=28341444901924 pid=91697 tgid=91697 comm=postgres         mode=FILTER   target=1 nr/ret=-1 allow=0
[seccomp] ts=28341444901924 pid=91697 tgid=91697 comm=postgres         mode=FILTER   target=1 nr/ret=0 allow=1
[seccomp] ts=28341444903299 pid=91697 tgid=91697 comm=postgres         mode=FILTER   target=1 nr/ret=-1 allow=0
[seccomp] ts=28341444903299 pid=91697 tgid=91697 comm=postgres         mode=FILTER   target=1 nr/ret=0 allow=1
[seccomp] ts=28341444906799 pid=91697 tgid=91697 comm=postgres         mode=FILTER   target=1 nr/ret=-1 allow=0
[seccomp] ts=28341444906799 pid=91697 tgid=91697 comm=postgres         mode=FILTER   target=1 nr/ret=0 allow=1
[seccomp] ts=28341444944382 pid=91697 tgid=91697 comm=postgres         mode=FILTER   target=1 nr/ret=-1 allow=0
[seccomp] ts=28341444944382 pid=91697 tgid=91697 comm=postgres         mode=FILTER   target=1 nr/ret=0 allow=1
[seccomp] ts=28341444959174 pid=91697 tgid=91697 comm=postgres         mode=FILTER   target=1 nr/ret=-1 allow=0
[seccomp] ts=28341444959174 pid=91697 tgid=91697 comm=postgres         mode=FILTER   target=1 nr/ret=0 allow=1
[seccomp] ts=28341444963424 pid=91697 tgid=91697 comm=postgres         mode=FILTER   target=1 nr/ret=-1 allow=0
[seccomp] ts=28341444963424 pid=91697 tgid=91697 comm=postgres         mode=FILTER   target=1 nr/ret=0 allow=1
[seccomp] ts=28341444966341 pid=91697 tgid=91697 comm=postgres         mode=FILTER   target=1 nr/ret=-1 allow=0
[seccomp] ts=28341444966341 pid=91697 tgid=91697 comm=postgres         mode=FILTER   target=1 nr/ret=0 allow=1
[seccomp] ts=28341444968257 pid=91697 tgid=91697 comm=postgres         mode=FILTER   target=1 nr/ret=-1 allow=0
[seccomp] ts=28341444968257 pid=91697 tgid=91697 comm=postgres         mode=FILTER   target=1 nr/ret=0 allow=1
[seccomp] ts=28341444971257 pid=91697 tgid=91697 comm=postgres         mode=FILTER   target=1 nr/ret=-1 allow=0
[seccomp] ts=28341444971257 pid=91697 tgid=91697 comm=postgres         mode=FILTER   target=1 nr/ret=0 allow=1
[seccomp] ts=28341444973716 pid=91697 tgid=91697 comm=postgres         mode=FILTER   target=1 nr/ret=-1 allow=0
[seccomp] ts=28341444973716 pid=91697 tgid=91697 comm=postgres         mode=FILTER   target=1 nr/ret=0 allow=1
[seccomp] ts=28341444975507 pid=91697 tgid=91697 comm=postgres         mode=FILTER   target=1 nr/ret=-1 allow=0
[seccomp] ts=28341444975507 pid=91697 tgid=91697 comm=postgres         mode=FILTER   target=1 nr/ret=0 allow=1
[seccomp] ts=28341444979299 pid=91697 tgid=91697 comm=postgres         mode=FILTER   target=1 nr/ret=-1 allow=0
[seccomp] ts=28341444979299 pid=91697 tgid=91697 comm=postgres         mode=FILTER   target=1 nr/ret=0 allow=1
[seccomp] ts=28341444981507 pid=91697 tgid=91697 comm=postgres         mode=FILTER   target=1 nr/ret=-1 allow=0
[seccomp] ts=28341444981507 pid=91697 tgid=91697 comm=postgres         mode=FILTER   target=1 nr/ret=0 allow=1
[seccomp] ts=28341444984132 pid=91697 tgid=91697 comm=postgres         mode=FILTER   target=1 nr/ret=-1 allow=0
[seccomp] ts=28341444984132 pid=91697 tgid=91697 comm=postgres         mode=FILTER   target=1 nr/ret=0 allow=1
[seccomp] ts=28341444987007 pid=91697 tgid=91697 comm=postgres         mode=FILTER   target=1 nr/ret=-1 allow=0
[seccomp] ts=28341444987007 pid=91697 tgid=91697 comm=postgres         mode=FILTER   target=1 nr/ret=0 allow=1
[seccomp] ts=28341445033007 pid=91697 tgid=91697 comm=postgres         mode=FILTER   target=1 nr/ret=-1 allow=0
[seccomp] ts=28341445033007 pid=91697 tgid=91697 comm=postgres         mode=FILTER   target=1 nr/ret=0 allow=1
[seccomp] ts=28341445049382 pid=91697 tgid=91697 comm=postgres         mode=FILTER   target=1 nr/ret=-1 allow=0
[seccomp] ts=28341445049382 pid=91697 tgid=91697 comm=postgres         mode=FILTER   target=1 nr/ret=0 allow=1
[seccomp] ts=28341445067966 pid=91697 tgid=91697 comm=postgres         mode=FILTER   target=1 nr/ret=-1 allow=0
[seccomp] ts=28341445067966 pid=91697 tgid=91697 comm=postgres         mode=FILTER   target=1 nr/ret=0 allow=1
[seccomp] ts=28341445069591 pid=91697 tgid=91697 comm=postgres         mode=FILTER   target=1 nr/ret=-1 allow=0
[seccomp] ts=28341445069591 pid=91697 tgid=91697 comm=postgres         mode=FILTER   target=1 nr/ret=0 allow=1
[seccomp] ts=28341445071091 pid=91697 tgid=91697 comm=postgres         mode=FILTER   target=1 nr/ret=-1 allow=0
[seccomp] ts=28341445071091 pid=91697 tgid=91697 comm=postgres         mode=FILTER   target=1 nr/ret=0 allow=1
[seccomp] ts=28341445073507 pid=91697 tgid=91697 comm=postgres         mode=FILTER   target=1 nr/ret=-1 allow=0
[seccomp] ts=28341445073507 pid=91697 tgid=91697 comm=postgres         mode=FILTER   target=1 nr/ret=0 allow=1
[seccomp] ts=28341445089507 pid=91697 tgid=91697 comm=postgres         mode=FILTER   target=1 nr/ret=-1 allow=0
[seccomp] ts=28341445089507 pid=91697 tgid=91697 comm=postgres         mode=FILTER   target=1 nr/ret=0 allow=1
[seccomp] ts=28341445093757 pid=91697 tgid=91697 comm=postgres         mode=FILTER   target=1 nr/ret=-1 allow=0
[seccomp] ts=28341445093757 pid=91697 tgid=91697 comm=postgres         mode=FILTER   target=1 nr/ret=0 allow=1
[seccomp] ts=28341445109507 pid=91697 tgid=91697 comm=postgres         mode=FILTER   target=1 nr/ret=-1 allow=0
[seccomp] ts=28341445109507 pid=91697 tgid=91697 comm=postgres         mode=FILTER   target=1 nr/ret=0 allow=1
[seccomp] ts=28341445111424 pid=91697 tgid=91697 comm=postgres         mode=FILTER   target=1 nr/ret=-1 allow=0
[seccomp] ts=28341445111424 pid=91697 tgid=91697 comm=postgres         mode=FILTER   target=1 nr/ret=0 allow=1
[seccomp] ts=28341445113799 pid=91697 tgid=91697 comm=postgres         mode=FILTER   target=1 nr/ret=-1 allow=0
[seccomp] ts=28341445113799 pid=91697 tgid=91697 comm=postgres         mode=FILTER   target=1 nr/ret=0 allow=1
[seccomp] ts=28341445118299 pid=91697 tgid=91697 comm=postgres         mode=FILTER   target=1 nr/ret=-1 allow=0
[seccomp] ts=28341445118299 pid=91697 tgid=91697 comm=postgres         mode=FILTER   target=1 nr/ret=0 allow=1
[seccomp] ts=28341445119924 pid=91697 tgid=91697 comm=postgres         mode=FILTER   target=1 nr/ret=-1 allow=0
[seccomp] ts=28341445119924 pid=91697 tgid=91697 comm=postgres         mode=FILTER   target=1 nr/ret=0 allow=1
[seccomp] ts=28341445122632 pid=91697 tgid=91697 comm=postgres         mode=FILTER   target=1 nr/ret=-1 allow=0
[seccomp] ts=28341445122632 pid=91697 tgid=91697 comm=postgres         mode=FILTER   target=1 nr/ret=0 allow=1
[seccomp] ts=28341445136382 pid=91697 tgid=91697 comm=postgres         mode=FILTER   target=1 nr/ret=-1 allow=0
[seccomp] ts=28341445136382 pid=91697 tgid=91697 comm=postgres         mode=FILTER   target=1 nr/ret=0 allow=1
[seccomp] ts=28341445138049 pid=91697 tgid=91697 comm=postgres         mode=FILTER   target=1 nr/ret=-1 allow=0
[seccomp] ts=28341445138049 pid=91697 tgid=91697 comm=postgres         mode=FILTER   target=1 nr/ret=0 allow=1
[seccomp] ts=28341445139882 pid=91697 tgid=91697 comm=postgres         mode=FILTER   target=1 nr/ret=-1 allow=0
[seccomp] ts=28341445139882 pid=91697 tgid=91697 comm=postgres         mode=FILTER   target=1 nr/ret=0 allow=1
[seccomp] ts=28341445143216 pid=91697 tgid=91697 comm=postgres         mode=FILTER   target=1 nr/ret=-1 allow=0
[seccomp] ts=28341445143216 pid=91697 tgid=91697 comm=postgres         mode=FILTER   target=1 nr/ret=0 allow=1
[seccomp] ts=28341445149841 pid=91697 tgid=91697 comm=postgres         mode=FILTER   target=1 nr/ret=-1 allow=0
[seccomp] ts=28341445149841 pid=91697 tgid=91697 comm=postgres         mode=FILTER   target=1 nr/ret=0 allow=1
[seccomp] ts=28341445163966 pid=91697 tgid=91697 comm=postgres         mode=FILTER   target=1 nr/ret=-1 allow=0
[seccomp] ts=28341445163966 pid=91697 tgid=91697 comm=postgres         mode=FILTER   target=1 nr/ret=0 allow=1
[seccomp] ts=28341445193299 pid=91697 tgid=91697 comm=postgres         mode=FILTER   target=1 nr/ret=-1 allow=0
[seccomp] ts=28341445193299 pid=91697 tgid=91697 comm=postgres         mode=FILTER   target=1 nr/ret=0 allow=1
[seccomp] ts=28341445290091 pid=91697 tgid=91697 comm=postgres         mode=FILTER   target=1 nr/ret=-1 allow=0
[seccomp] ts=28341445290091 pid=91697 tgid=91697 comm=postgres         mode=FILTER   target=1 nr/ret=0 allow=1
[seccomp] ts=28341445344382 pid=91697 tgid=91697 comm=postgres         mode=FILTER   target=1 nr/ret=-1 allow=0
[seccomp] ts=28341445344382 pid=91697 tgid=91697 comm=postgres         mode=FILTER   target=1 nr/ret=0 allow=1
[seccomp] ts=28341445368924 pid=91697 tgid=91697 comm=postgres         mode=FILTER   target=1 nr/ret=-1 allow=0
[seccomp] ts=28341445368924 pid=91697 tgid=91697 comm=postgres         mode=FILTER   target=1 nr/ret=0 allow=1
[seccomp] ts=28341445391466 pid=91697 tgid=91697 comm=postgres         mode=FILTER   target=1 nr/ret=-1 allow=0
[seccomp] ts=28341445391466 pid=91697 tgid=91697 comm=postgres         mode=FILTER   target=1 nr/ret=0 allow=1
[seccomp] ts=28341445430007 pid=91697 tgid=91697 comm=postgres         mode=FILTER   target=1 nr/ret=-1 allow=0
[seccomp] ts=28341445430007 pid=91697 tgid=91697 comm=postgres         mode=FILTER   target=1 nr/ret=0 allow=1
[seccomp] ts=28341445439216 pid=91697 tgid=91697 comm=postgres         mode=FILTER   target=1 nr/ret=-1 allow=0
[seccomp] ts=28341445439216 pid=91697 tgid=91697 comm=postgres         mode=FILTER   target=1 nr/ret=0 allow=1
[seccomp] ts=28341445473424 pid=91697 tgid=91697 comm=postgres         mode=FILTER   target=1 nr/ret=-1 allow=0
[seccomp] ts=28341445473424 pid=91697 tgid=91697 comm=postgres         mode=FILTER   target=1 nr/ret=0 allow=1
[seccomp] ts=28341445481716 pid=91697 tgid=91697 comm=postgres         mode=FILTER   target=1 nr/ret=-1 allow=0
[seccomp] ts=28341445481716 pid=91697 tgid=91697 comm=postgres         mode=FILTER   target=1 nr/ret=0 allow=1
[seccomp] ts=28341445489049 pid=91697 tgid=91697 comm=postgres         mode=FILTER   target=1 nr/ret=-1 allow=0
[seccomp] ts=28341445489049 pid=91697 tgid=91697 comm=postgres         mode=FILTER   target=1 nr/ret=0 allow=1
[seccomp] ts=28341445527132 pid=91697 tgid=91697 comm=postgres         mode=FILTER   target=1 nr/ret=-1 allow=0
[seccomp] ts=28341445527132 pid=91697 tgid=91697 comm=postgres         mode=FILTER   target=1 nr/ret=0 allow=1
[seccomp] ts=28341445553382 pid=91697 tgid=91697 comm=postgres         mode=FILTER   target=1 nr/ret=-1 allow=0
[seccomp] ts=28341445553382 pid=91697 tgid=91697 comm=postgres         mode=FILTER   target=1 nr/ret=0 allow=1
[seccomp] ts=28341445576007 pid=91697 tgid=91697 comm=postgres         mode=FILTER   target=1 nr/ret=-1 allow=0
[seccomp] ts=28341445576007 pid=91697 tgid=91697 comm=postgres         mode=FILTER   target=1 nr/ret=0 allow=1
[seccomp] ts=28341445578257 pid=91697 tgid=91697 comm=postgres         mode=FILTER   target=1 nr/ret=-1 allow=0
[seccomp] ts=28341445578257 pid=91697 tgid=91697 comm=postgres         mode=FILTER   target=1 nr/ret=0 allow=1
[seccomp] ts=28341445592632 pid=91697 tgid=91697 comm=postgres         mode=FILTER   target=1 nr/ret=-1 allow=0
[seccomp] ts=28341445592632 pid=91697 tgid=91697 comm=postgres         mode=FILTER   target=1 nr/ret=0 allow=1
[seccomp] ts=28341445619174 pid=91697 tgid=91697 comm=postgres         mode=FILTER   target=1 nr/ret=-1 allow=0
[seccomp] ts=28341445619174 pid=91697 tgid=91697 comm=postgres         mode=FILTER   target=1 nr/ret=0 allow=1
[seccomp] ts=28341445624924 pid=91697 tgid=91697 comm=postgres         mode=FILTER   target=1 nr/ret=-1 allow=0
[seccomp] ts=28341445624924 pid=91697 tgid=91697 comm=postgres         mode=FILTER   target=1 nr/ret=0 allow=1
[seccomp] ts=28341445633507 pid=91697 tgid=91697 comm=postgres         mode=FILTER   target=1 nr/ret=-1 allow=0
[seccomp] ts=28341445633507 pid=91697 tgid=91697 comm=postgres         mode=FILTER   target=1 nr/ret=0 allow=1
[seccomp] ts=28341445660841 pid=91697 tgid=91697 comm=postgres         mode=FILTER   target=1 nr/ret=-1 allow=0
[seccomp] ts=28341445660841 pid=91697 tgid=91697 comm=postgres         mode=FILTER   target=1 nr/ret=0 allow=1
[seccomp] ts=28341445675924 pid=91697 tgid=91697 comm=postgres         mode=FILTER   target=1 nr/ret=-1 allow=0
[seccomp] ts=28341445675924 pid=91697 tgid=91697 comm=postgres         mode=FILTER   target=1 nr/ret=0 allow=1
[seccomp] ts=28341445701507 pid=91697 tgid=91697 comm=postgres         mode=FILTER   target=1 nr/ret=-1 allow=0
[seccomp] ts=28341445701507 pid=91697 tgid=91697 comm=postgres         mode=FILTER   target=1 nr/ret=0 allow=1
[seccomp] ts=28341445706924 pid=91697 tgid=91697 comm=postgres         mode=FILTER   target=1 nr/ret=-1 allow=0
[seccomp] ts=28341445706924 pid=91697 tgid=91697 comm=postgres         mode=FILTER   target=1 nr/ret=0 allow=1
[seccomp] ts=28341445711382 pid=91697 tgid=91697 comm=postgres         mode=FILTER   target=1 nr/ret=-1 allow=0
[seccomp] ts=28341445711382 pid=91697 tgid=91697 comm=postgres         mode=FILTER   target=1 nr/ret=0 allow=1
[seccomp] ts=28341445717341 pid=91697 tgid=91697 comm=postgres         mode=FILTER   target=1 nr/ret=-1 allow=0
[seccomp] ts=28341445717341 pid=91697 tgid=91697 comm=postgres         mode=FILTER   target=1 nr/ret=0 allow=1
[seccomp] ts=28341445721966 pid=91697 tgid=91697 comm=postgres         mode=FILTER   target=1 nr/ret=-1 allow=0
[seccomp] ts=28341445721966 pid=91697 tgid=91697 comm=postgres         mode=FILTER   target=1 nr/ret=0 allow=1
[seccomp] ts=28341445765466 pid=91697 tgid=91697 comm=postgres         mode=FILTER   target=1 nr/ret=-1 allow=0
[seccomp] ts=28341445765466 pid=91697 tgid=91697 comm=postgres         mode=FILTER   target=1 nr/ret=0 allow=1
[seccomp] ts=28341445784424 pid=91697 tgid=91697 comm=postgres         mode=FILTER   target=1 nr/ret=-1 allow=0
[seccomp] ts=28341445784424 pid=91697 tgid=91697 comm=postgres         mode=FILTER   target=1 nr/ret=0 allow=1
[seccomp] ts=28341445804257 pid=91697 tgid=91697 comm=postgres         mode=FILTER   target=1 nr/ret=-1 allow=0
[seccomp] ts=28341445804257 pid=91697 tgid=91697 comm=postgres         mode=FILTER   target=1 nr/ret=0 allow=1
[seccomp] ts=28341445808257 pid=91697 tgid=91697 comm=postgres         mode=FILTER   target=1 nr/ret=-1 allow=0
[seccomp] ts=28341445808257 pid=91697 tgid=91697 comm=postgres         mode=FILTER   target=1 nr/ret=0 allow=1
[seccomp] ts=28341445812882 pid=91697 tgid=91697 comm=postgres         mode=FILTER   target=1 nr/ret=-1 allow=0
[seccomp] ts=28341445812882 pid=91697 tgid=91697 comm=postgres         mode=FILTER   target=1 nr/ret=0 allow=1
[seccomp] ts=28341445914216 pid=91697 tgid=91697 comm=postgres         mode=FILTER   target=1 nr/ret=-1 allow=0
[seccomp] ts=28341445914216 pid=91697 tgid=91697 comm=postgres         mode=FILTER   target=1 nr/ret=0 allow=1
[seccomp] ts=28341445952507 pid=91697 tgid=91697 comm=postgres         mode=FILTER   target=1 nr/ret=-1 allow=0
[seccomp] ts=28341445952507 pid=91697 tgid=91697 comm=postgres         mode=FILTER   target=1 nr/ret=0 allow=1
[seccomp] ts=28341445974632 pid=91697 tgid=91697 comm=postgres         mode=FILTER   target=1 nr/ret=-1 allow=0
[seccomp] ts=28341445988882 pid=91691 tgid=91691 comm=pg_isready       mode=FILTER   target=1 nr/ret=-1 allow=0
[seccomp] ts=28341445988882 pid=91691 tgid=91691 comm=pg_isready       mode=FILTER   target=1 nr/ret=0 allow=1
[seccomp] ts=28341445974632 pid=91697 tgid=91697 comm=postgres         mode=FILTER   target=1 nr/ret=0 allow=1
[seccomp] ts=28341446026507 pid=91697 tgid=91697 comm=postgres         mode=FILTER   target=1 nr/ret=-1 allow=0
[seccomp] ts=28341446031507 pid=91691 tgid=91691 comm=pg_isready       mode=FILTER   target=1 nr/ret=-1 allow=0
[seccomp] ts=28341446031507 pid=91691 tgid=91691 comm=pg_isready       mode=FILTER   target=1 nr/ret=0 allow=1
[seccomp] ts=28341446035049 pid=91691 tgid=91691 comm=pg_isready       mode=FILTER   target=1 nr/ret=-1 allow=0
[seccomp] ts=28341446035049 pid=91691 tgid=91691 comm=pg_isready       mode=FILTER   target=1 nr/ret=0 allow=1
[seccomp] ts=28341446040091 pid=91691 tgid=91691 comm=pg_isready       mode=FILTER   target=1 nr/ret=-1 allow=0
[seccomp] ts=28341446040091 pid=91691 tgid=91691 comm=pg_isready       mode=FILTER   target=1 nr/ret=0 allow=1
[seccomp] ts=28341446047716 pid=91691 tgid=91691 comm=pg_isready       mode=FILTER   target=1 nr/ret=-1 allow=0
[seccomp] ts=28341446047716 pid=91691 tgid=91691 comm=pg_isready       mode=FILTER   target=1 nr/ret=0 allow=1
[seccomp] ts=28341446052716 pid=91691 tgid=91691 comm=pg_isready       mode=FILTER   target=1 nr/ret=-1 allow=0
[seccomp] ts=28341446026507 pid=91697 tgid=91697 comm=postgres         mode=FILTER   target=1 nr/ret=0 allow=1
[seccomp] ts=28341446052716 pid=91691 tgid=91691 comm=pg_isready       mode=FILTER   target=1 nr/ret=0 allow=1
[seccomp] ts=28341446056716 pid=91697 tgid=91697 comm=postgres         mode=FILTER   target=1 nr/ret=-1 allow=0
[seccomp] ts=28341446056716 pid=91697 tgid=91697 comm=postgres         mode=FILTER   target=1 nr/ret=0 allow=1
[seccomp] ts=28341446059132 pid=91691 tgid=91691 comm=pg_isready       mode=FILTER   target=1 nr/ret=-1 allow=0
[seccomp] ts=28341446059132 pid=91691 tgid=91691 comm=pg_isready       mode=FILTER   target=1 nr/ret=0 allow=1
[seccomp] ts=28341446061216 pid=91691 tgid=91691 comm=pg_isready       mode=FILTER   target=1 nr/ret=-1 allow=0
[seccomp] ts=28341446061216 pid=91691 tgid=91691 comm=pg_isready       mode=FILTER   target=1 nr/ret=0 allow=1
[seccomp] ts=28341446062674 pid=91697 tgid=91697 comm=postgres         mode=FILTER   target=1 nr/ret=-1 allow=0
[seccomp] ts=28341446062674 pid=91697 tgid=91697 comm=postgres         mode=FILTER   target=1 nr/ret=0 allow=1
[seccomp] ts=28341446077091 pid=91697 tgid=91697 comm=postgres         mode=FILTER   target=1 nr/ret=-1 allow=0
[seccomp] ts=28341446081132 pid=91691 tgid=91691 comm=pg_isready       mode=FILTER   target=1 nr/ret=-1 allow=0
[seccomp] ts=28341446081132 pid=91691 tgid=91691 comm=pg_isready       mode=FILTER   target=1 nr/ret=0 allow=1
[seccomp] ts=28341446077091 pid=91697 tgid=91697 comm=postgres         mode=FILTER   target=1 nr/ret=0 allow=1
[seccomp] ts=28341446166424 pid=91697 tgid=91697 comm=postgres         mode=FILTER   target=1 nr/ret=-1 allow=0
[seccomp] ts=28341446166424 pid=91697 tgid=91697 comm=postgres         mode=FILTER   target=1 nr/ret=0 allow=1
[seccomp] ts=28341446209841 pid=91697 tgid=91697 comm=postgres         mode=FILTER   target=1 nr/ret=-1 allow=0
[seccomp] ts=28341446209841 pid=91697 tgid=91697 comm=postgres         mode=FILTER   target=1 nr/ret=0 allow=1
[seccomp] ts=28341446233632 pid=91697 tgid=91697 comm=postgres         mode=FILTER   target=1 nr/ret=-1 allow=0
[seccomp] ts=28341446233632 pid=91697 tgid=91697 comm=postgres         mode=FILTER   target=1 nr/ret=0 allow=1
[seccomp] ts=28341446285174 pid=91697 tgid=91697 comm=postgres         mode=FILTER   target=1 nr/ret=-1 allow=0
[seccomp] ts=28341446285174 pid=91697 tgid=91697 comm=postgres         mode=FILTER   target=1 nr/ret=0 allow=1
[seccomp] ts=28341446335424 pid=91697 tgid=91697 comm=postgres         mode=FILTER   target=1 nr/ret=-1 allow=0
[seccomp] ts=28341446335424 pid=91697 tgid=91697 comm=postgres         mode=FILTER   target=1 nr/ret=0 allow=1
[seccomp] ts=28341446462174 pid=91697 tgid=91697 comm=postgres         mode=FILTER   target=1 nr/ret=-1 allow=0
[seccomp] ts=28341446462174 pid=91697 tgid=91697 comm=postgres         mode=FILTER   target=1 nr/ret=0 allow=1
[seccomp] ts=28341446464299 pid=91697 tgid=91697 comm=postgres         mode=FILTER   target=1 nr/ret=-1 allow=0
[seccomp] ts=28341446464299 pid=91697 tgid=91697 comm=postgres         mode=FILTER   target=1 nr/ret=0 allow=1
[seccomp] ts=28341446519841 pid=91697 tgid=91697 comm=postgres         mode=FILTER   target=1 nr/ret=-1 allow=0
[seccomp] ts=28341446519841 pid=91697 tgid=91697 comm=postgres         mode=FILTER   target=1 nr/ret=0 allow=1
[seccomp] ts=28341446535049 pid=91697 tgid=91697 comm=postgres         mode=FILTER   target=1 nr/ret=-1 allow=0
[seccomp] ts=28341446535049 pid=91697 tgid=91697 comm=postgres         mode=FILTER   target=1 nr/ret=0 allow=1
[seccomp] ts=28341446732924 pid=91697 tgid=91697 comm=postgres         mode=FILTER   target=1 nr/ret=-1 allow=0
[seccomp] ts=28341446732924 pid=91697 tgid=91697 comm=postgres         mode=FILTER   target=1 nr/ret=0 allow=1
[seccomp] ts=28341446776466 pid=91697 tgid=91697 comm=postgres         mode=FILTER   target=1 nr/ret=-1 allow=0
[seccomp] ts=28341446776466 pid=91697 tgid=91697 comm=postgres         mode=FILTER   target=1 nr/ret=0 allow=1
[seccomp] ts=28341446828549 pid=91697 tgid=91697 comm=postgres         mode=FILTER   target=1 nr/ret=-1 allow=0
[seccomp] ts=28341446828549 pid=91697 tgid=91697 comm=postgres         mode=FILTER   target=1 nr/ret=0 allow=1
[seccomp] ts=28341446857716 pid=91697 tgid=91697 comm=postgres         mode=FILTER   target=1 nr/ret=-1 allow=0
[seccomp] ts=28341446857716 pid=91697 tgid=91697 comm=postgres         mode=FILTER   target=1 nr/ret=0 allow=1
[seccomp] ts=28341446882591 pid=91697 tgid=91697 comm=postgres         mode=FILTER   target=1 nr/ret=-1 allow=0
[seccomp] ts=28341446882591 pid=91697 tgid=91697 comm=postgres         mode=FILTER   target=1 nr/ret=0 allow=1
[seccomp] ts=28341446942007 pid=91697 tgid=91697 comm=postgres         mode=FILTER   target=1 nr/ret=-1 allow=0
[seccomp] ts=28341446942007 pid=91697 tgid=91697 comm=postgres         mode=FILTER   target=1 nr/ret=0 allow=1
[seccomp] ts=28341446991591 pid=91697 tgid=91697 comm=postgres         mode=FILTER   target=1 nr/ret=-1 allow=0
[seccomp] ts=28341446991591 pid=91697 tgid=91697 comm=postgres         mode=FILTER   target=1 nr/ret=0 allow=1
[seccomp] ts=28341447088757 pid=91697 tgid=91697 comm=postgres         mode=FILTER   target=1 nr/ret=-1 allow=0
[seccomp] ts=28341447088757 pid=91697 tgid=91697 comm=postgres         mode=FILTER   target=1 nr/ret=0 allow=1
[seccomp] ts=28341447114591 pid=91697 tgid=91697 comm=postgres         mode=FILTER   target=1 nr/ret=-1 allow=0
[seccomp] ts=28341447114591 pid=91697 tgid=91697 comm=postgres         mode=FILTER   target=1 nr/ret=0 allow=1
[seccomp] ts=28341447241007 pid=91697 tgid=91697 comm=postgres         mode=FILTER   target=1 nr/ret=-1 allow=0
[seccomp] ts=28341447241007 pid=91697 tgid=91697 comm=postgres         mode=FILTER   target=1 nr/ret=0 allow=1
[seccomp] ts=28341447245591 pid=91697 tgid=91697 comm=postgres         mode=FILTER   target=1 nr/ret=-1 allow=0
[seccomp] ts=28341447245591 pid=91697 tgid=91697 comm=postgres         mode=FILTER   target=1 nr/ret=0 allow=1
[seccomp] ts=28341447251507 pid=91697 tgid=91697 comm=postgres         mode=FILTER   target=1 nr/ret=-1 allow=0
[seccomp] ts=28341447251507 pid=91697 tgid=91697 comm=postgres         mode=FILTER   target=1 nr/ret=0 allow=1
[seccomp] ts=28341447254549 pid=91697 tgid=91697 comm=postgres         mode=FILTER   target=1 nr/ret=-1 allow=0
[seccomp] ts=28341447254549 pid=91697 tgid=91697 comm=postgres         mode=FILTER   target=1 nr/ret=0 allow=1
[seccomp] ts=28341447258882 pid=91697 tgid=91697 comm=postgres         mode=FILTER   target=1 nr/ret=-1 allow=0
[seccomp] ts=28341447258882 pid=91697 tgid=91697 comm=postgres         mode=FILTER   target=1 nr/ret=0 allow=1
[seccomp] ts=28341447263382 pid=91697 tgid=91697 comm=postgres         mode=FILTER   target=1 nr/ret=-1 allow=0
[seccomp] ts=28341447263382 pid=91697 tgid=91697 comm=postgres         mode=FILTER   target=1 nr/ret=0 allow=1
[seccomp] ts=28341447267716 pid=91697 tgid=91697 comm=postgres         mode=FILTER   target=1 nr/ret=-1 allow=0
[seccomp] ts=28341447267716 pid=91697 tgid=91697 comm=postgres         mode=FILTER   target=1 nr/ret=0 allow=1
[seccomp] ts=28341447271632 pid=91697 tgid=91697 comm=postgres         mode=FILTER   target=1 nr/ret=-1 allow=0
[seccomp] ts=28341447271632 pid=91697 tgid=91697 comm=postgres         mode=FILTER   target=1 nr/ret=0 allow=1
[seccomp] ts=28341447274966 pid=91697 tgid=91697 comm=postgres         mode=FILTER   target=1 nr/ret=-1 allow=0
[seccomp] ts=28341447274966 pid=91697 tgid=91697 comm=postgres         mode=FILTER   target=1 nr/ret=0 allow=1
[seccomp] ts=28341447280966 pid=91697 tgid=91697 comm=postgres         mode=FILTER   target=1 nr/ret=-1 allow=0
[seccomp] ts=28341447280966 pid=91697 tgid=91697 comm=postgres         mode=FILTER   target=1 nr/ret=0 allow=1
[seccomp] ts=28341447313966 pid=91697 tgid=91697 comm=postgres         mode=FILTER   target=1 nr/ret=-1 allow=0
[seccomp] ts=28341447313966 pid=91697 tgid=91697 comm=postgres         mode=FILTER   target=1 nr/ret=0 allow=1
[seccomp] ts=28341447392549 pid=91697 tgid=91697 comm=postgres         mode=FILTER   target=1 nr/ret=-1 allow=0
[seccomp] ts=28341447392549 pid=91697 tgid=91697 comm=postgres         mode=FILTER   target=1 nr/ret=0 allow=1
[seccomp] ts=28341447429257 pid=91697 tgid=91697 comm=postgres         mode=FILTER   target=1 nr/ret=-1 allow=0
[seccomp] ts=28341447429257 pid=91697 tgid=91697 comm=postgres         mode=FILTER   target=1 nr/ret=0 allow=1
[seccomp] ts=28341447459882 pid=91697 tgid=91697 comm=postgres         mode=FILTER   target=1 nr/ret=-1 allow=0
[seccomp] ts=28341447459882 pid=91697 tgid=91697 comm=postgres         mode=FILTER   target=1 nr/ret=0 allow=1
[seccomp] ts=28341447469424 pid=91697 tgid=91697 comm=postgres         mode=FILTER   target=1 nr/ret=-1 allow=0
[seccomp] ts=28341447469424 pid=91697 tgid=91697 comm=postgres         mode=FILTER   target=1 nr/ret=0 allow=1
[seccomp] ts=28341447473674 pid=91697 tgid=91697 comm=postgres         mode=FILTER   target=1 nr/ret=-1 allow=0
[seccomp] ts=28341447473674 pid=91697 tgid=91697 comm=postgres         mode=FILTER   target=1 nr/ret=0 allow=1
[seccomp] ts=28341447498049 pid=91697 tgid=91697 comm=postgres         mode=FILTER   target=1 nr/ret=-1 allow=0
[seccomp] ts=28341447498049 pid=91697 tgid=91697 comm=postgres         mode=FILTER   target=1 nr/ret=0 allow=1
[seccomp] ts=28341447500966 pid=91697 tgid=91697 comm=postgres         mode=FILTER   target=1 nr/ret=-1 allow=0
[seccomp] ts=28341447500966 pid=91697 tgid=91697 comm=postgres         mode=FILTER   target=1 nr/ret=0 allow=1
[seccomp] ts=28341447504799 pid=91697 tgid=91697 comm=postgres         mode=FILTER   target=1 nr/ret=-1 allow=0
[seccomp] ts=28341447504799 pid=91697 tgid=91697 comm=postgres         mode=FILTER   target=1 nr/ret=0 allow=1
[seccomp] ts=28341447510591 pid=91697 tgid=91697 comm=postgres         mode=FILTER   target=1 nr/ret=-1 allow=0
[seccomp] ts=28341447510591 pid=91697 tgid=91697 comm=postgres         mode=FILTER   target=1 nr/ret=0 allow=1
[seccomp] ts=28341447513841 pid=91697 tgid=91697 comm=postgres         mode=FILTER   target=1 nr/ret=-1 allow=0
[seccomp] ts=28341447513841 pid=91697 tgid=91697 comm=postgres         mode=FILTER   target=1 nr/ret=0 allow=1
[seccomp] ts=28341447516841 pid=91697 tgid=91697 comm=postgres         mode=FILTER   target=1 nr/ret=-1 allow=0
[seccomp] ts=28341447516841 pid=91697 tgid=91697 comm=postgres         mode=FILTER   target=1 nr/ret=0 allow=1
[seccomp] ts=28341447523466 pid=91697 tgid=91697 comm=postgres         mode=FILTER   target=1 nr/ret=-1 allow=0
[seccomp] ts=28341447523466 pid=91697 tgid=91697 comm=postgres         mode=FILTER   target=1 nr/ret=0 allow=1
[seccomp] ts=28341447530049 pid=91697 tgid=91697 comm=postgres         mode=FILTER   target=1 nr/ret=-1 allow=0
[seccomp] ts=28341447530049 pid=91697 tgid=91697 comm=postgres         mode=FILTER   target=1 nr/ret=0 allow=1
[seccomp] ts=28341447536757 pid=91697 tgid=91697 comm=postgres         mode=FILTER   target=1 nr/ret=-1 allow=0
[seccomp] ts=28341447536757 pid=91697 tgid=91697 comm=postgres         mode=FILTER   target=1 nr/ret=0 allow=1
[seccomp] ts=28341447538716 pid=91697 tgid=91697 comm=postgres         mode=FILTER   target=1 nr/ret=-1 allow=0
[seccomp] ts=28341447538716 pid=91697 tgid=91697 comm=postgres         mode=FILTER   target=1 nr/ret=0 allow=1
[seccomp] ts=28341447539966 pid=91697 tgid=91697 comm=postgres         mode=FILTER   target=1 nr/ret=-1 allow=0
[seccomp] ts=28341447539966 pid=91697 tgid=91697 comm=postgres         mode=FILTER   target=1 nr/ret=0 allow=1
[seccomp] ts=28341447541091 pid=91697 tgid=91697 comm=postgres         mode=FILTER   target=1 nr/ret=-1 allow=0
[seccomp] ts=28341447541091 pid=91697 tgid=91697 comm=postgres         mode=FILTER   target=1 nr/ret=0 allow=1
[seccomp] ts=28341447543132 pid=91697 tgid=91697 comm=postgres         mode=FILTER   target=1 nr/ret=-1 allow=0
[seccomp] ts=28341447543132 pid=91697 tgid=91697 comm=postgres         mode=FILTER   target=1 nr/ret=0 allow=1
[seccomp] ts=28341447544174 pid=91697 tgid=91697 comm=postgres         mode=FILTER   target=1 nr/ret=-1 allow=0
[seccomp] ts=28341447544174 pid=91697 tgid=91697 comm=postgres         mode=FILTER   target=1 nr/ret=0 allow=1
[seccomp] ts=28341447584882 pid=91697 tgid=91697 comm=postgres         mode=FILTER   target=1 nr/ret=-1 allow=0
[seccomp] ts=28341447584882 pid=91697 tgid=91697 comm=postgres         mode=FILTER   target=1 nr/ret=0 allow=1
[seccomp] ts=28341447614132 pid=91697 tgid=91697 comm=postgres         mode=FILTER   target=1 nr/ret=-1 allow=0
[seccomp] ts=28341447614132 pid=91697 tgid=91697 comm=postgres         mode=FILTER   target=1 nr/ret=0 allow=1
[seccomp] ts=28341447664757 pid=91697 tgid=91697 comm=postgres         mode=FILTER   target=1 nr/ret=-1 allow=0
[seccomp] ts=28341447664757 pid=91697 tgid=91697 comm=postgres         mode=FILTER   target=1 nr/ret=0 allow=1
[seccomp] ts=28341447668966 pid=91697 tgid=91697 comm=postgres         mode=FILTER   target=1 nr/ret=-1 allow=0
[seccomp] ts=28341447668966 pid=91697 tgid=91697 comm=postgres         mode=FILTER   target=1 nr/ret=0 allow=1
[seccomp] ts=28341447670174 pid=91697 tgid=91697 comm=postgres         mode=FILTER   target=1 nr/ret=-1 allow=0
[seccomp] ts=28341447670174 pid=91697 tgid=91697 comm=postgres         mode=FILTER   target=1 nr/ret=0 allow=1
[seccomp] ts=28341447713716 pid=91697 tgid=91697 comm=postgres         mode=FILTER   target=1 nr/ret=-1 allow=0
[seccomp] ts=28341447713716 pid=91697 tgid=91697 comm=postgres         mode=FILTER   target=1 nr/ret=0 allow=1
[seccomp] ts=28341447792382 pid=91697 tgid=91697 comm=postgres         mode=FILTER   target=1 nr/ret=-1 allow=0
[seccomp] ts=28341447792382 pid=91697 tgid=91697 comm=postgres         mode=FILTER   target=1 nr/ret=0 allow=1
[seccomp] ts=28341447826299 pid=91697 tgid=91697 comm=postgres         mode=FILTER   target=1 nr/ret=-1 allow=0
[seccomp] ts=28341447826299 pid=91697 tgid=91697 comm=postgres         mode=FILTER   target=1 nr/ret=0 allow=1
[seccomp] ts=28341447830257 pid=91697 tgid=91697 comm=postgres         mode=FILTER   target=1 nr/ret=-1 allow=0
[seccomp] ts=28341447830257 pid=91697 tgid=91697 comm=postgres         mode=FILTER   target=1 nr/ret=0 allow=1
[seccomp] ts=28341447833049 pid=91697 tgid=91697 comm=postgres         mode=FILTER   target=1 nr/ret=-1 allow=0
[seccomp] ts=28341447833049 pid=91697 tgid=91697 comm=postgres         mode=FILTER   target=1 nr/ret=0 allow=1
[seccomp] ts=28341448395216 pid=91697 tgid=91697 comm=postgres         mode=FILTER   target=1 nr/ret=-1 allow=0
[seccomp] ts=28341448395216 pid=91697 tgid=91697 comm=postgres         mode=FILTER   target=1 nr/ret=0 allow=1
[seccomp] ts=28341448735382 pid=648 tgid=648 comm=postgres         mode=FILTER   target=1 nr/ret=-1 allow=0
[seccomp] ts=28341448735382 pid=648 tgid=648 comm=postgres         mode=FILTER   target=1 nr/ret=0 allow=1
[seccomp] ts=28341448766632 pid=648 tgid=648 comm=postgres         mode=FILTER   target=1 nr/ret=-1 allow=0
[seccomp] ts=28341448766632 pid=648 tgid=648 comm=postgres         mode=FILTER   target=1 nr/ret=0 allow=1
[seccomp] ts=28341448769424 pid=648 tgid=648 comm=postgres         mode=FILTER   target=1 nr/ret=-1 allow=0
[seccomp] ts=28341448769424 pid=648 tgid=648 comm=postgres         mode=FILTER   target=1 nr/ret=0 allow=1
[seccomp] ts=28341448772591 pid=648 tgid=648 comm=postgres         mode=FILTER   target=1 nr/ret=-1 allow=0
[seccomp] ts=28341448772591 pid=648 tgid=648 comm=postgres         mode=FILTER   target=1 nr/ret=0 allow=1
[seccomp] ts=28341448775216 pid=648 tgid=648 comm=postgres         mode=FILTER   target=1 nr/ret=-1 allow=0
[seccomp] ts=28341448775216 pid=648 tgid=648 comm=postgres         mode=FILTER   target=1 nr/ret=0 allow=1
[seccomp] ts=28341448783466 pid=648 tgid=648 comm=postgres         mode=FILTER   target=1 nr/ret=-1 allow=0
[seccomp] ts=28341448783466 pid=648 tgid=648 comm=postgres         mode=FILTER   target=1 nr/ret=0 allow=1
[seccomp] ts=28341448785257 pid=648 tgid=648 comm=postgres         mode=FILTER   target=1 nr/ret=-1 allow=0
[seccomp] ts=28341448785257 pid=648 tgid=648 comm=postgres         mode=FILTER   target=1 nr/ret=0 allow=1
[seccomp] ts=28341461742674 pid=649 tgid=649 comm=redis-server     mode=FILTER   target=1 nr/ret=-1 allow=0
[seccomp] ts=28341461742674 pid=649 tgid=649 comm=redis-server     mode=FILTER   target=1 nr/ret=0 allow=1
[seccomp] ts=28341461769424 pid=649 tgid=649 comm=redis-server     mode=FILTER   target=1 nr/ret=-1 allow=0
[seccomp] ts=28341461769424 pid=649 tgid=649 comm=redis-server     mode=FILTER   target=1 nr/ret=0 allow=1
[seccomp] ts=28341461777632 pid=649 tgid=649 comm=redis-server     mode=FILTER   target=1 nr/ret=-1 allow=0
[seccomp] ts=28341461777632 pid=649 tgid=649 comm=redis-server     mode=FILTER   target=1 nr/ret=0 allow=1
[seccomp] ts=28341462106007 pid=649 tgid=649 comm=redis-server     mode=FILTER   target=1 nr/ret=-1 allow=0
[seccomp] ts=28341462106007 pid=649 tgid=649 comm=redis-server     mode=FILTER   target=1 nr/ret=0 allow=1
[seccomp] ts=28341568269924 pid=649 tgid=649 comm=redis-server     mode=FILTER   target=1 nr/ret=-1 allow=0
[seccomp] ts=28341568269924 pid=649 tgid=649 comm=redis-server     mode=FILTER   target=1 nr/ret=0 allow=1
[seccomp] ts=28341568412216 pid=649 tgid=649 comm=redis-server     mode=FILTER   target=1 nr/ret=-1 allow=0
[seccomp] ts=28341568412216 pid=649 tgid=649 comm=redis-server     mode=FILTER   target=1 nr/ret=0 allow=1
[seccomp] ts=28341568442924 pid=649 tgid=649 comm=redis-server     mode=FILTER   target=1 nr/ret=-1 allow=0
[seccomp] ts=28341568442924 pid=649 tgid=649 comm=redis-server     mode=FILTER   target=1 nr/ret=0 allow=1
[seccomp] ts=28341569385674 pid=649 tgid=649 comm=redis-server     mode=FILTER   target=1 nr/ret=-1 allow=0
[seccomp] ts=28341569385674 pid=649 tgid=649 comm=redis-server     mode=FILTER   target=1 nr/ret=0 allow=1
[seccomp] ts=28341672083091 pid=649 tgid=649 comm=redis-server     mode=FILTER   target=1 nr/ret=-1 allow=0
[seccomp] ts=28341672083091 pid=649 tgid=649 comm=redis-server     mode=FILTER   target=1 nr/ret=0 allow=1
[seccomp] ts=28341672161924 pid=649 tgid=649 comm=redis-server     mode=FILTER   target=1 nr/ret=-1 allow=0
[seccomp] ts=28341672161924 pid=649 tgid=649 comm=redis-server     mode=FILTER   target=1 nr/ret=0 allow=1
[seccomp] ts=28341672181591 pid=649 tgid=649 comm=redis-server     mode=FILTER   target=1 nr/ret=-1 allow=0
[seccomp] ts=28341672181591 pid=649 tgid=649 comm=redis-server     mode=FILTER   target=1 nr/ret=0 allow=1
[seccomp] ts=28341672688924 pid=649 tgid=649 comm=redis-server     mode=FILTER   target=1 nr/ret=-1 allow=0
[seccomp] ts=28341672688924 pid=649 tgid=649 comm=redis-server     mode=FILTER   target=1 nr/ret=0 allow=1
[seccomp] ts=28341775096258 pid=649 tgid=649 comm=redis-server     mode=FILTER   target=1 nr/ret=-1 allow=0
[seccomp] ts=28341775096258 pid=649 tgid=649 comm=redis-server     mode=FILTER   target=1 nr/ret=0 allow=1
[seccomp] ts=28341775278883 pid=649 tgid=649 comm=redis-server     mode=FILTER   target=1 nr/ret=-1 allow=0
[seccomp] ts=28341775278883 pid=649 tgid=649 comm=redis-server     mode=FILTER   target=1 nr/ret=0 allow=1
[seccomp] ts=28341775325508 pid=649 tgid=649 comm=redis-server     mode=FILTER   target=1 nr/ret=-1 allow=0
[seccomp] ts=28341775325508 pid=649 tgid=649 comm=redis-server     mode=FILTER   target=1 nr/ret=0 allow=1
[seccomp] ts=28341776408133 pid=649 tgid=649 comm=redis-server     mode=FILTER   target=1 nr/ret=-1 allow=0
[seccomp] ts=28341776408133 pid=649 tgid=649 comm=redis-server     mode=FILTER   target=1 nr/ret=0 allow=1
[seccomp] ts=28341880139174 pid=649 tgid=649 comm=redis-server     mode=FILTER   target=1 nr/ret=-1 allow=0
[seccomp] ts=28341880139174 pid=649 tgid=649 comm=redis-server     mode=FILTER   target=1 nr/ret=0 allow=1
[seccomp] ts=28341880301924 pid=649 tgid=649 comm=redis-server     mode=FILTER   target=1 nr/ret=-1 allow=0
[seccomp] ts=28341880301924 pid=649 tgid=649 comm=redis-server     mode=FILTER   target=1 nr/ret=0 allow=1
[seccomp] ts=28341880343216 pid=649 tgid=649 comm=redis-server     mode=FILTER   target=1 nr/ret=-1 allow=0
[seccomp] ts=28341880343216 pid=649 tgid=649 comm=redis-server     mode=FILTER   target=1 nr/ret=0 allow=1
[seccomp] ts=28341880981633 pid=649 tgid=649 comm=redis-server     mode=FILTER   target=1 nr/ret=-1 allow=0
[seccomp] ts=28341880981633 pid=649 tgid=649 comm=redis-server     mode=FILTER   target=1 nr/ret=0 allow=1
[seccomp] ts=28341982330258 pid=649 tgid=649 comm=redis-server     mode=FILTER   target=1 nr/ret=-1 allow=0
[seccomp] ts=28341982330258 pid=649 tgid=649 comm=redis-server     mode=FILTER   target=1 nr/ret=0 allow=1
[seccomp] ts=28341982410258 pid=649 tgid=649 comm=redis-server     mode=FILTER   target=1 nr/ret=-1 allow=0
[seccomp] ts=28341982410258 pid=649 tgid=649 comm=redis-server     mode=FILTER   target=1 nr/ret=0 allow=1
[seccomp] ts=28341982429383 pid=649 tgid=649 comm=redis-server     mode=FILTER   target=1 nr/ret=-1 allow=0
[seccomp] ts=28341982429383 pid=649 tgid=649 comm=redis-server     mode=FILTER   target=1 nr/ret=0 allow=1
[seccomp] ts=28341982875091 pid=649 tgid=649 comm=redis-server     mode=FILTER   target=1 nr/ret=-1 allow=0
[seccomp] ts=28341982875091 pid=649 tgid=649 comm=redis-server     mode=FILTER   target=1 nr/ret=0 allow=1
[seccomp] ts=28342087767049 pid=649 tgid=649 comm=redis-server     mode=FILTER   target=1 nr/ret=-1 allow=0
[seccomp] ts=28342087767049 pid=649 tgid=649 comm=redis-server     mode=FILTER   target=1 nr/ret=0 allow=1
[seccomp] ts=28342087890258 pid=649 tgid=649 comm=redis-server     mode=FILTER   target=1 nr/ret=-1 allow=0
[seccomp] ts=28342087890258 pid=649 tgid=649 comm=redis-server     mode=FILTER   target=1 nr/ret=0 allow=1
[seccomp] ts=28342087921174 pid=649 tgid=649 comm=redis-server     mode=FILTER   target=1 nr/ret=-1 allow=0
[seccomp] ts=28342087921174 pid=649 tgid=649 comm=redis-server     mode=FILTER   target=1 nr/ret=0 allow=1
[seccomp] ts=28342088978466 pid=649 tgid=649 comm=redis-server     mode=FILTER   target=1 nr/ret=-1 allow=0
[seccomp] ts=28342088978466 pid=649 tgid=649 comm=redis-server     mode=FILTER   target=1 nr/ret=0 allow=1
[seccomp] ts=28342191502091 pid=649 tgid=649 comm=redis-server     mode=FILTER   target=1 nr/ret=-1 allow=0
[seccomp] ts=28342191502091 pid=649 tgid=649 comm=redis-server     mode=FILTER   target=1 nr/ret=0 allow=1
[seccomp] ts=28342191641633 pid=649 tgid=649 comm=redis-server     mode=FILTER   target=1 nr/ret=-1 allow=0
[seccomp] ts=28342191641633 pid=649 tgid=649 comm=redis-server     mode=FILTER   target=1 nr/ret=0 allow=1
[seccomp] ts=28342191700758 pid=649 tgid=649 comm=redis-server     mode=FILTER   target=1 nr/ret=-1 allow=0
[seccomp] ts=28342191700758 pid=649 tgid=649 comm=redis-server     mode=FILTER   target=1 nr/ret=0 allow=1
[seccomp] ts=28342192198966 pid=649 tgid=649 comm=redis-server     mode=FILTER   target=1 nr/ret=-1 allow=0
[seccomp] ts=28342192198966 pid=649 tgid=649 comm=redis-server     mode=FILTER   target=1 nr/ret=0 allow=1
[seccomp] ts=28342297458716 pid=649 tgid=649 comm=redis-server     mode=FILTER   target=1 nr/ret=-1 allow=0
[seccomp] ts=28342297458716 pid=649 tgid=649 comm=redis-server     mode=FILTER   target=1 nr/ret=0 allow=1
[seccomp] ts=28342297560466 pid=649 tgid=649 comm=redis-server     mode=FILTER   target=1 nr/ret=-1 allow=0
[seccomp] ts=28342297560466 pid=649 tgid=649 comm=redis-server     mode=FILTER   target=1 nr/ret=0 allow=1
[seccomp] ts=28342297585633 pid=649 tgid=649 comm=redis-server     mode=FILTER   target=1 nr/ret=-1 allow=0
[seccomp] ts=28342297585633 pid=649 tgid=649 comm=redis-server     mode=FILTER   target=1 nr/ret=0 allow=1
[seccomp] ts=28342298253133 pid=649 tgid=649 comm=redis-server     mode=FILTER   target=1 nr/ret=-1 allow=0
[seccomp] ts=28342298253133 pid=649 tgid=649 comm=redis-server     mode=FILTER   target=1 nr/ret=0 allow=1
[seccomp] ts=28342403497591 pid=649 tgid=649 comm=redis-server     mode=FILTER   target=1 nr/ret=-1 allow=0
[seccomp] ts=28342403497591 pid=649 tgid=649 comm=redis-server     mode=FILTER   target=1 nr/ret=0 allow=1
[seccomp] ts=28342403599550 pid=649 tgid=649 comm=redis-server     mode=FILTER   target=1 nr/ret=-1 allow=0
[seccomp] ts=28342403599550 pid=649 tgid=649 comm=redis-server     mode=FILTER   target=1 nr/ret=0 allow=1
[seccomp] ts=28342403625300 pid=649 tgid=649 comm=redis-server     mode=FILTER   target=1 nr/ret=-1 allow=0
[seccomp] ts=28342403625300 pid=649 tgid=649 comm=redis-server     mode=FILTER   target=1 nr/ret=0 allow=1
[seccomp] ts=28342404122633 pid=649 tgid=649 comm=redis-server     mode=FILTER   target=1 nr/ret=-1 allow=0
[seccomp] ts=28342404122633 pid=649 tgid=649 comm=redis-server     mode=FILTER   target=1 nr/ret=0 allow=1
[seccomp] ts=28342506444591 pid=649 tgid=649 comm=redis-server     mode=FILTER   target=1 nr/ret=-1 allow=0
[seccomp] ts=28342506444591 pid=649 tgid=649 comm=redis-server     mode=FILTER   target=1 nr/ret=0 allow=1
[seccomp] ts=28342506608758 pid=649 tgid=649 comm=redis-server     mode=FILTER   target=1 nr/ret=-1 allow=0
[seccomp] ts=28342506608758 pid=649 tgid=649 comm=redis-server     mode=FILTER   target=1 nr/ret=0 allow=1
[seccomp] ts=28342506642633 pid=649 tgid=649 comm=redis-server     mode=FILTER   target=1 nr/ret=-1 allow=0
[seccomp] ts=28342506642633 pid=649 tgid=649 comm=redis-server     mode=FILTER   target=1 nr/ret=0 allow=1
[seccomp] ts=28342507908800 pid=649 tgid=649 comm=redis-server     mode=FILTER   target=1 nr/ret=-1 allow=0
[seccomp] ts=28342507908800 pid=649 tgid=649 comm=redis-server     mode=FILTER   target=1 nr/ret=0 allow=1

=== trigger done ===
=== symbol availability ===
  __secure_computing           : present
[ch16] no targets given — observation only (target=0 on every event). Use --tgid or --all.
[ch16] attached — observing __secure_computing (Ctrl-C to stop)
[seccomp] ts=28337387043464 pid=649 tgid=649 comm=redis-server     mode=FILTER   target=0 nr/ret=-1 allow=0
[seccomp] ts=28337387043464 pid=649 tgid=649 comm=redis-server     mode=FILTER   target=0 nr/ret=0 allow=1
[seccomp] ts=28337387071172 pid=649 tgid=649 comm=redis-server     mode=FILTER   target=0 nr/ret=-1 allow=0
[seccomp] ts=28337387071172 pid=649 tgid=649 comm=redis-server     mode=FILTER   target=0 nr/ret=0 allow=1
[seccomp] ts=28337387079131 pid=649 tgid=649 comm=redis-server     mode=FILTER   target=0 nr/ret=-1 allow=0
[seccomp] ts=28337387079131 pid=649 tgid=649 comm=redis-server     mode=FILTER   target=0 nr/ret=0 allow=1
[seccomp] ts=28337387323422 pid=649 tgid=649 comm=redis-server     mode=FILTER   target=0 nr/ret=-1 allow=0
[seccomp] ts=28337387323422 pid=649 tgid=649 comm=redis-server     mode=FILTER   target=0 nr/ret=0 allow=1
[seccomp] ts=28337492111214 pid=649 tgid=649 comm=redis-server     mode=FILTER   target=0 nr/ret=-1 allow=0
[seccomp] ts=28337492111214 pid=649 tgid=649 comm=redis-server     mode=FILTER   target=0 nr/ret=0 allow=1
[seccomp] ts=28337492149297 pid=649 tgid=649 comm=redis-server     mode=FILTER   target=0 nr/ret=-1 allow=0
[seccomp] ts=28337492149297 pid=649 tgid=649 comm=redis-server     mode=FILTER   target=0 nr/ret=0 allow=1
[seccomp] ts=28337492165131 pid=649 tgid=649 comm=redis-server     mode=FILTER   target=0 nr/ret=-1 allow=0
[seccomp] ts=28337492165131 pid=649 tgid=649 comm=redis-server     mode=FILTER   target=0 nr/ret=0 allow=1
[seccomp] ts=28337492410256 pid=649 tgid=649 comm=redis-server     mode=FILTER   target=0 nr/ret=-1 allow=0
[seccomp] ts=28337492410256 pid=649 tgid=649 comm=redis-server     mode=FILTER   target=0 nr/ret=0 allow=1
[seccomp] ts=28337597727089 pid=649 tgid=649 comm=redis-server     mode=FILTER   target=0 nr/ret=-1 allow=0
[seccomp] ts=28337597727089 pid=649 tgid=649 comm=redis-server     mode=FILTER   target=0 nr/ret=0 allow=1
[seccomp] ts=28337597783339 pid=649 tgid=649 comm=redis-server     mode=FILTER   target=0 nr/ret=-1 allow=0
[seccomp] ts=28337597783339 pid=649 tgid=649 comm=redis-server     mode=FILTER   target=0 nr/ret=0 allow=1
[seccomp] ts=28337597798297 pid=649 tgid=649 comm=redis-server     mode=FILTER   target=0 nr/ret=-1 allow=0
[seccomp] ts=28337597798297 pid=649 tgid=649 comm=redis-server     mode=FILTER   target=0 nr/ret=0 allow=1
[seccomp] ts=28337598167422 pid=649 tgid=649 comm=redis-server     mode=FILTER   target=0 nr/ret=-1 allow=0
[seccomp] ts=28337598167422 pid=649 tgid=649 comm=redis-server     mode=FILTER   target=0 nr/ret=0 allow=1
[seccomp] ts=28337703781589 pid=649 tgid=649 comm=redis-server     mode=FILTER   target=0 nr/ret=-1 allow=0
[seccomp] ts=28337703781589 pid=649 tgid=649 comm=redis-server     mode=FILTER   target=0 nr/ret=0 allow=1
[seccomp] ts=28337703928547 pid=649 tgid=649 comm=redis-server     mode=FILTER   target=0 nr/ret=-1 allow=0
[seccomp] ts=28337703928547 pid=649 tgid=649 comm=redis-server     mode=FILTER   target=0 nr/ret=0 allow=1
[seccomp] ts=28337703974922 pid=649 tgid=649 comm=redis-server     mode=FILTER   target=0 nr/ret=-1 allow=0
[seccomp] ts=28337703974922 pid=649 tgid=649 comm=redis-server     mode=FILTER   target=0 nr/ret=0 allow=1
[seccomp] ts=28337704458881 pid=649 tgid=649 comm=redis-server     mode=FILTER   target=0 nr/ret=-1 allow=0
[seccomp] ts=28337704458881 pid=649 tgid=649 comm=redis-server     mode=FILTER   target=0 nr/ret=0 allow=1
[seccomp] ts=28337809772672 pid=649 tgid=649 comm=redis-server     mode=FILTER   target=0 nr/ret=-1 allow=0
[seccomp] ts=28337809772672 pid=649 tgid=649 comm=redis-server     mode=FILTER   target=0 nr/ret=0 allow=1
[seccomp] ts=28337809874047 pid=649 tgid=649 comm=redis-server     mode=FILTER   target=0 nr/ret=-1 allow=0
[seccomp] ts=28337809874047 pid=649 tgid=649 comm=redis-server     mode=FILTER   target=0 nr/ret=0 allow=1
[seccomp] ts=28337809907172 pid=649 tgid=649 comm=redis-server     mode=FILTER   target=0 nr/ret=-1 allow=0
[seccomp] ts=28337809907172 pid=649 tgid=649 comm=redis-server     mode=FILTER   target=0 nr/ret=0 allow=1
[seccomp] ts=28337810384756 pid=649 tgid=649 comm=redis-server     mode=FILTER   target=0 nr/ret=-1 allow=0
[seccomp] ts=28337810384756 pid=649 tgid=649 comm=redis-server     mode=FILTER   target=0 nr/ret=0 allow=1
[seccomp] ts=28337916229297 pid=649 tgid=649 comm=redis-server     mode=FILTER   target=0 nr/ret=-1 allow=0
[seccomp] ts=28337916229297 pid=649 tgid=649 comm=redis-server     mode=FILTER   target=0 nr/ret=0 allow=1
[seccomp] ts=28337916438089 pid=649 tgid=649 comm=redis-server     mode=FILTER   target=0 nr/ret=-1 allow=0
[seccomp] ts=28337916438089 pid=649 tgid=649 comm=redis-server     mode=FILTER   target=0 nr/ret=0 allow=1
[seccomp] ts=28337916476131 pid=649 tgid=649 comm=redis-server     mode=FILTER   target=0 nr/ret=-1 allow=0
[seccomp] ts=28337916476131 pid=649 tgid=649 comm=redis-server     mode=FILTER   target=0 nr/ret=0 allow=1
[seccomp] ts=28337917244381 pid=649 tgid=649 comm=redis-server     mode=FILTER   target=0 nr/ret=-1 allow=0
[seccomp] ts=28337917244381 pid=649 tgid=649 comm=redis-server     mode=FILTER   target=0 nr/ret=0 allow=1
[seccomp] ts=28338022898047 pid=649 tgid=649 comm=redis-server     mode=FILTER   target=0 nr/ret=-1 allow=0
[seccomp] ts=28338022898047 pid=649 tgid=649 comm=redis-server     mode=FILTER   target=0 nr/ret=0 allow=1
[seccomp] ts=28338023016297 pid=649 tgid=649 comm=redis-server     mode=FILTER   target=0 nr/ret=-1 allow=0
[seccomp] ts=28338023016297 pid=649 tgid=649 comm=redis-server     mode=FILTER   target=0 nr/ret=0 allow=1
[seccomp] ts=28338023051547 pid=649 tgid=649 comm=redis-server     mode=FILTER   target=0 nr/ret=-1 allow=0
[seccomp] ts=28338023051547 pid=649 tgid=649 comm=redis-server     mode=FILTER   target=0 nr/ret=0 allow=1
[seccomp] ts=28338023444881 pid=649 tgid=649 comm=redis-server     mode=FILTER   target=0 nr/ret=-1 allow=0
[seccomp] ts=28338023444881 pid=649 tgid=649 comm=redis-server     mode=FILTER   target=0 nr/ret=0 allow=1
[seccomp] ts=28338125050339 pid=649 tgid=649 comm=redis-server     mode=FILTER   target=0 nr/ret=-1 allow=0
[seccomp] ts=28338125050339 pid=649 tgid=649 comm=redis-server     mode=FILTER   target=0 nr/ret=0 allow=1
[seccomp] ts=28338125256173 pid=649 tgid=649 comm=redis-server     mode=FILTER   target=0 nr/ret=-1 allow=0
[seccomp] ts=28338125256173 pid=649 tgid=649 comm=redis-server     mode=FILTER   target=0 nr/ret=0 allow=1
[seccomp] ts=28338125313006 pid=649 tgid=649 comm=redis-server     mode=FILTER   target=0 nr/ret=-1 allow=0
[seccomp] ts=28338125313006 pid=649 tgid=649 comm=redis-server     mode=FILTER   target=0 nr/ret=0 allow=1
[seccomp] ts=28338125797381 pid=649 tgid=649 comm=redis-server     mode=FILTER   target=0 nr/ret=-1 allow=0
[seccomp] ts=28338125797381 pid=649 tgid=649 comm=redis-server     mode=FILTER   target=0 nr/ret=0 allow=1
[seccomp] ts=28338228962756 pid=649 tgid=649 comm=redis-server     mode=FILTER   target=0 nr/ret=-1 allow=0
[seccomp] ts=28338228962756 pid=649 tgid=649 comm=redis-server     mode=FILTER   target=0 nr/ret=0 allow=1
[seccomp] ts=28338229093714 pid=649 tgid=649 comm=redis-server     mode=FILTER   target=0 nr/ret=-1 allow=0
[seccomp] ts=28338229093714 pid=649 tgid=649 comm=redis-server     mode=FILTER   target=0 nr/ret=0 allow=1
[seccomp] ts=28338229116089 pid=649 tgid=649 comm=redis-server     mode=FILTER   target=0 nr/ret=-1 allow=0
[seccomp] ts=28338229116089 pid=649 tgid=649 comm=redis-server     mode=FILTER   target=0 nr/ret=0 allow=1
[seccomp] ts=28338229510006 pid=649 tgid=649 comm=redis-server     mode=FILTER   target=0 nr/ret=-1 allow=0
[seccomp] ts=28338229510006 pid=649 tgid=649 comm=redis-server     mode=FILTER   target=0 nr/ret=0 allow=1
[seccomp] ts=28338334351673 pid=649 tgid=649 comm=redis-server     mode=FILTER   target=0 nr/ret=-1 allow=0
[seccomp] ts=28338334351673 pid=649 tgid=649 comm=redis-server     mode=FILTER   target=0 nr/ret=0 allow=1
[seccomp] ts=28338334622131 pid=649 tgid=649 comm=redis-server     mode=FILTER   target=0 nr/ret=-1 allow=0
[seccomp] ts=28338334622131 pid=649 tgid=649 comm=redis-server     mode=FILTER   target=0 nr/ret=0 allow=1
[seccomp] ts=28338334683548 pid=649 tgid=649 comm=redis-server     mode=FILTER   target=0 nr/ret=-1 allow=0
[seccomp] ts=28338334683548 pid=649 tgid=649 comm=redis-server     mode=FILTER   target=0 nr/ret=0 allow=1
[seccomp] ts=28338335308798 pid=649 tgid=649 comm=redis-server     mode=FILTER   target=0 nr/ret=-1 allow=0
[seccomp] ts=28338335308798 pid=649 tgid=649 comm=redis-server     mode=FILTER   target=0 nr/ret=0 allow=1
[seccomp] ts=28338441486089 pid=649 tgid=649 comm=redis-server     mode=FILTER   target=0 nr/ret=-1 allow=0
[seccomp] ts=28338441486089 pid=649 tgid=649 comm=redis-server     mode=FILTER   target=0 nr/ret=0 allow=1
[seccomp] ts=28338441678964 pid=649 tgid=649 comm=redis-server     mode=FILTER   target=0 nr/ret=-1 allow=0
[seccomp] ts=28338441678964 pid=649 tgid=649 comm=redis-server     mode=FILTER   target=0 nr/ret=0 allow=1
[seccomp] ts=28338441721089 pid=649 tgid=649 comm=redis-server     mode=FILTER   target=0 nr/ret=-1 allow=0
[seccomp] ts=28338441721089 pid=649 tgid=649 comm=redis-server     mode=FILTER   target=0 nr/ret=0 allow=1
[seccomp] ts=28338442165214 pid=649 tgid=649 comm=redis-server     mode=FILTER   target=0 nr/ret=-1 allow=0
[seccomp] ts=28338442165214 pid=649 tgid=649 comm=redis-server     mode=FILTER   target=0 nr/ret=0 allow=1
[seccomp] ts=28338532121881 pid=844 tgid=844 comm=postgres         mode=FILTER   target=0 nr/ret=-1 allow=0
[seccomp] ts=28338532121881 pid=844 tgid=844 comm=postgres         mode=FILTER   target=0 nr/ret=0 allow=1
[seccomp] ts=28338532184506 pid=844 tgid=844 comm=postgres         mode=FILTER   target=0 nr/ret=-1 allow=0
[seccomp] ts=28338532184506 pid=844 tgid=844 comm=postgres         mode=FILTER   target=0 nr/ret=0 allow=1
[seccomp] ts=28338532213923 pid=844 tgid=844 comm=postgres         mode=FILTER   target=0 nr/ret=-1 allow=0
[seccomp] ts=28338532213923 pid=844 tgid=844 comm=postgres         mode=FILTER   target=0 nr/ret=0 allow=1
[seccomp] ts=28338532247506 pid=648 tgid=648 comm=postgres         mode=FILTER   target=0 nr/ret=-1 allow=0
[seccomp] ts=28338532247506 pid=648 tgid=648 comm=postgres         mode=FILTER   target=0 nr/ret=0 allow=1
[seccomp] ts=28338532275381 pid=648 tgid=648 comm=postgres         mode=FILTER   target=0 nr/ret=-1 allow=0
[seccomp] ts=28338532275381 pid=648 tgid=648 comm=postgres         mode=FILTER   target=0 nr/ret=0 allow=1
[seccomp] ts=28338532280464 pid=648 tgid=648 comm=postgres         mode=FILTER   target=0 nr/ret=-1 allow=0
[seccomp] ts=28338532280464 pid=648 tgid=648 comm=postgres         mode=FILTER   target=0 nr/ret=0 allow=1
[seccomp] ts=28338532283881 pid=648 tgid=648 comm=postgres         mode=FILTER   target=0 nr/ret=-1 allow=0
[seccomp] ts=28338532283881 pid=648 tgid=648 comm=postgres         mode=FILTER   target=0 nr/ret=0 allow=1
[seccomp] ts=28338532317506 pid=648 tgid=648 comm=postgres         mode=FILTER   target=0 nr/ret=-1 allow=0
[seccomp] ts=28338532317506 pid=648 tgid=648 comm=postgres         mode=FILTER   target=0 nr/ret=0 allow=1
[seccomp] ts=28338532359214 pid=648 tgid=648 comm=postgres         mode=FILTER   target=0 nr/ret=-1 allow=0
[seccomp] ts=28338532359214 pid=648 tgid=648 comm=postgres         mode=FILTER   target=0 nr/ret=0 allow=1
[seccomp] ts=28338532361548 pid=648 tgid=648 comm=postgres         mode=FILTER   target=0 nr/ret=-1 allow=0
[seccomp] ts=28338532361548 pid=648 tgid=648 comm=postgres         mode=FILTER   target=0 nr/ret=0 allow=1
[seccomp] ts=28338532363214 pid=648 tgid=648 comm=postgres         mode=FILTER   target=0 nr/ret=-1 allow=0
[seccomp] ts=28338532363214 pid=648 tgid=648 comm=postgres         mode=FILTER   target=0 nr/ret=0 allow=1
[seccomp] ts=28338532364381 pid=648 tgid=648 comm=postgres         mode=FILTER   target=0 nr/ret=-1 allow=0
[seccomp] ts=28338532364381 pid=648 tgid=648 comm=postgres         mode=FILTER   target=0 nr/ret=0 allow=1
[seccomp] ts=28338532575173 pid=648 tgid=648 comm=postgres         mode=FILTER   target=0 nr/ret=-1 allow=0
[seccomp] ts=28338532575173 pid=648 tgid=648 comm=postgres         mode=FILTER   target=0 nr/ret=0 allow=1
[seccomp] ts=28338532596631 pid=648 tgid=648 comm=postgres         mode=FILTER   target=0 nr/ret=-1 allow=0
[seccomp] ts=28338532596631 pid=648 tgid=648 comm=postgres         mode=FILTER   target=0 nr/ret=0 allow=1
[seccomp] ts=28338532604298 pid=648 tgid=648 comm=postgres         mode=FILTER   target=0 nr/ret=-1 allow=0
[seccomp] ts=28338532604298 pid=648 tgid=648 comm=postgres         mode=FILTER   target=0 nr/ret=0 allow=1
[seccomp] ts=28338532610839 pid=91608 tgid=91608 comm=postgres         mode=FILTER   target=0 nr/ret=-1 allow=0
[seccomp] ts=28338532610839 pid=91608 tgid=91608 comm=postgres         mode=FILTER   target=0 nr/ret=0 allow=1
[seccomp] ts=28338532615131 pid=648 tgid=648 comm=postgres         mode=FILTER   target=0 nr/ret=-1 allow=0
[seccomp] ts=28338532615131 pid=648 tgid=648 comm=postgres         mode=FILTER   target=0 nr/ret=0 allow=1
[seccomp] ts=28338532630839 pid=648 tgid=648 comm=postgres         mode=FILTER   target=0 nr/ret=-1 allow=0
[seccomp] ts=28338532630839 pid=91608 tgid=91608 comm=postgres         mode=FILTER   target=0 nr/ret=-1 allow=0
[seccomp] ts=28338532630839 pid=648 tgid=648 comm=postgres         mode=FILTER   target=0 nr/ret=0 allow=1
[seccomp] ts=28338532630839 pid=91608 tgid=91608 comm=postgres         mode=FILTER   target=0 nr/ret=0 allow=1
[seccomp] ts=28338532635089 pid=91608 tgid=91608 comm=postgres         mode=FILTER   target=0 nr/ret=-1 allow=0
[seccomp] ts=28338532635173 pid=648 tgid=648 comm=postgres         mode=FILTER   target=0 nr/ret=-1 allow=0
[seccomp] ts=28338532635089 pid=91608 tgid=91608 comm=postgres         mode=FILTER   target=0 nr/ret=0 allow=1
[seccomp] ts=28338532635173 pid=648 tgid=648 comm=postgres         mode=FILTER   target=0 nr/ret=0 allow=1
[seccomp] ts=28338532639089 pid=648 tgid=648 comm=postgres         mode=FILTER   target=0 nr/ret=-1 allow=0
[seccomp] ts=28338532639089 pid=648 tgid=648 comm=postgres         mode=FILTER   target=0 nr/ret=0 allow=1
[seccomp] ts=28338532645089 pid=91608 tgid=91608 comm=postgres         mode=FILTER   target=0 nr/ret=-1 allow=0
[seccomp] ts=28338532645089 pid=91608 tgid=91608 comm=postgres         mode=FILTER   target=0 nr/ret=0 allow=1
[seccomp] ts=28338532645714 pid=648 tgid=648 comm=postgres         mode=FILTER   target=0 nr/ret=-1 allow=0
[seccomp] ts=28338532645714 pid=648 tgid=648 comm=postgres         mode=FILTER   target=0 nr/ret=0 allow=1
[seccomp] ts=28338532732589 pid=91608 tgid=91608 comm=postgres         mode=FILTER   target=0 nr/ret=-1 allow=0
[seccomp] ts=28338532732589 pid=91608 tgid=91608 comm=postgres         mode=FILTER   target=0 nr/ret=0 allow=1
[seccomp] ts=28338532799506 pid=91608 tgid=91608 comm=postgres         mode=FILTER   target=0 nr/ret=-1 allow=0
[seccomp] ts=28338532799506 pid=91608 tgid=91608 comm=postgres         mode=FILTER   target=0 nr/ret=0 allow=1
[seccomp] ts=28338532824839 pid=91608 tgid=91608 comm=postgres         mode=FILTER   target=0 nr/ret=-1 allow=0
[seccomp] ts=28338532824839 pid=91608 tgid=91608 comm=postgres         mode=FILTER   target=0 nr/ret=0 allow=1
[seccomp] ts=28338532826964 pid=91608 tgid=91608 comm=postgres         mode=FILTER   target=0 nr/ret=-1 allow=0
[seccomp] ts=28338532826964 pid=91608 tgid=91608 comm=postgres         mode=FILTER   target=0 nr/ret=0 allow=1
[seccomp] ts=28338532856006 pid=91608 tgid=91608 comm=postgres         mode=FILTER   target=0 nr/ret=-1 allow=0
[seccomp] ts=28338532856006 pid=91608 tgid=91608 comm=postgres         mode=FILTER   target=0 nr/ret=0 allow=1
[seccomp] ts=28338532863006 pid=91608 tgid=91608 comm=postgres         mode=FILTER   target=0 nr/ret=-1 allow=0
[seccomp] ts=28338532863006 pid=91608 tgid=91608 comm=postgres         mode=FILTER   target=0 nr/ret=0 allow=1
[seccomp] ts=28338532896881 pid=91608 tgid=91608 comm=postgres         mode=FILTER   target=0 nr/ret=-1 allow=0
[seccomp] ts=28338532896881 pid=91608 tgid=91608 comm=postgres         mode=FILTER   target=0 nr/ret=0 allow=1
[seccomp] ts=28338532900298 pid=91608 tgid=91608 comm=postgres         mode=FILTER   target=0 nr/ret=-1 allow=0
[seccomp] ts=28338532900298 pid=91608 tgid=91608 comm=postgres         mode=FILTER   target=0 nr/ret=0 allow=1
[seccomp] ts=28338532904214 pid=91608 tgid=91608 comm=postgres         mode=FILTER   target=0 nr/ret=-1 allow=0
[seccomp] ts=28338532904214 pid=91608 tgid=91608 comm=postgres         mode=FILTER   target=0 nr/ret=0 allow=1
[seccomp] ts=28338532906548 pid=91608 tgid=91608 comm=postgres         mode=FILTER   target=0 nr/ret=-1 allow=0
[seccomp] ts=28338532906548 pid=91608 tgid=91608 comm=postgres         mode=FILTER   target=0 nr/ret=0 allow=1
[seccomp] ts=28338532923298 pid=91608 tgid=91608 comm=postgres         mode=FILTER   target=0 nr/ret=-1 allow=0
[seccomp] ts=28338532923298 pid=91608 tgid=91608 comm=postgres         mode=FILTER   target=0 nr/ret=0 allow=1
[seccomp] ts=28338532951923 pid=91608 tgid=91608 comm=postgres         mode=FILTER   target=0 nr/ret=-1 allow=0
[seccomp] ts=28338532951923 pid=91608 tgid=91608 comm=postgres         mode=FILTER   target=0 nr/ret=0 allow=1
[seccomp] ts=28338532953548 pid=91608 tgid=91608 comm=postgres         mode=FILTER   target=0 nr/ret=-1 allow=0
[seccomp] ts=28338532953548 pid=91608 tgid=91608 comm=postgres         mode=FILTER   target=0 nr/ret=0 allow=1
[seccomp] ts=28338532954964 pid=91608 tgid=91608 comm=postgres         mode=FILTER   target=0 nr/ret=-1 allow=0
[seccomp] ts=28338532954964 pid=91608 tgid=91608 comm=postgres         mode=FILTER   target=0 nr/ret=0 allow=1
[seccomp] ts=28338532957589 pid=91608 tgid=91608 comm=postgres         mode=FILTER   target=0 nr/ret=-1 allow=0
[seccomp] ts=28338532957589 pid=91608 tgid=91608 comm=postgres         mode=FILTER   target=0 nr/ret=0 allow=1
[seccomp] ts=28338532960881 pid=91608 tgid=91608 comm=postgres         mode=FILTER   target=0 nr/ret=-1 allow=0
[seccomp] ts=28338532960881 pid=91608 tgid=91608 comm=postgres         mode=FILTER   target=0 nr/ret=0 allow=1
[seccomp] ts=28338532967548 pid=91608 tgid=91608 comm=postgres         mode=FILTER   target=0 nr/ret=-1 allow=0
[seccomp] ts=28338532967548 pid=91608 tgid=91608 comm=postgres         mode=FILTER   target=0 nr/ret=0 allow=1
[seccomp] ts=28338532972381 pid=91608 tgid=91608 comm=postgres         mode=FILTER   target=0 nr/ret=-1 allow=0
[seccomp] ts=28338532972381 pid=91608 tgid=91608 comm=postgres         mode=FILTER   target=0 nr/ret=0 allow=1
[seccomp] ts=28338532973964 pid=91608 tgid=91608 comm=postgres         mode=FILTER   target=0 nr/ret=-1 allow=0
[seccomp] ts=28338532973964 pid=91608 tgid=91608 comm=postgres         mode=FILTER   target=0 nr/ret=0 allow=1
[seccomp] ts=28338532975381 pid=91608 tgid=91608 comm=postgres         mode=FILTER   target=0 nr/ret=-1 allow=0
[seccomp] ts=28338532975381 pid=91608 tgid=91608 comm=postgres         mode=FILTER   target=0 nr/ret=0 allow=1
[seccomp] ts=28338532993048 pid=91608 tgid=91608 comm=postgres         mode=FILTER   target=0 nr/ret=-1 allow=0
[seccomp] ts=28338532993048 pid=91608 tgid=91608 comm=postgres         mode=FILTER   target=0 nr/ret=0 allow=1
[seccomp] ts=28338533048631 pid=91608 tgid=91608 comm=postgres         mode=FILTER   target=0 nr/ret=-1 allow=0
[seccomp] ts=28338533048631 pid=91608 tgid=91608 comm=postgres         mode=FILTER   target=0 nr/ret=0 allow=1
[seccomp] ts=28338533050381 pid=91608 tgid=91608 comm=postgres         mode=FILTER   target=0 nr/ret=-1 allow=0
[seccomp] ts=28338533050381 pid=91608 tgid=91608 comm=postgres         mode=FILTER   target=0 nr/ret=0 allow=1
[seccomp] ts=28338533051756 pid=91608 tgid=91608 comm=postgres         mode=FILTER   target=0 nr/ret=-1 allow=0
[seccomp] ts=28338533051756 pid=91608 tgid=91608 comm=postgres         mode=FILTER   target=0 nr/ret=0 allow=1
[seccomp] ts=28338533053006 pid=91608 tgid=91608 comm=postgres         mode=FILTER   target=0 nr/ret=-1 allow=0
[seccomp] ts=28338533053006 pid=91608 tgid=91608 comm=postgres         mode=FILTER   target=0 nr/ret=0 allow=1
[seccomp] ts=28338533054298 pid=91608 tgid=91608 comm=postgres         mode=FILTER   target=0 nr/ret=-1 allow=0
[seccomp] ts=28338533054298 pid=91608 tgid=91608 comm=postgres         mode=FILTER   target=0 nr/ret=0 allow=1
[seccomp] ts=28338533055506 pid=91608 tgid=91608 comm=postgres         mode=FILTER   target=0 nr/ret=-1 allow=0
[seccomp] ts=28338533055506 pid=91608 tgid=91608 comm=postgres         mode=FILTER   target=0 nr/ret=0 allow=1
[seccomp] ts=28338533056714 pid=91608 tgid=91608 comm=postgres         mode=FILTER   target=0 nr/ret=-1 allow=0
[seccomp] ts=28338533056714 pid=91608 tgid=91608 comm=postgres         mode=FILTER   target=0 nr/ret=0 allow=1
[seccomp] ts=28338533057881 pid=91608 tgid=91608 comm=postgres         mode=FILTER   target=0 nr/ret=-1 allow=0
[seccomp] ts=28338533057881 pid=91608 tgid=91608 comm=postgres         mode=FILTER   target=0 nr/ret=0 allow=1
[seccomp] ts=28338533109548 pid=91608 tgid=91608 comm=postgres         mode=FILTER   target=0 nr/ret=-1 allow=0
[seccomp] ts=28338533109548 pid=91608 tgid=91608 comm=postgres         mode=FILTER   target=0 nr/ret=0 allow=1
[seccomp] ts=28338533166714 pid=91608 tgid=91608 comm=postgres         mode=FILTER   target=0 nr/ret=-1 allow=0
[seccomp] ts=28338533166714 pid=91608 tgid=91608 comm=postgres         mode=FILTER   target=0 nr/ret=0 allow=1
[seccomp] ts=28338533226798 pid=91608 tgid=91608 comm=postgres         mode=FILTER   target=0 nr/ret=-1 allow=0
[seccomp] ts=28338533226798 pid=91608 tgid=91608 comm=postgres         mode=FILTER   target=0 nr/ret=0 allow=1
[seccomp] ts=28338533288839 pid=91608 tgid=91608 comm=postgres         mode=FILTER   target=0 nr/ret=-1 allow=0
[seccomp] ts=28338533288839 pid=91608 tgid=91608 comm=postgres         mode=FILTER   target=0 nr/ret=0 allow=1
[seccomp] ts=28338533311464 pid=91608 tgid=91608 comm=postgres         mode=FILTER   target=0 nr/ret=-1 allow=0
[seccomp] ts=28338533311464 pid=91608 tgid=91608 comm=postgres         mode=FILTER   target=0 nr/ret=0 allow=1
[seccomp] ts=28338533337173 pid=91608 tgid=91608 comm=postgres         mode=FILTER   target=0 nr/ret=-1 allow=0
[seccomp] ts=28338533337173 pid=91608 tgid=91608 comm=postgres         mode=FILTER   target=0 nr/ret=0 allow=1
[seccomp] ts=28338533408714 pid=91608 tgid=91608 comm=postgres         mode=FILTER   target=0 nr/ret=-1 allow=0
[seccomp] ts=28338533408714 pid=91608 tgid=91608 comm=postgres         mode=FILTER   target=0 nr/ret=0 allow=1
[seccomp] ts=28338533457089 pid=91608 tgid=91608 comm=postgres         mode=FILTER   target=0 nr/ret=-1 allow=0
[seccomp] ts=28338533457089 pid=91608 tgid=91608 comm=postgres         mode=FILTER   target=0 nr/ret=0 allow=1
[seccomp] ts=28338533477548 pid=844 tgid=844 comm=postgres         mode=FILTER   target=0 nr/ret=-1 allow=0
[seccomp] ts=28338533477548 pid=844 tgid=844 comm=postgres         mode=FILTER   target=0 nr/ret=0 allow=1
[seccomp] ts=28338533483673 pid=844 tgid=844 comm=postgres         mode=FILTER   target=0 nr/ret=-1 allow=0
[seccomp] ts=28338533483673 pid=844 tgid=844 comm=postgres         mode=FILTER   target=0 nr/ret=0 allow=1
[seccomp] ts=28338533488589 pid=844 tgid=844 comm=postgres         mode=FILTER   target=0 nr/ret=-1 allow=0
[seccomp] ts=28338533488589 pid=844 tgid=844 comm=postgres         mode=FILTER   target=0 nr/ret=0 allow=1
[seccomp] ts=28338533490714 pid=844 tgid=844 comm=postgres         mode=FILTER   target=0 nr/ret=-1 allow=0
[seccomp] ts=28338533490714 pid=844 tgid=844 comm=postgres         mode=FILTER   target=0 nr/ret=0 allow=1
[seccomp] ts=28338533493798 pid=844 tgid=844 comm=postgres         mode=FILTER   target=0 nr/ret=-1 allow=0
[seccomp] ts=28338533493798 pid=844 tgid=844 comm=postgres         mode=FILTER   target=0 nr/ret=0 allow=1
[seccomp] ts=28338533511339 pid=91608 tgid=91608 comm=postgres         mode=FILTER   target=0 nr/ret=-1 allow=0
[seccomp] ts=28338533511339 pid=91608 tgid=91608 comm=postgres         mode=FILTER   target=0 nr/ret=0 allow=1
[seccomp] ts=28338533542756 pid=91608 tgid=91608 comm=postgres         mode=FILTER   target=0 nr/ret=-1 allow=0
[seccomp] ts=28338533542756 pid=91608 tgid=91608 comm=postgres         mode=FILTER   target=0 nr/ret=0 allow=1
[seccomp] ts=28338533544756 pid=91608 tgid=91608 comm=postgres         mode=FILTER   target=0 nr/ret=-1 allow=0
[seccomp] ts=28338533544756 pid=91608 tgid=91608 comm=postgres         mode=FILTER   target=0 nr/ret=0 allow=1
[seccomp] ts=28338533548131 pid=91608 tgid=91608 comm=postgres         mode=FILTER   target=0 nr/ret=-1 allow=0
[seccomp] ts=28338533548131 pid=91608 tgid=91608 comm=postgres         mode=FILTER   target=0 nr/ret=0 allow=1
[seccomp] ts=28338533554048 pid=91608 tgid=91608 comm=postgres         mode=FILTER   target=0 nr/ret=-1 allow=0
[seccomp] ts=28338533554048 pid=91608 tgid=91608 comm=postgres         mode=FILTER   target=0 nr/ret=0 allow=1
[seccomp] ts=28338533577714 pid=91608 tgid=91608 comm=postgres         mode=FILTER   target=0 nr/ret=-1 allow=0
[seccomp] ts=28338533577714 pid=91608 tgid=91608 comm=postgres         mode=FILTER   target=0 nr/ret=0 allow=1
[seccomp] ts=28338533618881 pid=91608 tgid=91608 comm=postgres         mode=FILTER   target=0 nr/ret=-1 allow=0
[seccomp] ts=28338533618881 pid=91608 tgid=91608 comm=postgres         mode=FILTER   target=0 nr/ret=0 allow=1
[seccomp] ts=28338533629381 pid=91608 tgid=91608 comm=postgres         mode=FILTER   target=0 nr/ret=-1 allow=0
[seccomp] ts=28338533629381 pid=91608 tgid=91608 comm=postgres         mode=FILTER   target=0 nr/ret=0 allow=1
[seccomp] ts=28338533651548 pid=91608 tgid=91608 comm=postgres         mode=FILTER   target=0 nr/ret=-1 allow=0
[seccomp] ts=28338533651548 pid=91608 tgid=91608 comm=postgres         mode=FILTER   target=0 nr/ret=0 allow=1
[seccomp] ts=28338533767173 pid=91608 tgid=91608 comm=postgres         mode=FILTER   target=0 nr/ret=-1 allow=0
[seccomp] ts=28338533767173 pid=91608 tgid=91608 comm=postgres         mode=FILTER   target=0 nr/ret=0 allow=1
[seccomp] ts=28338533796964 pid=91608 tgid=91608 comm=postgres         mode=FILTER   target=0 nr/ret=-1 allow=0
[seccomp] ts=28338533796964 pid=91608 tgid=91608 comm=postgres         mode=FILTER   target=0 nr/ret=0 allow=1
[seccomp] ts=28338533805048 pid=91608 tgid=91608 comm=postgres         mode=FILTER   target=0 nr/ret=-1 allow=0
[seccomp] ts=28338533805048 pid=91608 tgid=91608 comm=postgres         mode=FILTER   target=0 nr/ret=0 allow=1
[seccomp] ts=28338533808423 pid=91608 tgid=91608 comm=postgres         mode=FILTER   target=0 nr/ret=-1 allow=0
[seccomp] ts=28338533808423 pid=91608 tgid=91608 comm=postgres         mode=FILTER   target=0 nr/ret=0 allow=1
[seccomp] ts=28338533812256 pid=91608 tgid=91608 comm=postgres         mode=FILTER   target=0 nr/ret=-1 allow=0
[seccomp] ts=28338533812256 pid=91608 tgid=91608 comm=postgres         mode=FILTER   target=0 nr/ret=0 allow=1
[seccomp] ts=28338533816256 pid=91608 tgid=91608 comm=postgres         mode=FILTER   target=0 nr/ret=-1 allow=0
[seccomp] ts=28338533816256 pid=91608 tgid=91608 comm=postgres         mode=FILTER   target=0 nr/ret=0 allow=1
[seccomp] ts=28338533824923 pid=91608 tgid=91608 comm=postgres         mode=FILTER   target=0 nr/ret=-1 allow=0
[seccomp] ts=28338533824923 pid=91608 tgid=91608 comm=postgres         mode=FILTER   target=0 nr/ret=0 allow=1
[seccomp] ts=28338533835923 pid=91608 tgid=91608 comm=postgres         mode=FILTER   target=0 nr/ret=-1 allow=0
[seccomp] ts=28338533835923 pid=91608 tgid=91608 comm=postgres         mode=FILTER   target=0 nr/ret=0 allow=1
[seccomp] ts=28338533841381 pid=91608 tgid=91608 comm=postgres         mode=FILTER   target=0 nr/ret=-1 allow=0
[seccomp] ts=28338533841381 pid=91608 tgid=91608 comm=postgres         mode=FILTER   target=0 nr/ret=0 allow=1
[seccomp] ts=28338533876839 pid=91608 tgid=91608 comm=postgres         mode=FILTER   target=0 nr/ret=-1 allow=0
[seccomp] ts=28338533876839 pid=91608 tgid=91608 comm=postgres         mode=FILTER   target=0 nr/ret=0 allow=1
[seccomp] ts=28338533879214 pid=91608 tgid=91608 comm=postgres         mode=FILTER   target=0 nr/ret=-1 allow=0
[seccomp] ts=28338533879214 pid=91608 tgid=91608 comm=postgres         mode=FILTER   target=0 nr/ret=0 allow=1
[seccomp] ts=28338533881173 pid=91608 tgid=91608 comm=postgres         mode=FILTER   target=0 nr/ret=-1 allow=0
[seccomp] ts=28338533881173 pid=91608 tgid=91608 comm=postgres         mode=FILTER   target=0 nr/ret=0 allow=1
[seccomp] ts=28338533890214 pid=91608 tgid=91608 comm=postgres         mode=FILTER   target=0 nr/ret=-1 allow=0
[seccomp] ts=28338533890214 pid=91608 tgid=91608 comm=postgres         mode=FILTER   target=0 nr/ret=0 allow=1
[seccomp] ts=28338533893923 pid=91608 tgid=91608 comm=postgres         mode=FILTER   target=0 nr/ret=-1 allow=0
[seccomp] ts=28338533893923 pid=91608 tgid=91608 comm=postgres         mode=FILTER   target=0 nr/ret=0 allow=1
[seccomp] ts=28338533895631 pid=91608 tgid=91608 comm=postgres         mode=FILTER   target=0 nr/ret=-1 allow=0
[seccomp] ts=28338533895631 pid=91608 tgid=91608 comm=postgres         mode=FILTER   target=0 nr/ret=0 allow=1
[seccomp] ts=28338533897464 pid=91608 tgid=91608 comm=postgres         mode=FILTER   target=0 nr/ret=-1 allow=0
[seccomp] ts=28338533897464 pid=91608 tgid=91608 comm=postgres         mode=FILTER   target=0 nr/ret=0 allow=1
[seccomp] ts=28338533899381 pid=91608 tgid=91608 comm=postgres         mode=FILTER   target=0 nr/ret=-1 allow=0
[seccomp] ts=28338533899381 pid=91608 tgid=91608 comm=postgres         mode=FILTER   target=0 nr/ret=0 allow=1
[seccomp] ts=28338533909006 pid=91608 tgid=91608 comm=postgres         mode=FILTER   target=0 nr/ret=-1 allow=0
[seccomp] ts=28338533909006 pid=91608 tgid=91608 comm=postgres         mode=FILTER   target=0 nr/ret=0 allow=1
[seccomp] ts=28338533928714 pid=91608 tgid=91608 comm=postgres         mode=FILTER   target=0 nr/ret=-1 allow=0
[seccomp] ts=28338533928714 pid=91608 tgid=91608 comm=postgres         mode=FILTER   target=0 nr/ret=0 allow=1
[seccomp] ts=28338533933964 pid=91608 tgid=91608 comm=postgres         mode=FILTER   target=0 nr/ret=-1 allow=0
[seccomp] ts=28338533933964 pid=91608 tgid=91608 comm=postgres         mode=FILTER   target=0 nr/ret=0 allow=1
[seccomp] ts=28338533937923 pid=91608 tgid=91608 comm=postgres         mode=FILTER   target=0 nr/ret=-1 allow=0
[seccomp] ts=28338533937923 pid=91608 tgid=91608 comm=postgres         mode=FILTER   target=0 nr/ret=0 allow=1
[seccomp] ts=28338533939673 pid=91608 tgid=91608 comm=postgres         mode=FILTER   target=0 nr/ret=-1 allow=0
[seccomp] ts=28338533939673 pid=91608 tgid=91608 comm=postgres         mode=FILTER   target=0 nr/ret=0 allow=1
[seccomp] ts=28338533943714 pid=91608 tgid=91608 comm=postgres         mode=FILTER   target=0 nr/ret=-1 allow=0
[seccomp] ts=28338533943714 pid=91608 tgid=91608 comm=postgres         mode=FILTER   target=0 nr/ret=0 allow=1
[seccomp] ts=28338533945839 pid=91608 tgid=91608 comm=postgres         mode=FILTER   target=0 nr/ret=-1 allow=0
[seccomp] ts=28338533945839 pid=91608 tgid=91608 comm=postgres         mode=FILTER   target=0 nr/ret=0 allow=1
[seccomp] ts=28338533948089 pid=91608 tgid=91608 comm=postgres         mode=FILTER   target=0 nr/ret=-1 allow=0
[seccomp] ts=28338533948089 pid=91608 tgid=91608 comm=postgres         mode=FILTER   target=0 nr/ret=0 allow=1
[seccomp] ts=28338533951714 pid=91608 tgid=91608 comm=postgres         mode=FILTER   target=0 nr/ret=-1 allow=0
[seccomp] ts=28338533951714 pid=91608 tgid=91608 comm=postgres         mode=FILTER   target=0 nr/ret=0 allow=1
[seccomp] ts=28338533957006 pid=91608 tgid=91608 comm=postgres         mode=FILTER   target=0 nr/ret=-1 allow=0
[seccomp] ts=28338533957006 pid=91608 tgid=91608 comm=postgres         mode=FILTER   target=0 nr/ret=0 allow=1
[seccomp] ts=28338533959006 pid=91608 tgid=91608 comm=postgres         mode=FILTER   target=0 nr/ret=-1 allow=0
[seccomp] ts=28338533959006 pid=91608 tgid=91608 comm=postgres         mode=FILTER   target=0 nr/ret=0 allow=1
[seccomp] ts=28338533960923 pid=91608 tgid=91608 comm=postgres         mode=FILTER   target=0 nr/ret=-1 allow=0
[seccomp] ts=28338533960923 pid=91608 tgid=91608 comm=postgres         mode=FILTER   target=0 nr/ret=0 allow=1
[seccomp] ts=28338533964089 pid=91608 tgid=91608 comm=postgres         mode=FILTER   target=0 nr/ret=-1 allow=0
[seccomp] ts=28338533964089 pid=91608 tgid=91608 comm=postgres         mode=FILTER   target=0 nr/ret=0 allow=1
[seccomp] ts=28338533966214 pid=91608 tgid=91608 comm=postgres         mode=FILTER   target=0 nr/ret=-1 allow=0
[seccomp] ts=28338533966214 pid=91608 tgid=91608 comm=postgres         mode=FILTER   target=0 nr/ret=0 allow=1
[seccomp] ts=28338533968173 pid=91608 tgid=91608 comm=postgres         mode=FILTER   target=0 nr/ret=-1 allow=0
[seccomp] ts=28338533968173 pid=91608 tgid=91608 comm=postgres         mode=FILTER   target=0 nr/ret=0 allow=1
[seccomp] ts=28338533971589 pid=91608 tgid=91608 comm=postgres         mode=FILTER   target=0 nr/ret=-1 allow=0
[seccomp] ts=28338533971589 pid=91608 tgid=91608 comm=postgres         mode=FILTER   target=0 nr/ret=0 allow=1
[seccomp] ts=28338533973298 pid=91608 tgid=91608 comm=postgres         mode=FILTER   target=0 nr/ret=-1 allow=0
[seccomp] ts=28338533973298 pid=91608 tgid=91608 comm=postgres         mode=FILTER   target=0 nr/ret=0 allow=1
[seccomp] ts=28338533978589 pid=91608 tgid=91608 comm=postgres         mode=FILTER   target=0 nr/ret=-1 allow=0
[seccomp] ts=28338533978589 pid=91608 tgid=91608 comm=postgres         mode=FILTER   target=0 nr/ret=0 allow=1
[seccomp] ts=28338533980464 pid=91608 tgid=91608 comm=postgres         mode=FILTER   target=0 nr/ret=-1 allow=0
[seccomp] ts=28338533980464 pid=91608 tgid=91608 comm=postgres         mode=FILTER   target=0 nr/ret=0 allow=1
[seccomp] ts=28338533983923 pid=91608 tgid=91608 comm=postgres         mode=FILTER   target=0 nr/ret=-1 allow=0
[seccomp] ts=28338533983923 pid=91608 tgid=91608 comm=postgres         mode=FILTER   target=0 nr/ret=0 allow=1
[seccomp] ts=28338533985798 pid=91608 tgid=91608 comm=postgres         mode=FILTER   target=0 nr/ret=-1 allow=0
[seccomp] ts=28338533985798 pid=91608 tgid=91608 comm=postgres         mode=FILTER   target=0 nr/ret=0 allow=1
[seccomp] ts=28338533990339 pid=91608 tgid=91608 comm=postgres         mode=FILTER   target=0 nr/ret=-1 allow=0
[seccomp] ts=28338533990339 pid=91608 tgid=91608 comm=postgres         mode=FILTER   target=0 nr/ret=0 allow=1
[seccomp] ts=28338533995673 pid=91608 tgid=91608 comm=postgres         mode=FILTER   target=0 nr/ret=-1 allow=0
[seccomp] ts=28338533995673 pid=91608 tgid=91608 comm=postgres         mode=FILTER   target=0 nr/ret=0 allow=1
[seccomp] ts=28338534022381 pid=91608 tgid=91608 comm=postgres         mode=FILTER   target=0 nr/ret=-1 allow=0
[seccomp] ts=28338534022381 pid=91608 tgid=91608 comm=postgres         mode=FILTER   target=0 nr/ret=0 allow=1
[seccomp] ts=28338534039798 pid=91608 tgid=91608 comm=postgres         mode=FILTER   target=0 nr/ret=-1 allow=0
[seccomp] ts=28338534039798 pid=91608 tgid=91608 comm=postgres         mode=FILTER   target=0 nr/ret=0 allow=1
[seccomp] ts=28338534126214 pid=91608 tgid=91608 comm=postgres         mode=FILTER   target=0 nr/ret=-1 allow=0
[seccomp] ts=28338534126214 pid=91608 tgid=91608 comm=postgres         mode=FILTER   target=0 nr/ret=0 allow=1
[seccomp] ts=28338534151589 pid=91608 tgid=91608 comm=postgres         mode=FILTER   target=0 nr/ret=-1 allow=0
[seccomp] ts=28338534151589 pid=91608 tgid=91608 comm=postgres         mode=FILTER   target=0 nr/ret=0 allow=1
[seccomp] ts=28338534162548 pid=91608 tgid=91608 comm=postgres         mode=FILTER   target=0 nr/ret=-1 allow=0
[seccomp] ts=28338534162548 pid=91608 tgid=91608 comm=postgres         mode=FILTER   target=0 nr/ret=0 allow=1
[seccomp] ts=28338534217589 pid=91608 tgid=91608 comm=postgres         mode=FILTER   target=0 nr/ret=-1 allow=0
[seccomp] ts=28338534217589 pid=91608 tgid=91608 comm=postgres         mode=FILTER   target=0 nr/ret=0 allow=1
[seccomp] ts=28338534285089 pid=91608 tgid=91608 comm=postgres         mode=FILTER   target=0 nr/ret=-1 allow=0
[seccomp] ts=28338534285089 pid=91608 tgid=91608 comm=postgres         mode=FILTER   target=0 nr/ret=0 allow=1
[seccomp] ts=28338534315298 pid=91608 tgid=91608 comm=postgres         mode=FILTER   target=0 nr/ret=-1 allow=0
[seccomp] ts=28338534315298 pid=91608 tgid=91608 comm=postgres         mode=FILTER   target=0 nr/ret=0 allow=1
[seccomp] ts=28338534322173 pid=91608 tgid=91608 comm=postgres         mode=FILTER   target=0 nr/ret=-1 allow=0
[seccomp] ts=28338534322173 pid=91608 tgid=91608 comm=postgres         mode=FILTER   target=0 nr/ret=0 allow=1
[seccomp] ts=28338534326006 pid=91608 tgid=91608 comm=postgres         mode=FILTER   target=0 nr/ret=-1 allow=0
[seccomp] ts=28338534326006 pid=91608 tgid=91608 comm=postgres         mode=FILTER   target=0 nr/ret=0 allow=1
[seccomp] ts=28338534327798 pid=91608 tgid=91608 comm=postgres         mode=FILTER   target=0 nr/ret=-1 allow=0
[seccomp] ts=28338534327798 pid=91608 tgid=91608 comm=postgres         mode=FILTER   target=0 nr/ret=0 allow=1
[seccomp] ts=28338534331423 pid=91608 tgid=91608 comm=postgres         mode=FILTER   target=0 nr/ret=-1 allow=0
[seccomp] ts=28338534331423 pid=91608 tgid=91608 comm=postgres         mode=FILTER   target=0 nr/ret=0 allow=1
[seccomp] ts=28338534334506 pid=91608 tgid=91608 comm=postgres         mode=FILTER   target=0 nr/ret=-1 allow=0
[seccomp] ts=28338534334506 pid=91608 tgid=91608 comm=postgres         mode=FILTER   target=0 nr/ret=0 allow=1
[seccomp] ts=28338534336381 pid=91608 tgid=91608 comm=postgres         mode=FILTER   target=0 nr/ret=-1 allow=0
[seccomp] ts=28338534336381 pid=91608 tgid=91608 comm=postgres         mode=FILTER   target=0 nr/ret=0 allow=1
[seccomp] ts=28338534338464 pid=91608 tgid=91608 comm=postgres         mode=FILTER   target=0 nr/ret=-1 allow=0
[seccomp] ts=28338534338464 pid=91608 tgid=91608 comm=postgres         mode=FILTER   target=0 nr/ret=0 allow=1
[seccomp] ts=28338534341506 pid=91608 tgid=91608 comm=postgres         mode=FILTER   target=0 nr/ret=-1 allow=0
[seccomp] ts=28338534341506 pid=91608 tgid=91608 comm=postgres         mode=FILTER   target=0 nr/ret=0 allow=1
[seccomp] ts=28338534344964 pid=91608 tgid=91608 comm=postgres         mode=FILTER   target=0 nr/ret=-1 allow=0
[seccomp] ts=28338534344964 pid=91608 tgid=91608 comm=postgres         mode=FILTER   target=0 nr/ret=0 allow=1
[seccomp] ts=28338534351589 pid=91608 tgid=91608 comm=postgres         mode=FILTER   target=0 nr/ret=-1 allow=0
[seccomp] ts=28338534351589 pid=91608 tgid=91608 comm=postgres         mode=FILTER   target=0 nr/ret=0 allow=1
[seccomp] ts=28338534354006 pid=91608 tgid=91608 comm=postgres         mode=FILTER   target=0 nr/ret=-1 allow=0
[seccomp] ts=28338534354006 pid=91608 tgid=91608 comm=postgres         mode=FILTER   target=0 nr/ret=0 allow=1
[seccomp] ts=28338534356089 pid=91608 tgid=91608 comm=postgres         mode=FILTER   target=0 nr/ret=-1 allow=0
[seccomp] ts=28338534356089 pid=91608 tgid=91608 comm=postgres         mode=FILTER   target=0 nr/ret=0 allow=1
[seccomp] ts=28338534365214 pid=91608 tgid=91608 comm=postgres         mode=FILTER   target=0 nr/ret=-1 allow=0
[seccomp] ts=28338534365214 pid=91608 tgid=91608 comm=postgres         mode=FILTER   target=0 nr/ret=0 allow=1
[seccomp] ts=28338534368964 pid=91608 tgid=91608 comm=postgres         mode=FILTER   target=0 nr/ret=-1 allow=0
[seccomp] ts=28338534368964 pid=91608 tgid=91608 comm=postgres         mode=FILTER   target=0 nr/ret=0 allow=1
[seccomp] ts=28338534408298 pid=91608 tgid=91608 comm=postgres         mode=FILTER   target=0 nr/ret=-1 allow=0
[seccomp] ts=28338534408298 pid=91608 tgid=91608 comm=postgres         mode=FILTER   target=0 nr/ret=0 allow=1
[seccomp] ts=28338534411006 pid=91608 tgid=91608 comm=postgres         mode=FILTER   target=0 nr/ret=-1 allow=0
[seccomp] ts=28338534411006 pid=91608 tgid=91608 comm=postgres         mode=FILTER   target=0 nr/ret=0 allow=1
[seccomp] ts=28338534413381 pid=91608 tgid=91608 comm=postgres         mode=FILTER   target=0 nr/ret=-1 allow=0
[seccomp] ts=28338534413381 pid=91608 tgid=91608 comm=postgres         mode=FILTER   target=0 nr/ret=0 allow=1
[seccomp] ts=28338534415006 pid=91608 tgid=91608 comm=postgres         mode=FILTER   target=0 nr/ret=-1 allow=0
[seccomp] ts=28338534415006 pid=91608 tgid=91608 comm=postgres         mode=FILTER   target=0 nr/ret=0 allow=1
[seccomp] ts=28338534421881 pid=91608 tgid=91608 comm=postgres         mode=FILTER   target=0 nr/ret=-1 allow=0
[seccomp] ts=28338534421881 pid=91608 tgid=91608 comm=postgres         mode=FILTER   target=0 nr/ret=0 allow=1
[seccomp] ts=28338534424006 pid=91608 tgid=91608 comm=postgres         mode=FILTER   target=0 nr/ret=-1 allow=0
[seccomp] ts=28338534424006 pid=91608 tgid=91608 comm=postgres         mode=FILTER   target=0 nr/ret=0 allow=1
[seccomp] ts=28338534428089 pid=91608 tgid=91608 comm=postgres         mode=FILTER   target=0 nr/ret=-1 allow=0
[seccomp] ts=28338534428089 pid=91608 tgid=91608 comm=postgres         mode=FILTER   target=0 nr/ret=0 allow=1
[seccomp] ts=28338534431464 pid=91608 tgid=91608 comm=postgres         mode=FILTER   target=0 nr/ret=-1 allow=0
[seccomp] ts=28338534431464 pid=91608 tgid=91608 comm=postgres         mode=FILTER   target=0 nr/ret=0 allow=1
[seccomp] ts=28338534433423 pid=91608 tgid=91608 comm=postgres         mode=FILTER   target=0 nr/ret=-1 allow=0
[seccomp] ts=28338534433423 pid=91608 tgid=91608 comm=postgres         mode=FILTER   target=0 nr/ret=0 allow=1
[seccomp] ts=28338534435589 pid=91608 tgid=91608 comm=postgres         mode=FILTER   target=0 nr/ret=-1 allow=0
[seccomp] ts=28338534435589 pid=91608 tgid=91608 comm=postgres         mode=FILTER   target=0 nr/ret=0 allow=1
[seccomp] ts=28338534439339 pid=91608 tgid=91608 comm=postgres         mode=FILTER   target=0 nr/ret=-1 allow=0
[seccomp] ts=28338534439339 pid=91608 tgid=91608 comm=postgres         mode=FILTER   target=0 nr/ret=0 allow=1
[seccomp] ts=28338534470089 pid=91608 tgid=91608 comm=postgres         mode=FILTER   target=0 nr/ret=-1 allow=0
[seccomp] ts=28338534470089 pid=91608 tgid=91608 comm=postgres         mode=FILTER   target=0 nr/ret=0 allow=1
[seccomp] ts=28338534471964 pid=91608 tgid=91608 comm=postgres         mode=FILTER   target=0 nr/ret=-1 allow=0
[seccomp] ts=28338534471964 pid=91608 tgid=91608 comm=postgres         mode=FILTER   target=0 nr/ret=0 allow=1
[seccomp] ts=28338534475548 pid=91608 tgid=91608 comm=postgres         mode=FILTER   target=0 nr/ret=-1 allow=0
[seccomp] ts=28338534475548 pid=91608 tgid=91608 comm=postgres         mode=FILTER   target=0 nr/ret=0 allow=1
[seccomp] ts=28338534477506 pid=91608 tgid=91608 comm=postgres         mode=FILTER   target=0 nr/ret=-1 allow=0
[seccomp] ts=28338534477506 pid=91608 tgid=91608 comm=postgres         mode=FILTER   target=0 nr/ret=0 allow=1
[seccomp] ts=28338534479131 pid=91608 tgid=91608 comm=postgres         mode=FILTER   target=0 nr/ret=-1 allow=0
[seccomp] ts=28338534479131 pid=91608 tgid=91608 comm=postgres         mode=FILTER   target=0 nr/ret=0 allow=1
[seccomp] ts=28338534484173 pid=91608 tgid=91608 comm=postgres         mode=FILTER   target=0 nr/ret=-1 allow=0
[seccomp] ts=28338534484173 pid=91608 tgid=91608 comm=postgres         mode=FILTER   target=0 nr/ret=0 allow=1
[seccomp] ts=28338534485923 pid=91608 tgid=91608 comm=postgres         mode=FILTER   target=0 nr/ret=-1 allow=0
[seccomp] ts=28338534485923 pid=91608 tgid=91608 comm=postgres         mode=FILTER   target=0 nr/ret=0 allow=1
[seccomp] ts=28338534488756 pid=91608 tgid=91608 comm=postgres         mode=FILTER   target=0 nr/ret=-1 allow=0
[seccomp] ts=28338534488756 pid=91608 tgid=91608 comm=postgres         mode=FILTER   target=0 nr/ret=0 allow=1
[seccomp] ts=28338534492298 pid=91608 tgid=91608 comm=postgres         mode=FILTER   target=0 nr/ret=-1 allow=0
[seccomp] ts=28338534492298 pid=91608 tgid=91608 comm=postgres         mode=FILTER   target=0 nr/ret=0 allow=1
[seccomp] ts=28338534494173 pid=91608 tgid=91608 comm=postgres         mode=FILTER   target=0 nr/ret=-1 allow=0
[seccomp] ts=28338534494173 pid=91608 tgid=91608 comm=postgres         mode=FILTER   target=0 nr/ret=0 allow=1
[seccomp] ts=28338534497131 pid=91608 tgid=91608 comm=postgres         mode=FILTER   target=0 nr/ret=-1 allow=0
[seccomp] ts=28338534497131 pid=91608 tgid=91608 comm=postgres         mode=FILTER   target=0 nr/ret=0 allow=1
[seccomp] ts=28338534499173 pid=91608 tgid=91608 comm=postgres         mode=FILTER   target=0 nr/ret=-1 allow=0
[seccomp] ts=28338534499173 pid=91608 tgid=91608 comm=postgres         mode=FILTER   target=0 nr/ret=0 allow=1
[seccomp] ts=28338534501631 pid=91608 tgid=91608 comm=postgres         mode=FILTER   target=0 nr/ret=-1 allow=0
[seccomp] ts=28338534501631 pid=91608 tgid=91608 comm=postgres         mode=FILTER   target=0 nr/ret=0 allow=1
[seccomp] ts=28338534506006 pid=91608 tgid=91608 comm=postgres         mode=FILTER   target=0 nr/ret=-1 allow=0
[seccomp] ts=28338534506006 pid=91608 tgid=91608 comm=postgres         mode=FILTER   target=0 nr/ret=0 allow=1
[seccomp] ts=28338534509089 pid=91608 tgid=91608 comm=postgres         mode=FILTER   target=0 nr/ret=-1 allow=0
[seccomp] ts=28338534509089 pid=91608 tgid=91608 comm=postgres         mode=FILTER   target=0 nr/ret=0 allow=1
[seccomp] ts=28338534510881 pid=91608 tgid=91608 comm=postgres         mode=FILTER   target=0 nr/ret=-1 allow=0
[seccomp] ts=28338534510881 pid=91608 tgid=91608 comm=postgres         mode=FILTER   target=0 nr/ret=0 allow=1
[seccomp] ts=28338534512798 pid=91608 tgid=91608 comm=postgres         mode=FILTER   target=0 nr/ret=-1 allow=0
[seccomp] ts=28338534512798 pid=91608 tgid=91608 comm=postgres         mode=FILTER   target=0 nr/ret=0 allow=1
[seccomp] ts=28338534516339 pid=91608 tgid=91608 comm=postgres         mode=FILTER   target=0 nr/ret=-1 allow=0
[seccomp] ts=28338534516339 pid=91608 tgid=91608 comm=postgres         mode=FILTER   target=0 nr/ret=0 allow=1
[seccomp] ts=28338534518173 pid=91608 tgid=91608 comm=postgres         mode=FILTER   target=0 nr/ret=-1 allow=0
[seccomp] ts=28338534518173 pid=91608 tgid=91608 comm=postgres         mode=FILTER   target=0 nr/ret=0 allow=1
[seccomp] ts=28338534521339 pid=91608 tgid=91608 comm=postgres         mode=FILTER   target=0 nr/ret=-1 allow=0
[seccomp] ts=28338534521339 pid=91608 tgid=91608 comm=postgres         mode=FILTER   target=0 nr/ret=0 allow=1
[seccomp] ts=28338534525589 pid=91608 tgid=91608 comm=postgres         mode=FILTER   target=0 nr/ret=-1 allow=0
[seccomp] ts=28338534525589 pid=91608 tgid=91608 comm=postgres         mode=FILTER   target=0 nr/ret=0 allow=1
[seccomp] ts=28338534546423 pid=91608 tgid=91608 comm=postgres         mode=FILTER   target=0 nr/ret=-1 allow=0
[seccomp] ts=28338534546423 pid=91608 tgid=91608 comm=postgres         mode=FILTER   target=0 nr/ret=0 allow=1
[seccomp] ts=28338534551506 pid=91608 tgid=91608 comm=postgres         mode=FILTER   target=0 nr/ret=-1 allow=0
[seccomp] ts=28338534551506 pid=91608 tgid=91608 comm=postgres         mode=FILTER   target=0 nr/ret=0 allow=1
[seccomp] ts=28338534553506 pid=91608 tgid=91608 comm=postgres         mode=FILTER   target=0 nr/ret=-1 allow=0
[seccomp] ts=28338534553506 pid=91608 tgid=91608 comm=postgres         mode=FILTER   target=0 nr/ret=0 allow=1
[seccomp] ts=28338534555673 pid=91608 tgid=91608 comm=postgres         mode=FILTER   target=0 nr/ret=-1 allow=0
[seccomp] ts=28338534555673 pid=91608 tgid=91608 comm=postgres         mode=FILTER   target=0 nr/ret=0 allow=1
[seccomp] ts=28338534557381 pid=91608 tgid=91608 comm=postgres         mode=FILTER   target=0 nr/ret=-1 allow=0
[seccomp] ts=28338534557381 pid=91608 tgid=91608 comm=postgres         mode=FILTER   target=0 nr/ret=0 allow=1
[seccomp] ts=28338534560423 pid=91608 tgid=91608 comm=postgres         mode=FILTER   target=0 nr/ret=-1 allow=0
[seccomp] ts=28338534560423 pid=91608 tgid=91608 comm=postgres         mode=FILTER   target=0 nr/ret=0 allow=1
[seccomp] ts=28338534562048 pid=91608 tgid=91608 comm=postgres         mode=FILTER   target=0 nr/ret=-1 allow=0
[seccomp] ts=28338534562048 pid=91608 tgid=91608 comm=postgres         mode=FILTER   target=0 nr/ret=0 allow=1
[seccomp] ts=28338534566714 pid=91608 tgid=91608 comm=postgres         mode=FILTER   target=0 nr/ret=-1 allow=0
[seccomp] ts=28338534566714 pid=91608 tgid=91608 comm=postgres         mode=FILTER   target=0 nr/ret=0 allow=1
[seccomp] ts=28338534568714 pid=91608 tgid=91608 comm=postgres         mode=FILTER   target=0 nr/ret=-1 allow=0
[seccomp] ts=28338534568714 pid=91608 tgid=91608 comm=postgres         mode=FILTER   target=0 nr/ret=0 allow=1
[seccomp] ts=28338534572006 pid=91608 tgid=91608 comm=postgres         mode=FILTER   target=0 nr/ret=-1 allow=0
[seccomp] ts=28338534572006 pid=91608 tgid=91608 comm=postgres         mode=FILTER   target=0 nr/ret=0 allow=1
[seccomp] ts=28338534575298 pid=91608 tgid=91608 comm=postgres         mode=FILTER   target=0 nr/ret=-1 allow=0
[seccomp] ts=28338534575298 pid=91608 tgid=91608 comm=postgres         mode=FILTER   target=0 nr/ret=0 allow=1
[seccomp] ts=28338534578798 pid=91608 tgid=91608 comm=postgres         mode=FILTER   target=0 nr/ret=-1 allow=0
[seccomp] ts=28338534578798 pid=91608 tgid=91608 comm=postgres         mode=FILTER   target=0 nr/ret=0 allow=1
[seccomp] ts=28338534581881 pid=91608 tgid=91608 comm=postgres         mode=FILTER   target=0 nr/ret=-1 allow=0
[seccomp] ts=28338534581881 pid=91608 tgid=91608 comm=postgres         mode=FILTER   target=0 nr/ret=0 allow=1
[seccomp] ts=28338534584089 pid=91608 tgid=91608 comm=postgres         mode=FILTER   target=0 nr/ret=-1 allow=0
[seccomp] ts=28338534584089 pid=91608 tgid=91608 comm=postgres         mode=FILTER   target=0 nr/ret=0 allow=1
[seccomp] ts=28338534585798 pid=91608 tgid=91608 comm=postgres         mode=FILTER   target=0 nr/ret=-1 allow=0
[seccomp] ts=28338534585798 pid=91608 tgid=91608 comm=postgres         mode=FILTER   target=0 nr/ret=0 allow=1
[seccomp] ts=28338534588798 pid=91608 tgid=91608 comm=postgres         mode=FILTER   target=0 nr/ret=-1 allow=0
[seccomp] ts=28338534588798 pid=91608 tgid=91608 comm=postgres         mode=FILTER   target=0 nr/ret=0 allow=1
[seccomp] ts=28338534590506 pid=91608 tgid=91608 comm=postgres         mode=FILTER   target=0 nr/ret=-1 allow=0
[seccomp] ts=28338534590506 pid=91608 tgid=91608 comm=postgres         mode=FILTER   target=0 nr/ret=0 allow=1
[seccomp] ts=28338534592173 pid=91608 tgid=91608 comm=postgres         mode=FILTER   target=0 nr/ret=-1 allow=0
[seccomp] ts=28338534592173 pid=91608 tgid=91608 comm=postgres         mode=FILTER   target=0 nr/ret=0 allow=1
[seccomp] ts=28338534594839 pid=91608 tgid=91608 comm=postgres         mode=FILTER   target=0 nr/ret=-1 allow=0
[seccomp] ts=28338534594839 pid=91608 tgid=91608 comm=postgres         mode=FILTER   target=0 nr/ret=0 allow=1
[seccomp] ts=28338534596631 pid=91608 tgid=91608 comm=postgres         mode=FILTER   target=0 nr/ret=-1 allow=0
[seccomp] ts=28338534596631 pid=91608 tgid=91608 comm=postgres         mode=FILTER   target=0 nr/ret=0 allow=1
[seccomp] ts=28338534598298 pid=91608 tgid=91608 comm=postgres         mode=FILTER   target=0 nr/ret=-1 allow=0
[seccomp] ts=28338534598298 pid=91608 tgid=91608 comm=postgres         mode=FILTER   target=0 nr/ret=0 allow=1
[seccomp] ts=28338534600881 pid=91608 tgid=91608 comm=postgres         mode=FILTER   target=0 nr/ret=-1 allow=0
[seccomp] ts=28338534600881 pid=91608 tgid=91608 comm=postgres         mode=FILTER   target=0 nr/ret=0 allow=1
[seccomp] ts=28338534602548 pid=91608 tgid=91608 comm=postgres         mode=FILTER   target=0 nr/ret=-1 allow=0
[seccomp] ts=28338534602548 pid=91608 tgid=91608 comm=postgres         mode=FILTER   target=0 nr/ret=0 allow=1
[seccomp] ts=28338534604548 pid=91608 tgid=91608 comm=postgres         mode=FILTER   target=0 nr/ret=-1 allow=0
[seccomp] ts=28338534604548 pid=91608 tgid=91608 comm=postgres         mode=FILTER   target=0 nr/ret=0 allow=1
[seccomp] ts=28338534610048 pid=91608 tgid=91608 comm=postgres         mode=FILTER   target=0 nr/ret=-1 allow=0
[seccomp] ts=28338534610048 pid=91608 tgid=91608 comm=postgres         mode=FILTER   target=0 nr/ret=0 allow=1
[seccomp] ts=28338534614131 pid=91608 tgid=91608 comm=postgres         mode=FILTER   target=0 nr/ret=-1 allow=0
[seccomp] ts=28338534614131 pid=91608 tgid=91608 comm=postgres         mode=FILTER   target=0 nr/ret=0 allow=1
[seccomp] ts=28338534615923 pid=91608 tgid=91608 comm=postgres         mode=FILTER   target=0 nr/ret=-1 allow=0
[seccomp] ts=28338534615923 pid=91608 tgid=91608 comm=postgres         mode=FILTER   target=0 nr/ret=0 allow=1
[seccomp] ts=28338534617756 pid=91608 tgid=91608 comm=postgres         mode=FILTER   target=0 nr/ret=-1 allow=0
[seccomp] ts=28338534617756 pid=91608 tgid=91608 comm=postgres         mode=FILTER   target=0 nr/ret=0 allow=1
[seccomp] ts=28338534619631 pid=91608 tgid=91608 comm=postgres         mode=FILTER   target=0 nr/ret=-1 allow=0
[seccomp] ts=28338534619631 pid=91608 tgid=91608 comm=postgres         mode=FILTER   target=0 nr/ret=0 allow=1
[seccomp] ts=28338534625006 pid=91608 tgid=91608 comm=postgres         mode=FILTER   target=0 nr/ret=-1 allow=0
[seccomp] ts=28338534625006 pid=91608 tgid=91608 comm=postgres         mode=FILTER   target=0 nr/ret=0 allow=1
[seccomp] ts=28338534647881 pid=91608 tgid=91608 comm=postgres         mode=FILTER   target=0 nr/ret=-1 allow=0
[seccomp] ts=28338534647881 pid=91608 tgid=91608 comm=postgres         mode=FILTER   target=0 nr/ret=0 allow=1
[seccomp] ts=28338534649798 pid=91608 tgid=91608 comm=postgres         mode=FILTER   target=0 nr/ret=-1 allow=0
[seccomp] ts=28338534649798 pid=91608 tgid=91608 comm=postgres         mode=FILTER   target=0 nr/ret=0 allow=1
[seccomp] ts=28338534653131 pid=91608 tgid=91608 comm=postgres         mode=FILTER   target=0 nr/ret=-1 allow=0
[seccomp] ts=28338534653131 pid=91608 tgid=91608 comm=postgres         mode=FILTER   target=0 nr/ret=0 allow=1
[seccomp] ts=28338534655173 pid=91608 tgid=91608 comm=postgres         mode=FILTER   target=0 nr/ret=-1 allow=0
[seccomp] ts=28338534655173 pid=91608 tgid=91608 comm=postgres         mode=FILTER   target=0 nr/ret=0 allow=1
[seccomp] ts=28338534658506 pid=91608 tgid=91608 comm=postgres         mode=FILTER   target=0 nr/ret=-1 allow=0
[seccomp] ts=28338534658506 pid=91608 tgid=91608 comm=postgres         mode=FILTER   target=0 nr/ret=0 allow=1
[seccomp] ts=28338534661756 pid=91608 tgid=91608 comm=postgres         mode=FILTER   target=0 nr/ret=-1 allow=0
[seccomp] ts=28338534661756 pid=91608 tgid=91608 comm=postgres         mode=FILTER   target=0 nr/ret=0 allow=1
[seccomp] ts=28338534663798 pid=91608 tgid=91608 comm=postgres         mode=FILTER   target=0 nr/ret=-1 allow=0
[seccomp] ts=28338534663798 pid=91608 tgid=91608 comm=postgres         mode=FILTER   target=0 nr/ret=0 allow=1
[seccomp] ts=28338534669548 pid=91608 tgid=91608 comm=postgres         mode=FILTER   target=0 nr/ret=-1 allow=0
[seccomp] ts=28338534669548 pid=91608 tgid=91608 comm=postgres         mode=FILTER   target=0 nr/ret=0 allow=1
[seccomp] ts=28338534674298 pid=91608 tgid=91608 comm=postgres         mode=FILTER   target=0 nr/ret=-1 allow=0
[seccomp] ts=28338534674298 pid=91608 tgid=91608 comm=postgres         mode=FILTER   target=0 nr/ret=0 allow=1
[seccomp] ts=28338534676506 pid=91608 tgid=91608 comm=postgres         mode=FILTER   target=0 nr/ret=-1 allow=0
[seccomp] ts=28338534676506 pid=91608 tgid=91608 comm=postgres         mode=FILTER   target=0 nr/ret=0 allow=1
[seccomp] ts=28338534680589 pid=91608 tgid=91608 comm=postgres         mode=FILTER   target=0 nr/ret=-1 allow=0
[seccomp] ts=28338534680589 pid=91608 tgid=91608 comm=postgres         mode=FILTER   target=0 nr/ret=0 allow=1
[seccomp] ts=28338534684548 pid=91608 tgid=91608 comm=postgres         mode=FILTER   target=0 nr/ret=-1 allow=0
[seccomp] ts=28338534684548 pid=91608 tgid=91608 comm=postgres         mode=FILTER   target=0 nr/ret=0 allow=1
[seccomp] ts=28338534686714 pid=91608 tgid=91608 comm=postgres         mode=FILTER   target=0 nr/ret=-1 allow=0
[seccomp] ts=28338534686714 pid=91608 tgid=91608 comm=postgres         mode=FILTER   target=0 nr/ret=0 allow=1
[seccomp] ts=28338534688381 pid=91608 tgid=91608 comm=postgres         mode=FILTER   target=0 nr/ret=-1 allow=0
[seccomp] ts=28338534688381 pid=91608 tgid=91608 comm=postgres         mode=FILTER   target=0 nr/ret=0 allow=1
[seccomp] ts=28338534690339 pid=91608 tgid=91608 comm=postgres         mode=FILTER   target=0 nr/ret=-1 allow=0
[seccomp] ts=28338534690339 pid=91608 tgid=91608 comm=postgres         mode=FILTER   target=0 nr/ret=0 allow=1
[seccomp] ts=28338534693839 pid=91608 tgid=91608 comm=postgres         mode=FILTER   target=0 nr/ret=-1 allow=0
[seccomp] ts=28338534693839 pid=91608 tgid=91608 comm=postgres         mode=FILTER   target=0 nr/ret=0 allow=1
[seccomp] ts=28338534695339 pid=91608 tgid=91608 comm=postgres         mode=FILTER   target=0 nr/ret=-1 allow=0
[seccomp] ts=28338534695339 pid=91608 tgid=91608 comm=postgres         mode=FILTER   target=0 nr/ret=0 allow=1
[seccomp] ts=28338534702423 pid=91608 tgid=91608 comm=postgres         mode=FILTER   target=0 nr/ret=-1 allow=0
[seccomp] ts=28338534702423 pid=91608 tgid=91608 comm=postgres         mode=FILTER   target=0 nr/ret=0 allow=1
[seccomp] ts=28338534704298 pid=91608 tgid=91608 comm=postgres         mode=FILTER   target=0 nr/ret=-1 allow=0
[seccomp] ts=28338534704298 pid=91608 tgid=91608 comm=postgres         mode=FILTER   target=0 nr/ret=0 allow=1
[seccomp] ts=28338534707881 pid=91608 tgid=91608 comm=postgres         mode=FILTER   target=0 nr/ret=-1 allow=0
[seccomp] ts=28338534707881 pid=91608 tgid=91608 comm=postgres         mode=FILTER   target=0 nr/ret=0 allow=1
[seccomp] ts=28338534712756 pid=91608 tgid=91608 comm=postgres         mode=FILTER   target=0 nr/ret=-1 allow=0
[seccomp] ts=28338534712756 pid=91608 tgid=91608 comm=postgres         mode=FILTER   target=0 nr/ret=0 allow=1
[seccomp] ts=28338534714548 pid=91608 tgid=91608 comm=postgres         mode=FILTER   target=0 nr/ret=-1 allow=0
[seccomp] ts=28338534714548 pid=91608 tgid=91608 comm=postgres         mode=FILTER   target=0 nr/ret=0 allow=1
[seccomp] ts=28338534717714 pid=91608 tgid=91608 comm=postgres         mode=FILTER   target=0 nr/ret=-1 allow=0
[seccomp] ts=28338534717714 pid=91608 tgid=91608 comm=postgres         mode=FILTER   target=0 nr/ret=0 allow=1
[seccomp] ts=28338534737423 pid=91608 tgid=91608 comm=postgres         mode=FILTER   target=0 nr/ret=-1 allow=0
[seccomp] ts=28338534737423 pid=91608 tgid=91608 comm=postgres         mode=FILTER   target=0 nr/ret=0 allow=1
[seccomp] ts=28338534739256 pid=91608 tgid=91608 comm=postgres         mode=FILTER   target=0 nr/ret=-1 allow=0
[seccomp] ts=28338534739256 pid=91608 tgid=91608 comm=postgres         mode=FILTER   target=0 nr/ret=0 allow=1
[seccomp] ts=28338534742798 pid=91608 tgid=91608 comm=postgres         mode=FILTER   target=0 nr/ret=-1 allow=0
[seccomp] ts=28338534742798 pid=91608 tgid=91608 comm=postgres         mode=FILTER   target=0 nr/ret=0 allow=1
[seccomp] ts=28338534744798 pid=91608 tgid=91608 comm=postgres         mode=FILTER   target=0 nr/ret=-1 allow=0
[seccomp] ts=28338534744798 pid=91608 tgid=91608 comm=postgres         mode=FILTER   target=0 nr/ret=0 allow=1
[seccomp] ts=28338534746589 pid=91608 tgid=91608 comm=postgres         mode=FILTER   target=0 nr/ret=-1 allow=0
[seccomp] ts=28338534746589 pid=91608 tgid=91608 comm=postgres         mode=FILTER   target=0 nr/ret=0 allow=1
[seccomp] ts=28338534749464 pid=91608 tgid=91608 comm=postgres         mode=FILTER   target=0 nr/ret=-1 allow=0
[seccomp] ts=28338534749464 pid=91608 tgid=91608 comm=postgres         mode=FILTER   target=0 nr/ret=0 allow=1
[seccomp] ts=28338534751089 pid=91608 tgid=91608 comm=postgres         mode=FILTER   target=0 nr/ret=-1 allow=0
[seccomp] ts=28338534751089 pid=91608 tgid=91608 comm=postgres         mode=FILTER   target=0 nr/ret=0 allow=1
[seccomp] ts=28338534752881 pid=91608 tgid=91608 comm=postgres         mode=FILTER   target=0 nr/ret=-1 allow=0
[seccomp] ts=28338534752881 pid=91608 tgid=91608 comm=postgres         mode=FILTER   target=0 nr/ret=0 allow=1
[seccomp] ts=28338534756048 pid=91608 tgid=91608 comm=postgres         mode=FILTER   target=0 nr/ret=-1 allow=0
[seccomp] ts=28338534756048 pid=91608 tgid=91608 comm=postgres         mode=FILTER   target=0 nr/ret=0 allow=1
[seccomp] ts=28338534757839 pid=91608 tgid=91608 comm=postgres         mode=FILTER   target=0 nr/ret=-1 allow=0
[seccomp] ts=28338534757839 pid=91608 tgid=91608 comm=postgres         mode=FILTER   target=0 nr/ret=0 allow=1
[seccomp] ts=28338534759464 pid=91608 tgid=91608 comm=postgres         mode=FILTER   target=0 nr/ret=-1 allow=0
[seccomp] ts=28338534759464 pid=91608 tgid=91608 comm=postgres         mode=FILTER   target=0 nr/ret=0 allow=1
[seccomp] ts=28338534762464 pid=91608 tgid=91608 comm=postgres         mode=FILTER   target=0 nr/ret=-1 allow=0
[seccomp] ts=28338534762464 pid=91608 tgid=91608 comm=postgres         mode=FILTER   target=0 nr/ret=0 allow=1
[seccomp] ts=28338534764298 pid=91608 tgid=91608 comm=postgres         mode=FILTER   target=0 nr/ret=-1 allow=0
[seccomp] ts=28338534764298 pid=91608 tgid=91608 comm=postgres         mode=FILTER   target=0 nr/ret=0 allow=1
[seccomp] ts=28338534770298 pid=91608 tgid=91608 comm=postgres         mode=FILTER   target=0 nr/ret=-1 allow=0
[seccomp] ts=28338534770298 pid=91608 tgid=91608 comm=postgres         mode=FILTER   target=0 nr/ret=0 allow=1
[seccomp] ts=28338534772131 pid=91608 tgid=91608 comm=postgres         mode=FILTER   target=0 nr/ret=-1 allow=0
[seccomp] ts=28338534772131 pid=91608 tgid=91608 comm=postgres         mode=FILTER   target=0 nr/ret=0 allow=1
[seccomp] ts=28338534774131 pid=91608 tgid=91608 comm=postgres         mode=FILTER   target=0 nr/ret=-1 allow=0
[seccomp] ts=28338534774131 pid=91608 tgid=91608 comm=postgres         mode=FILTER   target=0 nr/ret=0 allow=1
[seccomp] ts=28338534775714 pid=91608 tgid=91608 comm=postgres         mode=FILTER   target=0 nr/ret=-1 allow=0
[seccomp] ts=28338534775714 pid=91608 tgid=91608 comm=postgres         mode=FILTER   target=0 nr/ret=0 allow=1
[seccomp] ts=28338534781756 pid=91608 tgid=91608 comm=postgres         mode=FILTER   target=0 nr/ret=-1 allow=0
[seccomp] ts=28338534781756 pid=91608 tgid=91608 comm=postgres         mode=FILTER   target=0 nr/ret=0 allow=1
[seccomp] ts=28338534783548 pid=91608 tgid=91608 comm=postgres         mode=FILTER   target=0 nr/ret=-1 allow=0
[seccomp] ts=28338534783548 pid=91608 tgid=91608 comm=postgres         mode=FILTER   target=0 nr/ret=0 allow=1
[seccomp] ts=28338534785256 pid=91608 tgid=91608 comm=postgres         mode=FILTER   target=0 nr/ret=-1 allow=0
[seccomp] ts=28338534785256 pid=91608 tgid=91608 comm=postgres         mode=FILTER   target=0 nr/ret=0 allow=1
[seccomp] ts=28338534788173 pid=91608 tgid=91608 comm=postgres         mode=FILTER   target=0 nr/ret=-1 allow=0
[seccomp] ts=28338534788173 pid=91608 tgid=91608 comm=postgres         mode=FILTER   target=0 nr/ret=0 allow=1
[seccomp] ts=28338534790131 pid=91608 tgid=91608 comm=postgres         mode=FILTER   target=0 nr/ret=-1 allow=0
[seccomp] ts=28338534790131 pid=91608 tgid=91608 comm=postgres         mode=FILTER   target=0 nr/ret=0 allow=1
[seccomp] ts=28338534792173 pid=91608 tgid=91608 comm=postgres         mode=FILTER   target=0 nr/ret=-1 allow=0
[seccomp] ts=28338534792173 pid=91608 tgid=91608 comm=postgres         mode=FILTER   target=0 nr/ret=0 allow=1
[seccomp] ts=28338534795339 pid=91608 tgid=91608 comm=postgres         mode=FILTER   target=0 nr/ret=-1 allow=0
[seccomp] ts=28338534795339 pid=91608 tgid=91608 comm=postgres         mode=FILTER   target=0 nr/ret=0 allow=1
[seccomp] ts=28338534796923 pid=91608 tgid=91608 comm=postgres         mode=FILTER   target=0 nr/ret=-1 allow=0
[seccomp] ts=28338534796923 pid=91608 tgid=91608 comm=postgres         mode=FILTER   target=0 nr/ret=0 allow=1
[seccomp] ts=28338534798548 pid=91608 tgid=91608 comm=postgres         mode=FILTER   target=0 nr/ret=-1 allow=0
[seccomp] ts=28338534798548 pid=91608 tgid=91608 comm=postgres         mode=FILTER   target=0 nr/ret=0 allow=1
[seccomp] ts=28338534800173 pid=91608 tgid=91608 comm=postgres         mode=FILTER   target=0 nr/ret=-1 allow=0
[seccomp] ts=28338534800173 pid=91608 tgid=91608 comm=postgres         mode=FILTER   target=0 nr/ret=0 allow=1
[seccomp] ts=28338534803006 pid=91608 tgid=91608 comm=postgres         mode=FILTER   target=0 nr/ret=-1 allow=0
[seccomp] ts=28338534803006 pid=91608 tgid=91608 comm=postgres         mode=FILTER   target=0 nr/ret=0 allow=1
[seccomp] ts=28338534806423 pid=91608 tgid=91608 comm=postgres         mode=FILTER   target=0 nr/ret=-1 allow=0
[seccomp] ts=28338534806423 pid=91608 tgid=91608 comm=postgres         mode=FILTER   target=0 nr/ret=0 allow=1
[seccomp] ts=28338534810506 pid=91608 tgid=91608 comm=postgres         mode=FILTER   target=0 nr/ret=-1 allow=0
[seccomp] ts=28338534810506 pid=91608 tgid=91608 comm=postgres         mode=FILTER   target=0 nr/ret=0 allow=1
[seccomp] ts=28338534812548 pid=91608 tgid=91608 comm=postgres         mode=FILTER   target=0 nr/ret=-1 allow=0
[seccomp] ts=28338534812548 pid=91608 tgid=91608 comm=postgres         mode=FILTER   target=0 nr/ret=0 allow=1
[seccomp] ts=28338534817756 pid=91608 tgid=91608 comm=postgres         mode=FILTER   target=0 nr/ret=-1 allow=0
[seccomp] ts=28338534817756 pid=91608 tgid=91608 comm=postgres         mode=FILTER   target=0 nr/ret=0 allow=1
[seccomp] ts=28338534819756 pid=91608 tgid=91608 comm=postgres         mode=FILTER   target=0 nr/ret=-1 allow=0
[seccomp] ts=28338534819756 pid=91608 tgid=91608 comm=postgres         mode=FILTER   target=0 nr/ret=0 allow=1
[seccomp] ts=28338534821381 pid=91608 tgid=91608 comm=postgres         mode=FILTER   target=0 nr/ret=-1 allow=0
[seccomp] ts=28338534821381 pid=91608 tgid=91608 comm=postgres         mode=FILTER   target=0 nr/ret=0 allow=1
[seccomp] ts=28338534824381 pid=91608 tgid=91608 comm=postgres         mode=FILTER   target=0 nr/ret=-1 allow=0
[seccomp] ts=28338534824381 pid=91608 tgid=91608 comm=postgres         mode=FILTER   target=0 nr/ret=0 allow=1
[seccomp] ts=28338534827464 pid=91608 tgid=91608 comm=postgres         mode=FILTER   target=0 nr/ret=-1 allow=0
[seccomp] ts=28338534827464 pid=91608 tgid=91608 comm=postgres         mode=FILTER   target=0 nr/ret=0 allow=1
[seccomp] ts=28338534829548 pid=91608 tgid=91608 comm=postgres         mode=FILTER   target=0 nr/ret=-1 allow=0
[seccomp] ts=28338534829548 pid=91608 tgid=91608 comm=postgres         mode=FILTER   target=0 nr/ret=0 allow=1
[seccomp] ts=28338534834089 pid=91608 tgid=91608 comm=postgres         mode=FILTER   target=0 nr/ret=-1 allow=0
[seccomp] ts=28338534834089 pid=91608 tgid=91608 comm=postgres         mode=FILTER   target=0 nr/ret=0 allow=1
[seccomp] ts=28338534835756 pid=91608 tgid=91608 comm=postgres         mode=FILTER   target=0 nr/ret=-1 allow=0
[seccomp] ts=28338534835756 pid=91608 tgid=91608 comm=postgres         mode=FILTER   target=0 nr/ret=0 allow=1
[seccomp] ts=28338534837423 pid=91608 tgid=91608 comm=postgres         mode=FILTER   target=0 nr/ret=-1 allow=0
[seccomp] ts=28338534837423 pid=91608 tgid=91608 comm=postgres         mode=FILTER   target=0 nr/ret=0 allow=1
[seccomp] ts=28338534839298 pid=91608 tgid=91608 comm=postgres         mode=FILTER   target=0 nr/ret=-1 allow=0
[seccomp] ts=28338534839298 pid=91608 tgid=91608 comm=postgres         mode=FILTER   target=0 nr/ret=0 allow=1
[seccomp] ts=28338534842131 pid=91608 tgid=91608 comm=postgres         mode=FILTER   target=0 nr/ret=-1 allow=0
[seccomp] ts=28338534842131 pid=91608 tgid=91608 comm=postgres         mode=FILTER   target=0 nr/ret=0 allow=1
[seccomp] ts=28338534843839 pid=91608 tgid=91608 comm=postgres         mode=FILTER   target=0 nr/ret=-1 allow=0
[seccomp] ts=28338534843839 pid=91608 tgid=91608 comm=postgres         mode=FILTER   target=0 nr/ret=0 allow=1
[seccomp] ts=28338534847173 pid=91608 tgid=91608 comm=postgres         mode=FILTER   target=0 nr/ret=-1 allow=0
[seccomp] ts=28338534847173 pid=91608 tgid=91608 comm=postgres         mode=FILTER   target=0 nr/ret=0 allow=1
[seccomp] ts=28338534849214 pid=91608 tgid=91608 comm=postgres         mode=FILTER   target=0 nr/ret=-1 allow=0
[seccomp] ts=28338534849214 pid=91608 tgid=91608 comm=postgres         mode=FILTER   target=0 nr/ret=0 allow=1
[seccomp] ts=28338534851214 pid=91608 tgid=91608 comm=postgres         mode=FILTER   target=0 nr/ret=-1 allow=0
[seccomp] ts=28338534851214 pid=91608 tgid=91608 comm=postgres         mode=FILTER   target=0 nr/ret=0 allow=1
[seccomp] ts=28338534855673 pid=91608 tgid=91608 comm=postgres         mode=FILTER   target=0 nr/ret=-1 allow=0
[seccomp] ts=28338534855673 pid=91608 tgid=91608 comm=postgres         mode=FILTER   target=0 nr/ret=0 allow=1
[seccomp] ts=28338534857631 pid=91608 tgid=91608 comm=postgres         mode=FILTER   target=0 nr/ret=-1 allow=0
[seccomp] ts=28338534857631 pid=91608 tgid=91608 comm=postgres         mode=FILTER   target=0 nr/ret=0 allow=1
[seccomp] ts=28338534861881 pid=91608 tgid=91608 comm=postgres         mode=FILTER   target=0 nr/ret=-1 allow=0
[seccomp] ts=28338534861881 pid=91608 tgid=91608 comm=postgres         mode=FILTER   target=0 nr/ret=0 allow=1
[seccomp] ts=28338534884423 pid=91608 tgid=91608 comm=postgres         mode=FILTER   target=0 nr/ret=-1 allow=0
[seccomp] ts=28338534884423 pid=91608 tgid=91608 comm=postgres         mode=FILTER   target=0 nr/ret=0 allow=1
[seccomp] ts=28338534889339 pid=91608 tgid=91608 comm=postgres         mode=FILTER   target=0 nr/ret=-1 allow=0
[seccomp] ts=28338534889339 pid=91608 tgid=91608 comm=postgres         mode=FILTER   target=0 nr/ret=0 allow=1
[seccomp] ts=28338534891506 pid=91608 tgid=91608 comm=postgres         mode=FILTER   target=0 nr/ret=-1 allow=0
[seccomp] ts=28338534891506 pid=91608 tgid=91608 comm=postgres         mode=FILTER   target=0 nr/ret=0 allow=1
[seccomp] ts=28338534893756 pid=91608 tgid=91608 comm=postgres         mode=FILTER   target=0 nr/ret=-1 allow=0
[seccomp] ts=28338534893756 pid=91608 tgid=91608 comm=postgres         mode=FILTER   target=0 nr/ret=0 allow=1
[seccomp] ts=28338534910923 pid=91608 tgid=91608 comm=postgres         mode=FILTER   target=0 nr/ret=-1 allow=0
[seccomp] ts=28338534910923 pid=91608 tgid=91608 comm=postgres         mode=FILTER   target=0 nr/ret=0 allow=1
[seccomp] ts=28338534912964 pid=91608 tgid=91608 comm=postgres         mode=FILTER   target=0 nr/ret=-1 allow=0
[seccomp] ts=28338534912964 pid=91608 tgid=91608 comm=postgres         mode=FILTER   target=0 nr/ret=0 allow=1
[seccomp] ts=28338534915298 pid=91608 tgid=91608 comm=postgres         mode=FILTER   target=0 nr/ret=-1 allow=0
[seccomp] ts=28338534915298 pid=91608 tgid=91608 comm=postgres         mode=FILTER   target=0 nr/ret=0 allow=1
[seccomp] ts=28338534918964 pid=91608 tgid=91608 comm=postgres         mode=FILTER   target=0 nr/ret=-1 allow=0
[seccomp] ts=28338534918964 pid=91608 tgid=91608 comm=postgres         mode=FILTER   target=0 nr/ret=0 allow=1
[seccomp] ts=28338534921548 pid=91608 tgid=91608 comm=postgres         mode=FILTER   target=0 nr/ret=-1 allow=0
[seccomp] ts=28338534921548 pid=91608 tgid=91608 comm=postgres         mode=FILTER   target=0 nr/ret=0 allow=1
[seccomp] ts=28338534925131 pid=91608 tgid=91608 comm=postgres         mode=FILTER   target=0 nr/ret=-1 allow=0
[seccomp] ts=28338534925131 pid=91608 tgid=91608 comm=postgres         mode=FILTER   target=0 nr/ret=0 allow=1
[seccomp] ts=28338534928589 pid=91608 tgid=91608 comm=postgres         mode=FILTER   target=0 nr/ret=-1 allow=0
[seccomp] ts=28338534928589 pid=91608 tgid=91608 comm=postgres         mode=FILTER   target=0 nr/ret=0 allow=1
[seccomp] ts=28338534932048 pid=91608 tgid=91608 comm=postgres         mode=FILTER   target=0 nr/ret=-1 allow=0
[seccomp] ts=28338534932048 pid=91608 tgid=91608 comm=postgres         mode=FILTER   target=0 nr/ret=0 allow=1
[seccomp] ts=28338534936631 pid=91608 tgid=91608 comm=postgres         mode=FILTER   target=0 nr/ret=-1 allow=0
[seccomp] ts=28338534936631 pid=91608 tgid=91608 comm=postgres         mode=FILTER   target=0 nr/ret=0 allow=1
[seccomp] ts=28338534938756 pid=91608 tgid=91608 comm=postgres         mode=FILTER   target=0 nr/ret=-1 allow=0
[seccomp] ts=28338534938756 pid=91608 tgid=91608 comm=postgres         mode=FILTER   target=0 nr/ret=0 allow=1
[seccomp] ts=28338534941214 pid=91608 tgid=91608 comm=postgres         mode=FILTER   target=0 nr/ret=-1 allow=0
[seccomp] ts=28338534941214 pid=91608 tgid=91608 comm=postgres         mode=FILTER   target=0 nr/ret=0 allow=1
[seccomp] ts=28338534943131 pid=91608 tgid=91608 comm=postgres         mode=FILTER   target=0 nr/ret=-1 allow=0
[seccomp] ts=28338534943131 pid=91608 tgid=91608 comm=postgres         mode=FILTER   target=0 nr/ret=0 allow=1
[seccomp] ts=28338534948881 pid=91608 tgid=91608 comm=postgres         mode=FILTER   target=0 nr/ret=-1 allow=0
[seccomp] ts=28338534948881 pid=91608 tgid=91608 comm=postgres         mode=FILTER   target=0 nr/ret=0 allow=1
[seccomp] ts=28338534951006 pid=91608 tgid=91608 comm=postgres         mode=FILTER   target=0 nr/ret=-1 allow=0
[seccomp] ts=28338534951006 pid=91608 tgid=91608 comm=postgres         mode=FILTER   target=0 nr/ret=0 allow=1
[seccomp] ts=28338534953464 pid=91608 tgid=91608 comm=postgres         mode=FILTER   target=0 nr/ret=-1 allow=0
[seccomp] ts=28338534953464 pid=91608 tgid=91608 comm=postgres         mode=FILTER   target=0 nr/ret=0 allow=1
[seccomp] ts=28338534961423 pid=91608 tgid=91608 comm=postgres         mode=FILTER   target=0 nr/ret=-1 allow=0
[seccomp] ts=28338534961423 pid=91608 tgid=91608 comm=postgres         mode=FILTER   target=0 nr/ret=0 allow=1
[seccomp] ts=28338534979381 pid=91608 tgid=91608 comm=postgres         mode=FILTER   target=0 nr/ret=-1 allow=0
[seccomp] ts=28338534979381 pid=91608 tgid=91608 comm=postgres         mode=FILTER   target=0 nr/ret=0 allow=1
[seccomp] ts=28338535033006 pid=91608 tgid=91608 comm=postgres         mode=FILTER   target=0 nr/ret=-1 allow=0
[seccomp] ts=28338535033006 pid=91608 tgid=91608 comm=postgres         mode=FILTER   target=0 nr/ret=0 allow=1
[seccomp] ts=28338535083214 pid=91608 tgid=91608 comm=postgres         mode=FILTER   target=0 nr/ret=-1 allow=0
[seccomp] ts=28338535083214 pid=91608 tgid=91608 comm=postgres         mode=FILTER   target=0 nr/ret=0 allow=1
[seccomp] ts=28338535138381 pid=91608 tgid=91608 comm=postgres         mode=FILTER   target=0 nr/ret=-1 allow=0
[seccomp] ts=28338535138381 pid=91608 tgid=91608 comm=postgres         mode=FILTER   target=0 nr/ret=0 allow=1
[seccomp] ts=28338535149464 pid=91608 tgid=91608 comm=postgres         mode=FILTER   target=0 nr/ret=-1 allow=0
[seccomp] ts=28338535149464 pid=91608 tgid=91608 comm=postgres         mode=FILTER   target=0 nr/ret=0 allow=1
[seccomp] ts=28338535187798 pid=91608 tgid=91608 comm=postgres         mode=FILTER   target=0 nr/ret=-1 allow=0
[seccomp] ts=28338535187798 pid=91608 tgid=91608 comm=postgres         mode=FILTER   target=0 nr/ret=0 allow=1
[seccomp] ts=28338535198298 pid=91608 tgid=91608 comm=postgres         mode=FILTER   target=0 nr/ret=-1 allow=0
[seccomp] ts=28338535198298 pid=91608 tgid=91608 comm=postgres         mode=FILTER   target=0 nr/ret=0 allow=1
[seccomp] ts=28338535212006 pid=91608 tgid=91608 comm=postgres         mode=FILTER   target=0 nr/ret=-1 allow=0
[seccomp] ts=28338535212006 pid=91608 tgid=91608 comm=postgres         mode=FILTER   target=0 nr/ret=0 allow=1
[seccomp] ts=28338535223964 pid=91608 tgid=91608 comm=postgres         mode=FILTER   target=0 nr/ret=-1 allow=0
[seccomp] ts=28338535223964 pid=91608 tgid=91608 comm=postgres         mode=FILTER   target=0 nr/ret=0 allow=1
[seccomp] ts=28338535232798 pid=91608 tgid=91608 comm=postgres         mode=FILTER   target=0 nr/ret=-1 allow=0
[seccomp] ts=28338535232798 pid=91608 tgid=91608 comm=postgres         mode=FILTER   target=0 nr/ret=0 allow=1
[seccomp] ts=28338535266381 pid=91608 tgid=91608 comm=postgres         mode=FILTER   target=0 nr/ret=-1 allow=0
[seccomp] ts=28338535266381 pid=91608 tgid=91608 comm=postgres         mode=FILTER   target=0 nr/ret=0 allow=1
[seccomp] ts=28338535275464 pid=91608 tgid=91608 comm=postgres         mode=FILTER   target=0 nr/ret=-1 allow=0
[seccomp] ts=28338535275464 pid=91608 tgid=91608 comm=postgres         mode=FILTER   target=0 nr/ret=0 allow=1
[seccomp] ts=28338535291339 pid=91608 tgid=91608 comm=postgres         mode=FILTER   target=0 nr/ret=-1 allow=0
[seccomp] ts=28338535291339 pid=91608 tgid=91608 comm=postgres         mode=FILTER   target=0 nr/ret=0 allow=1
[seccomp] ts=28338535305881 pid=91608 tgid=91608 comm=postgres         mode=FILTER   target=0 nr/ret=-1 allow=0
[seccomp] ts=28338535305881 pid=91608 tgid=91608 comm=postgres         mode=FILTER   target=0 nr/ret=0 allow=1
[seccomp] ts=28338535342173 pid=91608 tgid=91608 comm=postgres         mode=FILTER   target=0 nr/ret=-1 allow=0
[seccomp] ts=28338535342173 pid=91608 tgid=91608 comm=postgres         mode=FILTER   target=0 nr/ret=0 allow=1
[seccomp] ts=28338535344089 pid=91608 tgid=91608 comm=postgres         mode=FILTER   target=0 nr/ret=-1 allow=0
[seccomp] ts=28338535344089 pid=91608 tgid=91608 comm=postgres         mode=FILTER   target=0 nr/ret=0 allow=1
[seccomp] ts=28338535359423 pid=91608 tgid=91608 comm=postgres         mode=FILTER   target=0 nr/ret=-1 allow=0
[seccomp] ts=28338535359423 pid=91608 tgid=91608 comm=postgres         mode=FILTER   target=0 nr/ret=0 allow=1
[seccomp] ts=28338535374006 pid=91608 tgid=91608 comm=postgres         mode=FILTER   target=0 nr/ret=-1 allow=0
[seccomp] ts=28338535374006 pid=91608 tgid=91608 comm=postgres         mode=FILTER   target=0 nr/ret=0 allow=1
[seccomp] ts=28338535404714 pid=91608 tgid=91608 comm=postgres         mode=FILTER   target=0 nr/ret=-1 allow=0
[seccomp] ts=28338535404714 pid=91608 tgid=91608 comm=postgres         mode=FILTER   target=0 nr/ret=0 allow=1
[seccomp] ts=28338535425548 pid=91608 tgid=91608 comm=postgres         mode=FILTER   target=0 nr/ret=-1 allow=0
[seccomp] ts=28338535425548 pid=91608 tgid=91608 comm=postgres         mode=FILTER   target=0 nr/ret=0 allow=1
[seccomp] ts=28338535434881 pid=91608 tgid=91608 comm=postgres         mode=FILTER   target=0 nr/ret=-1 allow=0
[seccomp] ts=28338535434881 pid=91608 tgid=91608 comm=postgres         mode=FILTER   target=0 nr/ret=0 allow=1
[seccomp] ts=28338535461881 pid=91608 tgid=91608 comm=postgres         mode=FILTER   target=0 nr/ret=-1 allow=0
[seccomp] ts=28338535461881 pid=91608 tgid=91608 comm=postgres         mode=FILTER   target=0 nr/ret=0 allow=1
[seccomp] ts=28338535470298 pid=91608 tgid=91608 comm=postgres         mode=FILTER   target=0 nr/ret=-1 allow=0
[seccomp] ts=28338535470298 pid=91608 tgid=91608 comm=postgres         mode=FILTER   target=0 nr/ret=0 allow=1
[seccomp] ts=28338535477881 pid=91608 tgid=91608 comm=postgres         mode=FILTER   target=0 nr/ret=-1 allow=0
[seccomp] ts=28338535477881 pid=91608 tgid=91608 comm=postgres         mode=FILTER   target=0 nr/ret=0 allow=1
[seccomp] ts=28338535484381 pid=91608 tgid=91608 comm=postgres         mode=FILTER   target=0 nr/ret=-1 allow=0
[seccomp] ts=28338535484381 pid=91608 tgid=91608 comm=postgres         mode=FILTER   target=0 nr/ret=0 allow=1
[seccomp] ts=28338535492506 pid=91608 tgid=91608 comm=postgres         mode=FILTER   target=0 nr/ret=-1 allow=0
[seccomp] ts=28338535492506 pid=91608 tgid=91608 comm=postgres         mode=FILTER   target=0 nr/ret=0 allow=1
[seccomp] ts=28338535517006 pid=91608 tgid=91608 comm=postgres         mode=FILTER   target=0 nr/ret=-1 allow=0
[seccomp] ts=28338535517006 pid=91608 tgid=91608 comm=postgres         mode=FILTER   target=0 nr/ret=0 allow=1
[seccomp] ts=28338535537298 pid=91608 tgid=91608 comm=postgres         mode=FILTER   target=0 nr/ret=-1 allow=0
[seccomp] ts=28338535537298 pid=91608 tgid=91608 comm=postgres         mode=FILTER   target=0 nr/ret=0 allow=1
[seccomp] ts=28338535544298 pid=91608 tgid=91608 comm=postgres         mode=FILTER   target=0 nr/ret=-1 allow=0
[seccomp] ts=28338535544298 pid=91608 tgid=91608 comm=postgres         mode=FILTER   target=0 nr/ret=0 allow=1
[seccomp] ts=28338535550923 pid=91608 tgid=91608 comm=postgres         mode=FILTER   target=0 nr/ret=-1 allow=0
[seccomp] ts=28338535550923 pid=91608 tgid=91608 comm=postgres         mode=FILTER   target=0 nr/ret=0 allow=1
[seccomp] ts=28338535587006 pid=91608 tgid=91608 comm=postgres         mode=FILTER   target=0 nr/ret=-1 allow=0
[seccomp] ts=28338535587006 pid=91608 tgid=91608 comm=postgres         mode=FILTER   target=0 nr/ret=0 allow=1
[seccomp] ts=28338535594714 pid=91608 tgid=91608 comm=postgres         mode=FILTER   target=0 nr/ret=-1 allow=0
[seccomp] ts=28338535594714 pid=91608 tgid=91608 comm=postgres         mode=FILTER   target=0 nr/ret=0 allow=1
[seccomp] ts=28338535625506 pid=91608 tgid=91608 comm=postgres         mode=FILTER   target=0 nr/ret=-1 allow=0
[seccomp] ts=28338535625506 pid=91608 tgid=91608 comm=postgres         mode=FILTER   target=0 nr/ret=0 allow=1
[seccomp] ts=28338535657339 pid=91608 tgid=91608 comm=postgres         mode=FILTER   target=0 nr/ret=-1 allow=0
[seccomp] ts=28338535657339 pid=91608 tgid=91608 comm=postgres         mode=FILTER   target=0 nr/ret=0 allow=1
[seccomp] ts=28338535661214 pid=91608 tgid=91608 comm=postgres         mode=FILTER   target=0 nr/ret=-1 allow=0
[seccomp] ts=28338535661214 pid=91608 tgid=91608 comm=postgres         mode=FILTER   target=0 nr/ret=0 allow=1
[seccomp] ts=28338535662756 pid=91608 tgid=91608 comm=postgres         mode=FILTER   target=0 nr/ret=-1 allow=0
[seccomp] ts=28338535662756 pid=91608 tgid=91608 comm=postgres         mode=FILTER   target=0 nr/ret=0 allow=1
[seccomp] ts=28338535707839 pid=91608 tgid=91608 comm=postgres         mode=FILTER   target=0 nr/ret=-1 allow=0
[seccomp] ts=28338535707839 pid=91608 tgid=91608 comm=postgres         mode=FILTER   target=0 nr/ret=0 allow=1
[seccomp] ts=28338535786339 pid=91608 tgid=91608 comm=postgres         mode=FILTER   target=0 nr/ret=-1 allow=0
[seccomp] ts=28338535786339 pid=91608 tgid=91608 comm=postgres         mode=FILTER   target=0 nr/ret=0 allow=1
[seccomp] ts=28338535853631 pid=91608 tgid=91608 comm=postgres         mode=FILTER   target=0 nr/ret=-1 allow=0
[seccomp] ts=28338535853631 pid=91608 tgid=91608 comm=postgres         mode=FILTER   target=0 nr/ret=0 allow=1
[seccomp] ts=28338535917881 pid=91608 tgid=91608 comm=postgres         mode=FILTER   target=0 nr/ret=-1 allow=0
[seccomp] ts=28338535917881 pid=91608 tgid=91608 comm=postgres         mode=FILTER   target=0 nr/ret=0 allow=1
[seccomp] ts=28338535986923 pid=91608 tgid=91608 comm=postgres         mode=FILTER   target=0 nr/ret=-1 allow=0
[seccomp] ts=28338535986923 pid=91608 tgid=91608 comm=postgres         mode=FILTER   target=0 nr/ret=0 allow=1
[seccomp] ts=28338536034839 pid=91608 tgid=91608 comm=postgres         mode=FILTER   target=0 nr/ret=-1 allow=0
[seccomp] ts=28338536034839 pid=91608 tgid=91608 comm=postgres         mode=FILTER   target=0 nr/ret=0 allow=1
[seccomp] ts=28338536048298 pid=91608 tgid=91608 comm=postgres         mode=FILTER   target=0 nr/ret=-1 allow=0
[seccomp] ts=28338536048298 pid=91608 tgid=91608 comm=postgres         mode=FILTER   target=0 nr/ret=0 allow=1
[seccomp] ts=28338536055756 pid=91608 tgid=91608 comm=postgres         mode=FILTER   target=0 nr/ret=-1 allow=0
[seccomp] ts=28338536055756 pid=91608 tgid=91608 comm=postgres         mode=FILTER   target=0 nr/ret=0 allow=1
[seccomp] ts=28338536094631 pid=91608 tgid=91608 comm=postgres         mode=FILTER   target=0 nr/ret=-1 allow=0
[seccomp] ts=28338536094631 pid=91608 tgid=91608 comm=postgres         mode=FILTER   target=0 nr/ret=0 allow=1
[seccomp] ts=28338536108923 pid=91608 tgid=91608 comm=postgres         mode=FILTER   target=0 nr/ret=-1 allow=0
[seccomp] ts=28338536108923 pid=91608 tgid=91608 comm=postgres         mode=FILTER   target=0 nr/ret=0 allow=1
[seccomp] ts=28338536132381 pid=91608 tgid=91608 comm=postgres         mode=FILTER   target=0 nr/ret=-1 allow=0
[seccomp] ts=28338536132381 pid=91608 tgid=91608 comm=postgres         mode=FILTER   target=0 nr/ret=0 allow=1
[seccomp] ts=28338536138548 pid=91608 tgid=91608 comm=postgres         mode=FILTER   target=0 nr/ret=-1 allow=0
[seccomp] ts=28338536138548 pid=91608 tgid=91608 comm=postgres         mode=FILTER   target=0 nr/ret=0 allow=1
[seccomp] ts=28338536147423 pid=91608 tgid=91608 comm=postgres         mode=FILTER   target=0 nr/ret=-1 allow=0
[seccomp] ts=28338536147423 pid=91608 tgid=91608 comm=postgres         mode=FILTER   target=0 nr/ret=0 allow=1
[seccomp] ts=28338536150339 pid=91608 tgid=91608 comm=postgres         mode=FILTER   target=0 nr/ret=-1 allow=0
[seccomp] ts=28338536150339 pid=91608 tgid=91608 comm=postgres         mode=FILTER   target=0 nr/ret=0 allow=1
[seccomp] ts=28338536185964 pid=844 tgid=844 comm=postgres         mode=FILTER   target=0 nr/ret=-1 allow=0
[seccomp] ts=28338536191964 pid=91608 tgid=91608 comm=postgres         mode=FILTER   target=0 nr/ret=-1 allow=0
[seccomp] ts=28338536191964 pid=91608 tgid=91608 comm=postgres         mode=FILTER   target=0 nr/ret=0 allow=1
[seccomp] ts=28338536193714 pid=91608 tgid=91608 comm=postgres         mode=FILTER   target=0 nr/ret=-1 allow=0
[seccomp] ts=28338536193714 pid=91608 tgid=91608 comm=postgres         mode=FILTER   target=0 nr/ret=0 allow=1
[seccomp] ts=28338536198339 pid=91608 tgid=91608 comm=postgres         mode=FILTER   target=0 nr/ret=-1 allow=0
[seccomp] ts=28338536198339 pid=91608 tgid=91608 comm=postgres         mode=FILTER   target=0 nr/ret=0 allow=1
[seccomp] ts=28338536199381 pid=91608 tgid=91608 comm=postgres         mode=FILTER   target=0 nr/ret=-1 allow=0
[seccomp] ts=28338536199381 pid=91608 tgid=91608 comm=postgres         mode=FILTER   target=0 nr/ret=0 allow=1
[seccomp] ts=28338536200381 pid=91608 tgid=91608 comm=postgres         mode=FILTER   target=0 nr/ret=-1 allow=0
[seccomp] ts=28338536200381 pid=91608 tgid=91608 comm=postgres         mode=FILTER   target=0 nr/ret=0 allow=1
[seccomp] ts=28338536201381 pid=91608 tgid=91608 comm=postgres         mode=FILTER   target=0 nr/ret=-1 allow=0
[seccomp] ts=28338536201381 pid=91608 tgid=91608 comm=postgres         mode=FILTER   target=0 nr/ret=0 allow=1
[seccomp] ts=28338536185964 pid=844 tgid=844 comm=postgres         mode=FILTER   target=0 nr/ret=0 allow=1
[seccomp] ts=28338536209048 pid=844 tgid=844 comm=postgres         mode=FILTER   target=0 nr/ret=-1 allow=0
[seccomp] ts=28338536209048 pid=844 tgid=844 comm=postgres         mode=FILTER   target=0 nr/ret=0 allow=1
[seccomp] ts=28338536212923 pid=844 tgid=844 comm=postgres         mode=FILTER   target=0 nr/ret=-1 allow=0
[seccomp] ts=28338536212923 pid=844 tgid=844 comm=postgres         mode=FILTER   target=0 nr/ret=0 allow=1
[seccomp] ts=28338536214506 pid=844 tgid=844 comm=postgres         mode=FILTER   target=0 nr/ret=-1 allow=0
[seccomp] ts=28338536214506 pid=844 tgid=844 comm=postgres         mode=FILTER   target=0 nr/ret=0 allow=1
[seccomp] ts=28338536216464 pid=844 tgid=844 comm=postgres         mode=FILTER   target=0 nr/ret=-1 allow=0
[seccomp] ts=28338536216464 pid=844 tgid=844 comm=postgres         mode=FILTER   target=0 nr/ret=0 allow=1
[seccomp] ts=28338536354131 pid=91608 tgid=91608 comm=postgres         mode=FILTER   target=0 nr/ret=-1 allow=0
[seccomp] ts=28338536354131 pid=91608 tgid=91608 comm=postgres         mode=FILTER   target=0 nr/ret=0 allow=1
[seccomp] ts=28338536386673 pid=91608 tgid=91608 comm=postgres         mode=FILTER   target=0 nr/ret=-1 allow=0
[seccomp] ts=28338536386673 pid=91608 tgid=91608 comm=postgres         mode=FILTER   target=0 nr/ret=0 allow=1
[seccomp] ts=28338536407506 pid=91608 tgid=91608 comm=postgres         mode=FILTER   target=0 nr/ret=-1 allow=0
[seccomp] ts=28338536407506 pid=91608 tgid=91608 comm=postgres         mode=FILTER   target=0 nr/ret=0 allow=1
[seccomp] ts=28338536432839 pid=91608 tgid=91608 comm=postgres         mode=FILTER   target=0 nr/ret=-1 allow=0
[seccomp] ts=28338536432839 pid=91608 tgid=91608 comm=postgres         mode=FILTER   target=0 nr/ret=0 allow=1
[seccomp] ts=28338536442214 pid=91608 tgid=91608 comm=postgres         mode=FILTER   target=0 nr/ret=-1 allow=0
[seccomp] ts=28338536442214 pid=91608 tgid=91608 comm=postgres         mode=FILTER   target=0 nr/ret=0 allow=1
[seccomp] ts=28338536450548 pid=91608 tgid=91608 comm=postgres         mode=FILTER   target=0 nr/ret=-1 allow=0
[seccomp] ts=28338536450548 pid=91608 tgid=91608 comm=postgres         mode=FILTER   target=0 nr/ret=0 allow=1
[seccomp] ts=28338536465256 pid=91608 tgid=91608 comm=postgres         mode=FILTER   target=0 nr/ret=-1 allow=0
[seccomp] ts=28338536465256 pid=91608 tgid=91608 comm=postgres         mode=FILTER   target=0 nr/ret=0 allow=1
[seccomp] ts=28338536487298 pid=91608 tgid=91608 comm=postgres         mode=FILTER   target=0 nr/ret=-1 allow=0
[seccomp] ts=28338536487298 pid=91608 tgid=91608 comm=postgres         mode=FILTER   target=0 nr/ret=0 allow=1
[seccomp] ts=28338536493589 pid=91608 tgid=91608 comm=postgres         mode=FILTER   target=0 nr/ret=-1 allow=0
[seccomp] ts=28338536493589 pid=91608 tgid=91608 comm=postgres         mode=FILTER   target=0 nr/ret=0 allow=1
[seccomp] ts=28338536497506 pid=91608 tgid=91608 comm=postgres         mode=FILTER   target=0 nr/ret=-1 allow=0
[seccomp] ts=28338536497506 pid=91608 tgid=91608 comm=postgres         mode=FILTER   target=0 nr/ret=0 allow=1
[seccomp] ts=28338536500423 pid=91608 tgid=91608 comm=postgres         mode=FILTER   target=0 nr/ret=-1 allow=0
[seccomp] ts=28338536500423 pid=91608 tgid=91608 comm=postgres         mode=FILTER   target=0 nr/ret=0 allow=1
[seccomp] ts=28338536504923 pid=91608 tgid=91608 comm=postgres         mode=FILTER   target=0 nr/ret=-1 allow=0
[seccomp] ts=28338536504923 pid=91608 tgid=91608 comm=postgres         mode=FILTER   target=0 nr/ret=0 allow=1
[seccomp] ts=28338536507714 pid=91608 tgid=91608 comm=postgres         mode=FILTER   target=0 nr/ret=-1 allow=0
[seccomp] ts=28338536507714 pid=91608 tgid=91608 comm=postgres         mode=FILTER   target=0 nr/ret=0 allow=1
[seccomp] ts=28338536511548 pid=91608 tgid=91608 comm=postgres         mode=FILTER   target=0 nr/ret=-1 allow=0
[seccomp] ts=28338536511548 pid=91608 tgid=91608 comm=postgres         mode=FILTER   target=0 nr/ret=0 allow=1
[seccomp] ts=28338536516923 pid=91608 tgid=91608 comm=postgres         mode=FILTER   target=0 nr/ret=-1 allow=0
[seccomp] ts=28338536516923 pid=91608 tgid=91608 comm=postgres         mode=FILTER   target=0 nr/ret=0 allow=1
[seccomp] ts=28338536520923 pid=91608 tgid=91608 comm=postgres         mode=FILTER   target=0 nr/ret=-1 allow=0
[seccomp] ts=28338536520923 pid=91608 tgid=91608 comm=postgres         mode=FILTER   target=0 nr/ret=0 allow=1
[seccomp] ts=28338536524548 pid=91608 tgid=91608 comm=postgres         mode=FILTER   target=0 nr/ret=-1 allow=0
[seccomp] ts=28338536524548 pid=91608 tgid=91608 comm=postgres         mode=FILTER   target=0 nr/ret=0 allow=1
[seccomp] ts=28338536527756 pid=91608 tgid=91608 comm=postgres         mode=FILTER   target=0 nr/ret=-1 allow=0
[seccomp] ts=28338536527756 pid=91608 tgid=91608 comm=postgres         mode=FILTER   target=0 nr/ret=0 allow=1
[seccomp] ts=28338536533589 pid=91608 tgid=91608 comm=postgres         mode=FILTER   target=0 nr/ret=-1 allow=0
[seccomp] ts=28338536533589 pid=91608 tgid=91608 comm=postgres         mode=FILTER   target=0 nr/ret=0 allow=1
[seccomp] ts=28338536566506 pid=91608 tgid=91608 comm=postgres         mode=FILTER   target=0 nr/ret=-1 allow=0
[seccomp] ts=28338536566506 pid=91608 tgid=91608 comm=postgres         mode=FILTER   target=0 nr/ret=0 allow=1
[seccomp] ts=28338536593548 pid=91608 tgid=91608 comm=postgres         mode=FILTER   target=0 nr/ret=-1 allow=0
[seccomp] ts=28338536593548 pid=91608 tgid=91608 comm=postgres         mode=FILTER   target=0 nr/ret=0 allow=1
[seccomp] ts=28338536635256 pid=91608 tgid=91608 comm=postgres         mode=FILTER   target=0 nr/ret=-1 allow=0
[seccomp] ts=28338536635256 pid=91608 tgid=91608 comm=postgres         mode=FILTER   target=0 nr/ret=0 allow=1
[seccomp] ts=28338536656214 pid=91608 tgid=91608 comm=postgres         mode=FILTER   target=0 nr/ret=-1 allow=0
[seccomp] ts=28338536656214 pid=91608 tgid=91608 comm=postgres         mode=FILTER   target=0 nr/ret=0 allow=1
[seccomp] ts=28338536665381 pid=91608 tgid=91608 comm=postgres         mode=FILTER   target=0 nr/ret=-1 allow=0
[seccomp] ts=28338536665381 pid=91608 tgid=91608 comm=postgres         mode=FILTER   target=0 nr/ret=0 allow=1
[seccomp] ts=28338536669714 pid=91608 tgid=91608 comm=postgres         mode=FILTER   target=0 nr/ret=-1 allow=0
[seccomp] ts=28338536669714 pid=91608 tgid=91608 comm=postgres         mode=FILTER   target=0 nr/ret=0 allow=1
[seccomp] ts=28338536674131 pid=91608 tgid=91608 comm=postgres         mode=FILTER   target=0 nr/ret=-1 allow=0
[seccomp] ts=28338536674131 pid=91608 tgid=91608 comm=postgres         mode=FILTER   target=0 nr/ret=0 allow=1
[seccomp] ts=28338536677214 pid=91608 tgid=91608 comm=postgres         mode=FILTER   target=0 nr/ret=-1 allow=0
[seccomp] ts=28338536677214 pid=91608 tgid=91608 comm=postgres         mode=FILTER   target=0 nr/ret=0 allow=1
[seccomp] ts=28338536681298 pid=91608 tgid=91608 comm=postgres         mode=FILTER   target=0 nr/ret=-1 allow=0
[seccomp] ts=28338536681298 pid=91608 tgid=91608 comm=postgres         mode=FILTER   target=0 nr/ret=0 allow=1
[seccomp] ts=28338536684631 pid=91608 tgid=91608 comm=postgres         mode=FILTER   target=0 nr/ret=-1 allow=0
[seccomp] ts=28338536684631 pid=91608 tgid=91608 comm=postgres         mode=FILTER   target=0 nr/ret=0 allow=1
[seccomp] ts=28338536688381 pid=91608 tgid=91608 comm=postgres         mode=FILTER   target=0 nr/ret=-1 allow=0
[seccomp] ts=28338536688381 pid=91608 tgid=91608 comm=postgres         mode=FILTER   target=0 nr/ret=0 allow=1
[seccomp] ts=28338536692298 pid=91608 tgid=91608 comm=postgres         mode=FILTER   target=0 nr/ret=-1 allow=0
[seccomp] ts=28338536692298 pid=91608 tgid=91608 comm=postgres         mode=FILTER   target=0 nr/ret=0 allow=1
[seccomp] ts=28338536698298 pid=91608 tgid=91608 comm=postgres         mode=FILTER   target=0 nr/ret=-1 allow=0
[seccomp] ts=28338536698298 pid=91608 tgid=91608 comm=postgres         mode=FILTER   target=0 nr/ret=0 allow=1
[seccomp] ts=28338536704339 pid=91608 tgid=91608 comm=postgres         mode=FILTER   target=0 nr/ret=-1 allow=0
[seccomp] ts=28338536704339 pid=91608 tgid=91608 comm=postgres         mode=FILTER   target=0 nr/ret=0 allow=1
[seccomp] ts=28338536710964 pid=91608 tgid=91608 comm=postgres         mode=FILTER   target=0 nr/ret=-1 allow=0
[seccomp] ts=28338536710964 pid=91608 tgid=91608 comm=postgres         mode=FILTER   target=0 nr/ret=0 allow=1
[seccomp] ts=28338536712214 pid=91608 tgid=91608 comm=postgres         mode=FILTER   target=0 nr/ret=-1 allow=0
[seccomp] ts=28338536712214 pid=91608 tgid=91608 comm=postgres         mode=FILTER   target=0 nr/ret=0 allow=1
[seccomp] ts=28338536713256 pid=91608 tgid=91608 comm=postgres         mode=FILTER   target=0 nr/ret=-1 allow=0
[seccomp] ts=28338536713256 pid=91608 tgid=91608 comm=postgres         mode=FILTER   target=0 nr/ret=0 allow=1
[seccomp] ts=28338536714256 pid=91608 tgid=91608 comm=postgres         mode=FILTER   target=0 nr/ret=-1 allow=0
[seccomp] ts=28338536714256 pid=91608 tgid=91608 comm=postgres         mode=FILTER   target=0 nr/ret=0 allow=1
[seccomp] ts=28338536715631 pid=91608 tgid=91608 comm=postgres         mode=FILTER   target=0 nr/ret=-1 allow=0
[seccomp] ts=28338536715631 pid=91608 tgid=91608 comm=postgres         mode=FILTER   target=0 nr/ret=0 allow=1
[seccomp] ts=28338536716631 pid=91608 tgid=91608 comm=postgres         mode=FILTER   target=0 nr/ret=-1 allow=0
[seccomp] ts=28338536716631 pid=91608 tgid=91608 comm=postgres         mode=FILTER   target=0 nr/ret=0 allow=1
[seccomp] ts=28338536761714 pid=91608 tgid=91608 comm=postgres         mode=FILTER   target=0 nr/ret=-1 allow=0
[seccomp] ts=28338536761714 pid=91608 tgid=91608 comm=postgres         mode=FILTER   target=0 nr/ret=0 allow=1
[seccomp] ts=28338536793548 pid=91608 tgid=91608 comm=postgres         mode=FILTER   target=0 nr/ret=-1 allow=0
[seccomp] ts=28338536793548 pid=91608 tgid=91608 comm=postgres         mode=FILTER   target=0 nr/ret=0 allow=1
[seccomp] ts=28338536798339 pid=91608 tgid=91608 comm=postgres         mode=FILTER   target=0 nr/ret=-1 allow=0
[seccomp] ts=28338536798339 pid=91608 tgid=91608 comm=postgres         mode=FILTER   target=0 nr/ret=0 allow=1
[seccomp] ts=28338536802839 pid=91608 tgid=91608 comm=postgres         mode=FILTER   target=0 nr/ret=-1 allow=0
[seccomp] ts=28338536802839 pid=91608 tgid=91608 comm=postgres         mode=FILTER   target=0 nr/ret=0 allow=1
[seccomp] ts=28338536804298 pid=91608 tgid=91608 comm=postgres         mode=FILTER   target=0 nr/ret=-1 allow=0
[seccomp] ts=28338536804298 pid=91608 tgid=91608 comm=postgres         mode=FILTER   target=0 nr/ret=0 allow=1
[seccomp] ts=28338536852173 pid=91608 tgid=91608 comm=postgres         mode=FILTER   target=0 nr/ret=-1 allow=0
[seccomp] ts=28338536852173 pid=91608 tgid=91608 comm=postgres         mode=FILTER   target=0 nr/ret=0 allow=1
[seccomp] ts=28338536876506 pid=91608 tgid=91608 comm=postgres         mode=FILTER   target=0 nr/ret=-1 allow=0
[seccomp] ts=28338536876506 pid=91608 tgid=91608 comm=postgres         mode=FILTER   target=0 nr/ret=0 allow=1
[seccomp] ts=28338536881256 pid=91608 tgid=91608 comm=postgres         mode=FILTER   target=0 nr/ret=-1 allow=0
[seccomp] ts=28338536881256 pid=91608 tgid=91608 comm=postgres         mode=FILTER   target=0 nr/ret=0 allow=1
[seccomp] ts=28338536885006 pid=91608 tgid=91608 comm=postgres         mode=FILTER   target=0 nr/ret=-1 allow=0
[seccomp] ts=28338536885006 pid=91608 tgid=91608 comm=postgres         mode=FILTER   target=0 nr/ret=0 allow=1
[seccomp] ts=28338536887423 pid=91608 tgid=91608 comm=postgres         mode=FILTER   target=0 nr/ret=-1 allow=0
[seccomp] ts=28338536887423 pid=91608 tgid=91608 comm=postgres         mode=FILTER   target=0 nr/ret=0 allow=1
[seccomp] ts=28338537593548 pid=91608 tgid=91608 comm=postgres         mode=FILTER   target=0 nr/ret=-1 allow=0
[seccomp] ts=28338537593548 pid=91608 tgid=91608 comm=postgres         mode=FILTER   target=0 nr/ret=0 allow=1
[seccomp] ts=28338537921464 pid=648 tgid=648 comm=postgres         mode=FILTER   target=0 nr/ret=-1 allow=0
[seccomp] ts=28338537921464 pid=648 tgid=648 comm=postgres         mode=FILTER   target=0 nr/ret=0 allow=1
[seccomp] ts=28338537940548 pid=648 tgid=648 comm=postgres         mode=FILTER   target=0 nr/ret=-1 allow=0
[seccomp] ts=28338537940548 pid=648 tgid=648 comm=postgres         mode=FILTER   target=0 nr/ret=0 allow=1
[seccomp] ts=28338537943256 pid=648 tgid=648 comm=postgres         mode=FILTER   target=0 nr/ret=-1 allow=0
[seccomp] ts=28338537943256 pid=648 tgid=648 comm=postgres         mode=FILTER   target=0 nr/ret=0 allow=1
[seccomp] ts=28338537946631 pid=648 tgid=648 comm=postgres         mode=FILTER   target=0 nr/ret=-1 allow=0
[seccomp] ts=28338537946631 pid=648 tgid=648 comm=postgres         mode=FILTER   target=0 nr/ret=0 allow=1
[seccomp] ts=28338537949131 pid=648 tgid=648 comm=postgres         mode=FILTER   target=0 nr/ret=-1 allow=0
[seccomp] ts=28338537949131 pid=648 tgid=648 comm=postgres         mode=FILTER   target=0 nr/ret=0 allow=1
[seccomp] ts=28338537962298 pid=648 tgid=648 comm=postgres         mode=FILTER   target=0 nr/ret=-1 allow=0
[seccomp] ts=28338537962298 pid=648 tgid=648 comm=postgres         mode=FILTER   target=0 nr/ret=0 allow=1
[seccomp] ts=28338537964714 pid=648 tgid=648 comm=postgres         mode=FILTER   target=0 nr/ret=-1 allow=0
[seccomp] ts=28338537964714 pid=648 tgid=648 comm=postgres         mode=FILTER   target=0 nr/ret=0 allow=1
[seccomp] ts=28338544274298 pid=649 tgid=649 comm=redis-server     mode=FILTER   target=0 nr/ret=-1 allow=0
[seccomp] ts=28338544274298 pid=649 tgid=649 comm=redis-server     mode=FILTER   target=0 nr/ret=0 allow=1
[seccomp] ts=28338544307923 pid=649 tgid=649 comm=redis-server     mode=FILTER   target=0 nr/ret=-1 allow=0
[seccomp] ts=28338544307923 pid=649 tgid=649 comm=redis-server     mode=FILTER   target=0 nr/ret=0 allow=1
[seccomp] ts=28338544322714 pid=649 tgid=649 comm=redis-server     mode=FILTER   target=0 nr/ret=-1 allow=0
[seccomp] ts=28338544322714 pid=649 tgid=649 comm=redis-server     mode=FILTER   target=0 nr/ret=0 allow=1
[seccomp] ts=28338544724006 pid=649 tgid=649 comm=redis-server     mode=FILTER   target=0 nr/ret=-1 allow=0
[seccomp] ts=28338544724006 pid=649 tgid=649 comm=redis-server     mode=FILTER   target=0 nr/ret=0 allow=1
[seccomp] ts=28338647855964 pid=649 tgid=649 comm=redis-server     mode=FILTER   target=0 nr/ret=-1 allow=0
[seccomp] ts=28338647855964 pid=649 tgid=649 comm=redis-server     mode=FILTER   target=0 nr/ret=0 allow=1
[seccomp] ts=28338648057756 pid=649 tgid=649 comm=redis-server     mode=FILTER   target=0 nr/ret=-1 allow=0
[seccomp] ts=28338648057756 pid=649 tgid=649 comm=redis-server     mode=FILTER   target=0 nr/ret=0 allow=1
[seccomp] ts=28338648111714 pid=649 tgid=649 comm=redis-server     mode=FILTER   target=0 nr/ret=-1 allow=0
[seccomp] ts=28338648111714 pid=649 tgid=649 comm=redis-server     mode=FILTER   target=0 nr/ret=0 allow=1
[seccomp] ts=28338648573173 pid=649 tgid=649 comm=redis-server     mode=FILTER   target=0 nr/ret=-1 allow=0
[seccomp] ts=28338648573173 pid=649 tgid=649 comm=redis-server     mode=FILTER   target=0 nr/ret=0 allow=1
[seccomp] ts=28338752673840 pid=649 tgid=649 comm=redis-server     mode=FILTER   target=0 nr/ret=-1 allow=0
[seccomp] ts=28338752673840 pid=649 tgid=649 comm=redis-server     mode=FILTER   target=0 nr/ret=0 allow=1
[seccomp] ts=28338752867798 pid=649 tgid=649 comm=redis-server     mode=FILTER   target=0 nr/ret=-1 allow=0
[seccomp] ts=28338752867798 pid=649 tgid=649 comm=redis-server     mode=FILTER   target=0 nr/ret=0 allow=1
[seccomp] ts=28338752916465 pid=649 tgid=649 comm=redis-server     mode=FILTER   target=0 nr/ret=-1 allow=0
[seccomp] ts=28338752916465 pid=649 tgid=649 comm=redis-server     mode=FILTER   target=0 nr/ret=0 allow=1
[seccomp] ts=28338753438215 pid=649 tgid=649 comm=redis-server     mode=FILTER   target=0 nr/ret=-1 allow=0
[seccomp] ts=28338753438215 pid=649 tgid=649 comm=redis-server     mode=FILTER   target=0 nr/ret=0 allow=1
[seccomp] ts=28338854134631 pid=649 tgid=649 comm=redis-server     mode=FILTER   target=0 nr/ret=-1 allow=0
[seccomp] ts=28338854134631 pid=649 tgid=649 comm=redis-server     mode=FILTER   target=0 nr/ret=0 allow=1
[seccomp] ts=28338854194465 pid=649 tgid=649 comm=redis-server     mode=FILTER   target=0 nr/ret=-1 allow=0
[seccomp] ts=28338854194465 pid=649 tgid=649 comm=redis-server     mode=FILTER   target=0 nr/ret=0 allow=1
[seccomp] ts=28338854211423 pid=649 tgid=649 comm=redis-server     mode=FILTER   target=0 nr/ret=-1 allow=0
[seccomp] ts=28338854211423 pid=649 tgid=649 comm=redis-server     mode=FILTER   target=0 nr/ret=0 allow=1
[seccomp] ts=28338854614048 pid=649 tgid=649 comm=redis-server     mode=FILTER   target=0 nr/ret=-1 allow=0
[seccomp] ts=28338854614048 pid=649 tgid=649 comm=redis-server     mode=FILTER   target=0 nr/ret=0 allow=1
[seccomp] ts=28338957455631 pid=649 tgid=649 comm=redis-server     mode=FILTER   target=0 nr/ret=-1 allow=0
[seccomp] ts=28338957455631 pid=649 tgid=649 comm=redis-server     mode=FILTER   target=0 nr/ret=0 allow=1
[seccomp] ts=28338957624090 pid=649 tgid=649 comm=redis-server     mode=FILTER   target=0 nr/ret=-1 allow=0
[seccomp] ts=28338957624090 pid=649 tgid=649 comm=redis-server     mode=FILTER   target=0 nr/ret=0 allow=1
[seccomp] ts=28338957667506 pid=649 tgid=649 comm=redis-server     mode=FILTER   target=0 nr/ret=-1 allow=0
[seccomp] ts=28338957667506 pid=649 tgid=649 comm=redis-server     mode=FILTER   target=0 nr/ret=0 allow=1
[seccomp] ts=28338958229965 pid=649 tgid=649 comm=redis-server     mode=FILTER   target=0 nr/ret=-1 allow=0
[seccomp] ts=28338958229965 pid=649 tgid=649 comm=redis-server     mode=FILTER   target=0 nr/ret=0 allow=1
[seccomp] ts=28339063918298 pid=649 tgid=649 comm=redis-server     mode=FILTER   target=0 nr/ret=-1 allow=0
[seccomp] ts=28339063918298 pid=649 tgid=649 comm=redis-server     mode=FILTER   target=0 nr/ret=0 allow=1
[seccomp] ts=28339064118173 pid=649 tgid=649 comm=redis-server     mode=FILTER   target=0 nr/ret=-1 allow=0
[seccomp] ts=28339064118173 pid=649 tgid=649 comm=redis-server     mode=FILTER   target=0 nr/ret=0 allow=1
[seccomp] ts=28339064175423 pid=649 tgid=649 comm=redis-server     mode=FILTER   target=0 nr/ret=-1 allow=0
[seccomp] ts=28339064175423 pid=649 tgid=649 comm=redis-server     mode=FILTER   target=0 nr/ret=0 allow=1
[seccomp] ts=28339064888840 pid=649 tgid=649 comm=redis-server     mode=FILTER   target=0 nr/ret=-1 allow=0
[seccomp] ts=28339064888840 pid=649 tgid=649 comm=redis-server     mode=FILTER   target=0 nr/ret=0 allow=1
[seccomp] ts=28339168347840 pid=649 tgid=649 comm=redis-server     mode=FILTER   target=0 nr/ret=-1 allow=0
[seccomp] ts=28339168347840 pid=649 tgid=649 comm=redis-server     mode=FILTER   target=0 nr/ret=0 allow=1
[seccomp] ts=28339168482465 pid=649 tgid=649 comm=redis-server     mode=FILTER   target=0 nr/ret=-1 allow=0
[seccomp] ts=28339168482465 pid=649 tgid=649 comm=redis-server     mode=FILTER   target=0 nr/ret=0 allow=1
[seccomp] ts=28339168528006 pid=649 tgid=649 comm=redis-server     mode=FILTER   target=0 nr/ret=-1 allow=0
[seccomp] ts=28339168528006 pid=649 tgid=649 comm=redis-server     mode=FILTER   target=0 nr/ret=0 allow=1
[seccomp] ts=28339169082048 pid=649 tgid=649 comm=redis-server     mode=FILTER   target=0 nr/ret=-1 allow=0
[seccomp] ts=28339169082048 pid=649 tgid=649 comm=redis-server     mode=FILTER   target=0 nr/ret=0 allow=1
[seccomp] ts=28339275341715 pid=649 tgid=649 comm=redis-server     mode=FILTER   target=0 nr/ret=-1 allow=0
[seccomp] ts=28339275341715 pid=649 tgid=649 comm=redis-server     mode=FILTER   target=0 nr/ret=0 allow=1
[seccomp] ts=28339275729090 pid=649 tgid=649 comm=redis-server     mode=FILTER   target=0 nr/ret=-1 allow=0
[seccomp] ts=28339275729090 pid=649 tgid=649 comm=redis-server     mode=FILTER   target=0 nr/ret=0 allow=1
[seccomp] ts=28339275861006 pid=649 tgid=649 comm=redis-server     mode=FILTER   target=0 nr/ret=-1 allow=0
[seccomp] ts=28339275861006 pid=649 tgid=649 comm=redis-server     mode=FILTER   target=0 nr/ret=0 allow=1
[seccomp] ts=28339276902965 pid=649 tgid=649 comm=redis-server     mode=FILTER   target=0 nr/ret=-1 allow=0
[seccomp] ts=28339276902965 pid=649 tgid=649 comm=redis-server     mode=FILTER   target=0 nr/ret=0 allow=1
[seccomp] ts=28339378085923 pid=649 tgid=649 comm=redis-server     mode=FILTER   target=0 nr/ret=-1 allow=0
[seccomp] ts=28339378085923 pid=649 tgid=649 comm=redis-server     mode=FILTER   target=0 nr/ret=0 allow=1
[seccomp] ts=28339378309965 pid=649 tgid=649 comm=redis-server     mode=FILTER   target=0 nr/ret=-1 allow=0
[seccomp] ts=28339378309965 pid=649 tgid=649 comm=redis-server     mode=FILTER   target=0 nr/ret=0 allow=1
[seccomp] ts=28339378408381 pid=649 tgid=649 comm=redis-server     mode=FILTER   target=0 nr/ret=-1 allow=0
[seccomp] ts=28339378408381 pid=649 tgid=649 comm=redis-server     mode=FILTER   target=0 nr/ret=0 allow=1
[seccomp] ts=28339378933090 pid=649 tgid=649 comm=redis-server     mode=FILTER   target=0 nr/ret=-1 allow=0
[seccomp] ts=28339378933090 pid=649 tgid=649 comm=redis-server     mode=FILTER   target=0 nr/ret=0 allow=1
[seccomp] ts=28339480049798 pid=649 tgid=649 comm=redis-server     mode=FILTER   target=0 nr/ret=-1 allow=0
[seccomp] ts=28339480049798 pid=649 tgid=649 comm=redis-server     mode=FILTER   target=0 nr/ret=0 allow=1
[seccomp] ts=28339480157507 pid=649 tgid=649 comm=redis-server     mode=FILTER   target=0 nr/ret=-1 allow=0
[seccomp] ts=28339480157507 pid=649 tgid=649 comm=redis-server     mode=FILTER   target=0 nr/ret=0 allow=1
[seccomp] ts=28339480165007 pid=649 tgid=649 comm=redis-server     mode=FILTER   target=0 nr/ret=-1 allow=0
[seccomp] ts=28339480165007 pid=649 tgid=649 comm=redis-server     mode=FILTER   target=0 nr/ret=0 allow=1
[seccomp] ts=28339480378840 pid=649 tgid=649 comm=redis-server     mode=FILTER   target=0 nr/ret=-1 allow=0
[seccomp] ts=28339480378840 pid=649 tgid=649 comm=redis-server     mode=FILTER   target=0 nr/ret=0 allow=1
[seccomp] ts=28339584187548 pid=649 tgid=649 comm=redis-server     mode=FILTER   target=0 nr/ret=-1 allow=0
[seccomp] ts=28339584187548 pid=649 tgid=649 comm=redis-server     mode=FILTER   target=0 nr/ret=0 allow=1
[seccomp] ts=28339584226007 pid=649 tgid=649 comm=redis-server     mode=FILTER   target=0 nr/ret=-1 allow=0
[seccomp] ts=28339584226007 pid=649 tgid=649 comm=redis-server     mode=FILTER   target=0 nr/ret=0 allow=1
[seccomp] ts=28339584235632 pid=649 tgid=649 comm=redis-server     mode=FILTER   target=0 nr/ret=-1 allow=0
[seccomp] ts=28339584235632 pid=649 tgid=649 comm=redis-server     mode=FILTER   target=0 nr/ret=0 allow=1
[seccomp] ts=28339584452673 pid=649 tgid=649 comm=redis-server     mode=FILTER   target=0 nr/ret=-1 allow=0
[seccomp] ts=28339584452673 pid=649 tgid=649 comm=redis-server     mode=FILTER   target=0 nr/ret=0 allow=1
[seccomp] ts=28339687665298 pid=649 tgid=649 comm=redis-server     mode=FILTER   target=0 nr/ret=-1 allow=0
[seccomp] ts=28339687665298 pid=649 tgid=649 comm=redis-server     mode=FILTER   target=0 nr/ret=0 allow=1
[seccomp] ts=28339687715632 pid=649 tgid=649 comm=redis-server     mode=FILTER   target=0 nr/ret=-1 allow=0
[seccomp] ts=28339687715632 pid=649 tgid=649 comm=redis-server     mode=FILTER   target=0 nr/ret=0 allow=1
[seccomp] ts=28339687728590 pid=649 tgid=649 comm=redis-server     mode=FILTER   target=0 nr/ret=-1 allow=0
[seccomp] ts=28339687728590 pid=649 tgid=649 comm=redis-server     mode=FILTER   target=0 nr/ret=0 allow=1
[seccomp] ts=28339688054465 pid=649 tgid=649 comm=redis-server     mode=FILTER   target=0 nr/ret=-1 allow=0
[seccomp] ts=28339688054465 pid=649 tgid=649 comm=redis-server     mode=FILTER   target=0 nr/ret=0 allow=1
[seccomp] ts=28339791488382 pid=649 tgid=649 comm=redis-server     mode=FILTER   target=0 nr/ret=-1 allow=0
[seccomp] ts=28339791488382 pid=649 tgid=649 comm=redis-server     mode=FILTER   target=0 nr/ret=0 allow=1
[seccomp] ts=28339791570715 pid=649 tgid=649 comm=redis-server     mode=FILTER   target=0 nr/ret=-1 allow=0
[seccomp] ts=28339791570715 pid=649 tgid=649 comm=redis-server     mode=FILTER   target=0 nr/ret=0 allow=1
[seccomp] ts=28339791595132 pid=649 tgid=649 comm=redis-server     mode=FILTER   target=0 nr/ret=-1 allow=0
[seccomp] ts=28339791595132 pid=649 tgid=649 comm=redis-server     mode=FILTER   target=0 nr/ret=0 allow=1
[seccomp] ts=28339792073298 pid=649 tgid=649 comm=redis-server     mode=FILTER   target=0 nr/ret=-1 allow=0
[seccomp] ts=28339792073298 pid=649 tgid=649 comm=redis-server     mode=FILTER   target=0 nr/ret=0 allow=1
[seccomp] ts=28339898256257 pid=649 tgid=649 comm=redis-server     mode=FILTER   target=0 nr/ret=-1 allow=0
[seccomp] ts=28339898256257 pid=649 tgid=649 comm=redis-server     mode=FILTER   target=0 nr/ret=0 allow=1
[seccomp] ts=28339898391673 pid=649 tgid=649 comm=redis-server     mode=FILTER   target=0 nr/ret=-1 allow=0
[seccomp] ts=28339898391673 pid=649 tgid=649 comm=redis-server     mode=FILTER   target=0 nr/ret=0 allow=1
[seccomp] ts=28339898432257 pid=649 tgid=649 comm=redis-server     mode=FILTER   target=0 nr/ret=-1 allow=0
[seccomp] ts=28339898432257 pid=649 tgid=649 comm=redis-server     mode=FILTER   target=0 nr/ret=0 allow=1
[seccomp] ts=28339899752882 pid=649 tgid=649 comm=redis-server     mode=FILTER   target=0 nr/ret=-1 allow=0
[seccomp] ts=28339899752882 pid=649 tgid=649 comm=redis-server     mode=FILTER   target=0 nr/ret=0 allow=1
[seccomp] ts=28340003493173 pid=649 tgid=649 comm=redis-server     mode=FILTER   target=0 nr/ret=-1 allow=0
[seccomp] ts=28340003493173 pid=649 tgid=649 comm=redis-server     mode=FILTER   target=0 nr/ret=0 allow=1
[seccomp] ts=28340003575632 pid=649 tgid=649 comm=redis-server     mode=FILTER   target=0 nr/ret=-1 allow=0
[seccomp] ts=28340003575632 pid=649 tgid=649 comm=redis-server     mode=FILTER   target=0 nr/ret=0 allow=1
[seccomp] ts=28340003598673 pid=649 tgid=649 comm=redis-server     mode=FILTER   target=0 nr/ret=-1 allow=0
[seccomp] ts=28340003598673 pid=649 tgid=649 comm=redis-server     mode=FILTER   target=0 nr/ret=0 allow=1
[seccomp] ts=28340004306340 pid=649 tgid=649 comm=redis-server     mode=FILTER   target=0 nr/ret=-1 allow=0
[seccomp] ts=28340004306340 pid=649 tgid=649 comm=redis-server     mode=FILTER   target=0 nr/ret=0 allow=1
[seccomp] ts=28340108415257 pid=649 tgid=649 comm=redis-server     mode=FILTER   target=0 nr/ret=-1 allow=0
[seccomp] ts=28340108415257 pid=649 tgid=649 comm=redis-server     mode=FILTER   target=0 nr/ret=0 allow=1
[seccomp] ts=28340108489715 pid=649 tgid=649 comm=redis-server     mode=FILTER   target=0 nr/ret=-1 allow=0
[seccomp] ts=28340108489715 pid=649 tgid=649 comm=redis-server     mode=FILTER   target=0 nr/ret=0 allow=1
[seccomp] ts=28340108512673 pid=649 tgid=649 comm=redis-server     mode=FILTER   target=0 nr/ret=-1 allow=0
[seccomp] ts=28340108512673 pid=649 tgid=649 comm=redis-server     mode=FILTER   target=0 nr/ret=0 allow=1
[seccomp] ts=28340109454757 pid=649 tgid=649 comm=redis-server     mode=FILTER   target=0 nr/ret=-1 allow=0
[seccomp] ts=28340109454757 pid=649 tgid=649 comm=redis-server     mode=FILTER   target=0 nr/ret=0 allow=1
[seccomp] ts=28340198008174 pid=91670 tgid=91670 comm=runc:[2:INIT]    mode=FILTER   target=0 nr/ret=-1 allow=0
[seccomp] ts=28340198008174 pid=91670 tgid=91670 comm=runc:[2:INIT]    mode=FILTER   target=0 nr/ret=0 allow=1
[seccomp] ts=28340198053007 pid=91670 tgid=91670 comm=runc:[2:INIT]    mode=FILTER   target=0 nr/ret=-1 allow=0
[seccomp] ts=28340198053007 pid=91670 tgid=91670 comm=runc:[2:INIT]    mode=FILTER   target=0 nr/ret=0 allow=1
[seccomp] ts=28340198054882 pid=91670 tgid=91670 comm=runc:[2:INIT]    mode=FILTER   target=0 nr/ret=-1 allow=0
[seccomp] ts=28340198054882 pid=91670 tgid=91670 comm=runc:[2:INIT]    mode=FILTER   target=0 nr/ret=0 allow=1
[seccomp] ts=28340198056674 pid=91670 tgid=91670 comm=runc:[2:INIT]    mode=FILTER   target=0 nr/ret=-1 allow=0
[seccomp] ts=28340198056674 pid=91670 tgid=91670 comm=runc:[2:INIT]    mode=FILTER   target=0 nr/ret=0 allow=1
[seccomp] ts=28340198058674 pid=91670 tgid=91670 comm=runc:[2:INIT]    mode=FILTER   target=0 nr/ret=-1 allow=0
[seccomp] ts=28340198058674 pid=91670 tgid=91670 comm=runc:[2:INIT]    mode=FILTER   target=0 nr/ret=0 allow=1
[seccomp] ts=28340198075840 pid=91670 tgid=91670 comm=runc:[2:INIT]    mode=FILTER   target=0 nr/ret=-1 allow=0
[seccomp] ts=28340198075840 pid=91670 tgid=91670 comm=runc:[2:INIT]    mode=FILTER   target=0 nr/ret=0 allow=1
[seccomp] ts=28340198086840 pid=91670 tgid=91670 comm=runc:[2:INIT]    mode=FILTER   target=0 nr/ret=-1 allow=0
[seccomp] ts=28340198086840 pid=91670 tgid=91670 comm=runc:[2:INIT]    mode=FILTER   target=0 nr/ret=0 allow=1
[seccomp] ts=28340198088715 pid=91670 tgid=91670 comm=runc:[2:INIT]    mode=FILTER   target=0 nr/ret=-1 allow=0
[seccomp] ts=28340198088715 pid=91670 tgid=91670 comm=runc:[2:INIT]    mode=FILTER   target=0 nr/ret=0 allow=1
[seccomp] ts=28340198090424 pid=91670 tgid=91670 comm=runc:[2:INIT]    mode=FILTER   target=0 nr/ret=-1 allow=0
[seccomp] ts=28340198090424 pid=91670 tgid=91670 comm=runc:[2:INIT]    mode=FILTER   target=0 nr/ret=0 allow=1
[seccomp] ts=28340198092340 pid=91670 tgid=91670 comm=runc:[2:INIT]    mode=FILTER   target=0 nr/ret=-1 allow=0
[seccomp] ts=28340198092340 pid=91670 tgid=91670 comm=runc:[2:INIT]    mode=FILTER   target=0 nr/ret=0 allow=1
[seccomp] ts=28340198094090 pid=91670 tgid=91670 comm=runc:[2:INIT]    mode=FILTER   target=0 nr/ret=-1 allow=0
[seccomp] ts=28340198094090 pid=91670 tgid=91670 comm=runc:[2:INIT]    mode=FILTER   target=0 nr/ret=0 allow=1
[seccomp] ts=28340198098799 pid=91670 tgid=91670 comm=runc:[2:INIT]    mode=FILTER   target=0 nr/ret=-1 allow=0
[seccomp] ts=28340198098799 pid=91670 tgid=91670 comm=runc:[2:INIT]    mode=FILTER   target=0 nr/ret=0 allow=1
[seccomp] ts=28340198118715 pid=91670 tgid=91670 comm=runc:[2:INIT]    mode=FILTER   target=0 nr/ret=-1 allow=0
[seccomp] ts=28340198118715 pid=91670 tgid=91670 comm=runc:[2:INIT]    mode=FILTER   target=0 nr/ret=0 allow=1
[seccomp] ts=28340198138132 pid=91670 tgid=91670 comm=runc:[2:INIT]    mode=FILTER   target=0 nr/ret=-1 allow=0
[seccomp] ts=28340198138132 pid=91670 tgid=91670 comm=runc:[2:INIT]    mode=FILTER   target=0 nr/ret=0 allow=1
[seccomp] ts=28340198147757 pid=91670 tgid=91670 comm=runc:[2:INIT]    mode=FILTER   target=0 nr/ret=-1 allow=0
[seccomp] ts=28340198147757 pid=91670 tgid=91670 comm=runc:[2:INIT]    mode=FILTER   target=0 nr/ret=0 allow=1
[seccomp] ts=28340198161965 pid=91670 tgid=91670 comm=runc:[2:INIT]    mode=FILTER   target=0 nr/ret=-1 allow=0
[seccomp] ts=28340198161965 pid=91670 tgid=91670 comm=runc:[2:INIT]    mode=FILTER   target=0 nr/ret=0 allow=1
[seccomp] ts=28340198163465 pid=91670 tgid=91670 comm=runc:[2:INIT]    mode=FILTER   target=0 nr/ret=-1 allow=0
[seccomp] ts=28340198163465 pid=91670 tgid=91670 comm=runc:[2:INIT]    mode=FILTER   target=0 nr/ret=0 allow=1
[seccomp] ts=28340198164965 pid=91670 tgid=91670 comm=runc:[2:INIT]    mode=FILTER   target=0 nr/ret=-1 allow=0
[seccomp] ts=28340198164965 pid=91670 tgid=91670 comm=runc:[2:INIT]    mode=FILTER   target=0 nr/ret=0 allow=1
[seccomp] ts=28340198168924 pid=91670 tgid=91670 comm=runc:[2:INIT]    mode=FILTER   target=0 nr/ret=-1 allow=0
[seccomp] ts=28340198168924 pid=91670 tgid=91670 comm=runc:[2:INIT]    mode=FILTER   target=0 nr/ret=0 allow=1
[seccomp] ts=28340198213215 pid=91670 tgid=91670 comm=runc:[2:INIT]    mode=FILTER   target=0 nr/ret=-1 allow=0
[seccomp] ts=28340198213215 pid=91670 tgid=91670 comm=runc:[2:INIT]    mode=FILTER   target=0 nr/ret=0 allow=1
[seccomp] ts=28340198215674 pid=91670 tgid=91670 comm=runc:[2:INIT]    mode=FILTER   target=0 nr/ret=-1 allow=0
[seccomp] ts=28340198215674 pid=91670 tgid=91670 comm=runc:[2:INIT]    mode=FILTER   target=0 nr/ret=0 allow=1
[seccomp] ts=28340198240757 pid=91670 tgid=91670 comm=runc:[2:INIT]    mode=FILTER   target=0 nr/ret=-1 allow=0
[seccomp] ts=28340198240757 pid=91670 tgid=91670 comm=runc:[2:INIT]    mode=FILTER   target=0 nr/ret=0 allow=1
[seccomp] ts=28340198244215 pid=91670 tgid=91670 comm=runc:[2:INIT]    mode=FILTER   target=0 nr/ret=-1 allow=0
[seccomp] ts=28340198244215 pid=91670 tgid=91670 comm=runc:[2:INIT]    mode=FILTER   target=0 nr/ret=0 allow=1
[seccomp] ts=28340198246507 pid=91670 tgid=91670 comm=runc:[2:INIT]    mode=FILTER   target=0 nr/ret=-1 allow=0
[seccomp] ts=28340198246507 pid=91670 tgid=91670 comm=runc:[2:INIT]    mode=FILTER   target=0 nr/ret=0 allow=1
[seccomp] ts=28340198249882 pid=91670 tgid=91670 comm=runc:[2:INIT]    mode=FILTER   target=0 nr/ret=-1 allow=0
[seccomp] ts=28340198249882 pid=91670 tgid=91670 comm=runc:[2:INIT]    mode=FILTER   target=0 nr/ret=0 allow=1
[seccomp] ts=28340198251590 pid=91670 tgid=91670 comm=runc:[2:INIT]    mode=FILTER   target=0 nr/ret=-1 allow=0
[seccomp] ts=28340198251590 pid=91670 tgid=91670 comm=runc:[2:INIT]    mode=FILTER   target=0 nr/ret=0 allow=1
[seccomp] ts=28340198253299 pid=91670 tgid=91670 comm=runc:[2:INIT]    mode=FILTER   target=0 nr/ret=-1 allow=0
[seccomp] ts=28340198253299 pid=91670 tgid=91670 comm=runc:[2:INIT]    mode=FILTER   target=0 nr/ret=0 allow=1
[seccomp] ts=28340198254840 pid=91670 tgid=91670 comm=runc:[2:INIT]    mode=FILTER   target=0 nr/ret=-1 allow=0
[seccomp] ts=28340198254840 pid=91670 tgid=91670 comm=runc:[2:INIT]    mode=FILTER   target=0 nr/ret=0 allow=1
[seccomp] ts=28340198256257 pid=91670 tgid=91670 comm=runc:[2:INIT]    mode=FILTER   target=0 nr/ret=-1 allow=0
[seccomp] ts=28340198256257 pid=91670 tgid=91670 comm=runc:[2:INIT]    mode=FILTER   target=0 nr/ret=0 allow=1
[seccomp] ts=28340198257674 pid=91670 tgid=91670 comm=runc:[2:INIT]    mode=FILTER   target=0 nr/ret=-1 allow=0
[seccomp] ts=28340198257674 pid=91670 tgid=91670 comm=runc:[2:INIT]    mode=FILTER   target=0 nr/ret=0 allow=1
[seccomp] ts=28340198259174 pid=91670 tgid=91670 comm=runc:[2:INIT]    mode=FILTER   target=0 nr/ret=-1 allow=0
[seccomp] ts=28340198259174 pid=91670 tgid=91670 comm=runc:[2:INIT]    mode=FILTER   target=0 nr/ret=0 allow=1
[seccomp] ts=28340198260590 pid=91670 tgid=91670 comm=runc:[2:INIT]    mode=FILTER   target=0 nr/ret=-1 allow=0
[seccomp] ts=28340198260590 pid=91670 tgid=91670 comm=runc:[2:INIT]    mode=FILTER   target=0 nr/ret=0 allow=1
[seccomp] ts=28340198261965 pid=91670 tgid=91670 comm=runc:[2:INIT]    mode=FILTER   target=0 nr/ret=-1 allow=0
[seccomp] ts=28340198261965 pid=91670 tgid=91670 comm=runc:[2:INIT]    mode=FILTER   target=0 nr/ret=0 allow=1
[seccomp] ts=28340198263674 pid=91670 tgid=91670 comm=runc:[2:INIT]    mode=FILTER   target=0 nr/ret=-1 allow=0
[seccomp] ts=28340198263674 pid=91670 tgid=91670 comm=runc:[2:INIT]    mode=FILTER   target=0 nr/ret=0 allow=1
[seccomp] ts=28340198265090 pid=91670 tgid=91670 comm=runc:[2:INIT]    mode=FILTER   target=0 nr/ret=-1 allow=0
[seccomp] ts=28340198265090 pid=91670 tgid=91670 comm=runc:[2:INIT]    mode=FILTER   target=0 nr/ret=0 allow=1
[seccomp] ts=28340198266465 pid=91670 tgid=91670 comm=runc:[2:INIT]    mode=FILTER   target=0 nr/ret=-1 allow=0
[seccomp] ts=28340198266465 pid=91670 tgid=91670 comm=runc:[2:INIT]    mode=FILTER   target=0 nr/ret=0 allow=1
[seccomp] ts=28340198267924 pid=91670 tgid=91670 comm=runc:[2:INIT]    mode=FILTER   target=0 nr/ret=-1 allow=0
[seccomp] ts=28340198267924 pid=91670 tgid=91670 comm=runc:[2:INIT]    mode=FILTER   target=0 nr/ret=0 allow=1
[seccomp] ts=28340198269382 pid=91670 tgid=91670 comm=runc:[2:INIT]    mode=FILTER   target=0 nr/ret=-1 allow=0
[seccomp] ts=28340198269382 pid=91670 tgid=91670 comm=runc:[2:INIT]    mode=FILTER   target=0 nr/ret=0 allow=1
[seccomp] ts=28340198270965 pid=91670 tgid=91670 comm=runc:[2:INIT]    mode=FILTER   target=0 nr/ret=-1 allow=0
[seccomp] ts=28340198270965 pid=91670 tgid=91670 comm=runc:[2:INIT]    mode=FILTER   target=0 nr/ret=0 allow=1
[seccomp] ts=28340198273215 pid=91670 tgid=91670 comm=runc:[2:INIT]    mode=FILTER   target=0 nr/ret=-1 allow=0
[seccomp] ts=28340198273215 pid=91670 tgid=91670 comm=runc:[2:INIT]    mode=FILTER   target=0 nr/ret=0 allow=1
[seccomp] ts=28340198274924 pid=91670 tgid=91670 comm=runc:[2:INIT]    mode=FILTER   target=0 nr/ret=-1 allow=0
[seccomp] ts=28340198274924 pid=91670 tgid=91670 comm=runc:[2:INIT]    mode=FILTER   target=0 nr/ret=0 allow=1
[seccomp] ts=28340198276590 pid=91670 tgid=91670 comm=runc:[2:INIT]    mode=FILTER   target=0 nr/ret=-1 allow=0
[seccomp] ts=28340198276590 pid=91670 tgid=91670 comm=runc:[2:INIT]    mode=FILTER   target=0 nr/ret=0 allow=1
[seccomp] ts=28340198277965 pid=91670 tgid=91670 comm=runc:[2:INIT]    mode=FILTER   target=0 nr/ret=-1 allow=0
[seccomp] ts=28340198277965 pid=91670 tgid=91670 comm=runc:[2:INIT]    mode=FILTER   target=0 nr/ret=0 allow=1
[seccomp] ts=28340198279257 pid=91670 tgid=91670 comm=runc:[2:INIT]    mode=FILTER   target=0 nr/ret=-1 allow=0
[seccomp] ts=28340198279257 pid=91670 tgid=91670 comm=runc:[2:INIT]    mode=FILTER   target=0 nr/ret=0 allow=1
[seccomp] ts=28340198280549 pid=91670 tgid=91670 comm=runc:[2:INIT]    mode=FILTER   target=0 nr/ret=-1 allow=0
[seccomp] ts=28340198280549 pid=91670 tgid=91670 comm=runc:[2:INIT]    mode=FILTER   target=0 nr/ret=0 allow=1
[seccomp] ts=28340198281840 pid=91670 tgid=91670 comm=runc:[2:INIT]    mode=FILTER   target=0 nr/ret=-1 allow=0
[seccomp] ts=28340198281840 pid=91670 tgid=91670 comm=runc:[2:INIT]    mode=FILTER   target=0 nr/ret=0 allow=1
[seccomp] ts=28340198283090 pid=91670 tgid=91670 comm=runc:[2:INIT]    mode=FILTER   target=0 nr/ret=-1 allow=0
[seccomp] ts=28340198283090 pid=91670 tgid=91670 comm=runc:[2:INIT]    mode=FILTER   target=0 nr/ret=0 allow=1
[seccomp] ts=28340198284424 pid=91670 tgid=91670 comm=runc:[2:INIT]    mode=FILTER   target=0 nr/ret=-1 allow=0
[seccomp] ts=28340198284424 pid=91670 tgid=91670 comm=runc:[2:INIT]    mode=FILTER   target=0 nr/ret=0 allow=1
[seccomp] ts=28340198285799 pid=91670 tgid=91670 comm=runc:[2:INIT]    mode=FILTER   target=0 nr/ret=-1 allow=0
[seccomp] ts=28340198285799 pid=91670 tgid=91670 comm=runc:[2:INIT]    mode=FILTER   target=0 nr/ret=0 allow=1
[seccomp] ts=28340198287090 pid=91670 tgid=91670 comm=runc:[2:INIT]    mode=FILTER   target=0 nr/ret=-1 allow=0
[seccomp] ts=28340198287090 pid=91670 tgid=91670 comm=runc:[2:INIT]    mode=FILTER   target=0 nr/ret=0 allow=1
[seccomp] ts=28340198288924 pid=91670 tgid=91670 comm=runc:[2:INIT]    mode=FILTER   target=0 nr/ret=-1 allow=0
[seccomp] ts=28340198288924 pid=91670 tgid=91670 comm=runc:[2:INIT]    mode=FILTER   target=0 nr/ret=0 allow=1
[seccomp] ts=28340198291757 pid=91670 tgid=91670 comm=runc:[2:INIT]    mode=FILTER   target=0 nr/ret=-1 allow=0
[seccomp] ts=28340198291757 pid=91670 tgid=91670 comm=runc:[2:INIT]    mode=FILTER   target=0 nr/ret=0 allow=1
[seccomp] ts=28340198294382 pid=91670 tgid=91670 comm=runc:[2:INIT]    mode=FILTER   target=0 nr/ret=-1 allow=0
[seccomp] ts=28340198294382 pid=91670 tgid=91670 comm=runc:[2:INIT]    mode=FILTER   target=0 nr/ret=0 allow=1
[seccomp] ts=28340198296965 pid=91670 tgid=91670 comm=runc:[2:INIT]    mode=FILTER   target=0 nr/ret=-1 allow=0
[seccomp] ts=28340198296965 pid=91670 tgid=91670 comm=runc:[2:INIT]    mode=FILTER   target=0 nr/ret=0 allow=1
[seccomp] ts=28340198307299 pid=91670 tgid=91670 comm=runc:[2:INIT]    mode=FILTER   target=0 nr/ret=-1 allow=0
[seccomp] ts=28340198307299 pid=91670 tgid=91670 comm=runc:[2:INIT]    mode=FILTER   target=0 nr/ret=-1 allow=0
[seccomp] ts=28340198317507 pid=91670 tgid=91670 comm=runc:[2:INIT]    mode=FILTER   target=0 nr/ret=-1 allow=0
[seccomp] ts=28340198317507 pid=91670 tgid=91670 comm=runc:[2:INIT]    mode=FILTER   target=0 nr/ret=0 allow=1
[seccomp] ts=28340198320424 pid=91670 tgid=91670 comm=runc:[2:INIT]    mode=FILTER   target=0 nr/ret=-1 allow=0
[seccomp] ts=28340198320424 pid=91670 tgid=91670 comm=runc:[2:INIT]    mode=FILTER   target=0 nr/ret=0 allow=1
[seccomp] ts=28340198321882 pid=91670 tgid=91670 comm=runc:[2:INIT]    mode=FILTER   target=0 nr/ret=-1 allow=0
[seccomp] ts=28340198321882 pid=91670 tgid=91670 comm=runc:[2:INIT]    mode=FILTER   target=0 nr/ret=0 allow=1
[seccomp] ts=28340198324299 pid=91670 tgid=91670 comm=runc:[2:INIT]    mode=FILTER   target=0 nr/ret=-1 allow=0
[seccomp] ts=28340198324299 pid=91670 tgid=91670 comm=runc:[2:INIT]    mode=FILTER   target=0 nr/ret=0 allow=1
[seccomp] ts=28340198326632 pid=91670 tgid=91670 comm=runc:[2:INIT]    mode=FILTER   target=0 nr/ret=-1 allow=0
[seccomp] ts=28340198326632 pid=91670 tgid=91670 comm=runc:[2:INIT]    mode=FILTER   target=0 nr/ret=0 allow=1
[seccomp] ts=28340198329757 pid=91670 tgid=91670 comm=runc:[2:INIT]    mode=FILTER   target=0 nr/ret=-1 allow=0
[seccomp] ts=28340198329757 pid=91670 tgid=91670 comm=runc:[2:INIT]    mode=FILTER   target=0 nr/ret=0 allow=1
[seccomp] ts=28340198335007 pid=91670 tgid=91670 comm=runc:[2:INIT]    mode=FILTER   target=0 nr/ret=-1 allow=0
[seccomp] ts=28340198335007 pid=91670 tgid=91670 comm=runc:[2:INIT]    mode=FILTER   target=0 nr/ret=0 allow=1
[seccomp] ts=28340198337174 pid=91670 tgid=91670 comm=runc:[2:INIT]    mode=FILTER   target=0 nr/ret=-1 allow=0
[seccomp] ts=28340198337174 pid=91670 tgid=91670 comm=runc:[2:INIT]    mode=FILTER   target=0 nr/ret=0 allow=1
[seccomp] ts=28340198338632 pid=91670 tgid=91670 comm=runc:[2:INIT]    mode=FILTER   target=0 nr/ret=-1 allow=0
[seccomp] ts=28340198338632 pid=91670 tgid=91670 comm=runc:[2:INIT]    mode=FILTER   target=0 nr/ret=0 allow=1
[seccomp] ts=28340198340257 pid=91670 tgid=91670 comm=runc:[2:INIT]    mode=FILTER   target=0 nr/ret=-1 allow=0
[seccomp] ts=28340198340257 pid=91670 tgid=91670 comm=runc:[2:INIT]    mode=FILTER   target=0 nr/ret=0 allow=1
[seccomp] ts=28340198341757 pid=91670 tgid=91670 comm=runc:[2:INIT]    mode=FILTER   target=0 nr/ret=-1 allow=0
[seccomp] ts=28340198341757 pid=91670 tgid=91670 comm=runc:[2:INIT]    mode=FILTER   target=0 nr/ret=0 allow=1
[seccomp] ts=28340198343632 pid=91670 tgid=91670 comm=runc:[2:INIT]    mode=FILTER   target=0 nr/ret=-1 allow=0
[seccomp] ts=28340198343632 pid=91670 tgid=91670 comm=runc:[2:INIT]    mode=FILTER   target=0 nr/ret=0 allow=1
[seccomp] ts=28340198348090 pid=91670 tgid=91670 comm=runc:[2:INIT]    mode=FILTER   target=0 nr/ret=-1 allow=0
[seccomp] ts=28340198348090 pid=91670 tgid=91670 comm=runc:[2:INIT]    mode=FILTER   target=0 nr/ret=0 allow=1
[seccomp] ts=28340198349590 pid=91670 tgid=91670 comm=runc:[2:INIT]    mode=FILTER   target=0 nr/ret=-1 allow=0
[seccomp] ts=28340198349590 pid=91670 tgid=91670 comm=runc:[2:INIT]    mode=FILTER   target=0 nr/ret=0 allow=1
[seccomp] ts=28340198351674 pid=91670 tgid=91670 comm=runc:[2:INIT]    mode=FILTER   target=0 nr/ret=-1 allow=0
[seccomp] ts=28340198351674 pid=91670 tgid=91670 comm=runc:[2:INIT]    mode=FILTER   target=0 nr/ret=0 allow=1
[seccomp] ts=28340198354174 pid=91670 tgid=91670 comm=runc:[2:INIT]    mode=FILTER   target=0 nr/ret=-1 allow=0
[seccomp] ts=28340198354174 pid=91670 tgid=91670 comm=runc:[2:INIT]    mode=FILTER   target=0 nr/ret=0 allow=1
[seccomp] ts=28340198356674 pid=91670 tgid=91670 comm=runc:[2:INIT]    mode=FILTER   target=0 nr/ret=-1 allow=0
[seccomp] ts=28340198356674 pid=91670 tgid=91670 comm=runc:[2:INIT]    mode=FILTER   target=0 nr/ret=0 allow=1
[seccomp] ts=28340198370882 pid=91670 tgid=91670 comm=runc:[2:INIT]    mode=FILTER   target=0 nr/ret=-1 allow=0
[seccomp] ts=28340198370882 pid=91670 tgid=91670 comm=runc:[2:INIT]    mode=FILTER   target=0 nr/ret=0 allow=1
[seccomp] ts=28340198503382 pid=91670 tgid=91670 comm=runc:[2:INIT]    mode=FILTER   target=0 nr/ret=-1 allow=0
[seccomp] ts=28340198503382 pid=91670 tgid=91670 comm=runc:[2:INIT]    mode=FILTER   target=0 nr/ret=0 allow=1
[seccomp] ts=28340198567424 pid=91670 tgid=91670 comm=runc:[2:INIT]    mode=FILTER   target=0 nr/ret=-1 allow=0
[seccomp] ts=28340198567424 pid=91670 tgid=91670 comm=runc:[2:INIT]    mode=FILTER   target=0 nr/ret=0 allow=1
[seccomp] ts=28340198608674 pid=91670 tgid=91670 comm=runc:[2:INIT]    mode=FILTER   target=0 nr/ret=-1 allow=0
[seccomp] ts=28340198608674 pid=91670 tgid=91670 comm=runc:[2:INIT]    mode=FILTER   target=0 nr/ret=0 allow=1
[seccomp] ts=28340198612049 pid=91670 tgid=91670 comm=runc:[2:INIT]    mode=FILTER   target=0 nr/ret=-1 allow=0
[seccomp] ts=28340198612049 pid=91670 tgid=91670 comm=runc:[2:INIT]    mode=FILTER   target=0 nr/ret=0 allow=1
[seccomp] ts=28340198621715 pid=91670 tgid=91670 comm=runc:[2:INIT]    mode=FILTER   target=0 nr/ret=-1 allow=0
[seccomp] ts=28340198621715 pid=91670 tgid=91670 comm=runc:[2:INIT]    mode=FILTER   target=0 nr/ret=0 allow=1
[seccomp] ts=28340198641882 pid=91670 tgid=91670 comm=runc:[2:INIT]    mode=FILTER   target=0 nr/ret=-1 allow=0
[seccomp] ts=28340198641882 pid=91670 tgid=91670 comm=runc:[2:INIT]    mode=FILTER   target=0 nr/ret=0 allow=1
[seccomp] ts=28340198648340 pid=91670 tgid=91670 comm=runc:[2:INIT]    mode=FILTER   target=0 nr/ret=-1 allow=0
[seccomp] ts=28340198648340 pid=91670 tgid=91670 comm=runc:[2:INIT]    mode=FILTER   target=0 nr/ret=0 allow=1
[seccomp] ts=28340198665799 pid=91670 tgid=91670 comm=runc:[2:INIT]    mode=FILTER   target=0 nr/ret=-1 allow=0
[seccomp] ts=28340198665799 pid=91670 tgid=91670 comm=runc:[2:INIT]    mode=FILTER   target=0 nr/ret=0 allow=1
[seccomp] ts=28340198713757 pid=91670 tgid=91670 comm=runc:[2:INIT]    mode=FILTER   target=0 nr/ret=-1 allow=0
[seccomp] ts=28340198713757 pid=91670 tgid=91670 comm=runc:[2:INIT]    mode=FILTER   target=0 nr/ret=0 allow=1
[seccomp] ts=28340198716465 pid=91670 tgid=91670 comm=runc:[2:INIT]    mode=FILTER   target=0 nr/ret=-1 allow=0
[seccomp] ts=28340198716465 pid=91670 tgid=91670 comm=runc:[2:INIT]    mode=FILTER   target=0 nr/ret=0 allow=1
[seccomp] ts=28340198720465 pid=91670 tgid=91670 comm=runc:[2:INIT]    mode=FILTER   target=0 nr/ret=-1 allow=0
[seccomp] ts=28340198720465 pid=91670 tgid=91670 comm=runc:[2:INIT]    mode=FILTER   target=0 nr/ret=0 allow=1
[seccomp] ts=28340198723299 pid=91670 tgid=91670 comm=runc:[2:INIT]    mode=FILTER   target=0 nr/ret=-1 allow=0
[seccomp] ts=28340198723299 pid=91670 tgid=91670 comm=runc:[2:INIT]    mode=FILTER   target=0 nr/ret=0 allow=1
[seccomp] ts=28340198728799 pid=91670 tgid=91670 comm=runc:[2:INIT]    mode=FILTER   target=0 nr/ret=-1 allow=0
[seccomp] ts=28340198728799 pid=91670 tgid=91670 comm=runc:[2:INIT]    mode=FILTER   target=0 nr/ret=0 allow=1
[seccomp] ts=28340198778799 pid=91670 tgid=91670 comm=runc:[2:INIT]    mode=FILTER   target=0 nr/ret=-1 allow=0
[seccomp] ts=28340198778799 pid=91670 tgid=91670 comm=runc:[2:INIT]    mode=FILTER   target=0 nr/ret=0 allow=1
[seccomp] ts=28340198783715 pid=91670 tgid=91670 comm=runc:[2:INIT]    mode=FILTER   target=0 nr/ret=-1 allow=0
[seccomp] ts=28340198783715 pid=91670 tgid=91670 comm=runc:[2:INIT]    mode=FILTER   target=0 nr/ret=0 allow=1
[seccomp] ts=28340198786257 pid=91670 tgid=91670 comm=runc:[2:INIT]    mode=FILTER   target=0 nr/ret=-1 allow=0
[seccomp] ts=28340198786257 pid=91670 tgid=91670 comm=runc:[2:INIT]    mode=FILTER   target=0 nr/ret=0 allow=1
[seccomp] ts=28340198791590 pid=91670 tgid=91670 comm=runc:[2:INIT]    mode=FILTER   target=0 nr/ret=-1 allow=0
[seccomp] ts=28340198791590 pid=91670 tgid=91670 comm=runc:[2:INIT]    mode=FILTER   target=0 nr/ret=0 allow=1
[seccomp] ts=28340198796549 pid=91670 tgid=91670 comm=runc:[2:INIT]    mode=FILTER   target=0 nr/ret=-1 allow=0
[seccomp] ts=28340198796549 pid=91670 tgid=91670 comm=runc:[2:INIT]    mode=FILTER   target=0 nr/ret=0 allow=1
[seccomp] ts=28340198799049 pid=91670 tgid=91670 comm=runc:[2:INIT]    mode=FILTER   target=0 nr/ret=-1 allow=0
[seccomp] ts=28340198799049 pid=91670 tgid=91670 comm=runc:[2:INIT]    mode=FILTER   target=0 nr/ret=0 allow=1
[seccomp] ts=28340198804882 pid=91670 tgid=91670 comm=runc:[2:INIT]    mode=FILTER   target=0 nr/ret=-1 allow=0
[seccomp] ts=28340198804882 pid=91670 tgid=91670 comm=runc:[2:INIT]    mode=FILTER   target=0 nr/ret=0 allow=1
[seccomp] ts=28340198807799 pid=91670 tgid=91670 comm=runc:[2:INIT]    mode=FILTER   target=0 nr/ret=-1 allow=0
[seccomp] ts=28340198807799 pid=91670 tgid=91670 comm=runc:[2:INIT]    mode=FILTER   target=0 nr/ret=0 allow=1
[seccomp] ts=28340198811049 pid=91670 tgid=91670 comm=runc:[2:INIT]    mode=FILTER   target=0 nr/ret=-1 allow=0
[seccomp] ts=28340198811049 pid=91670 tgid=91670 comm=runc:[2:INIT]    mode=FILTER   target=0 nr/ret=0 allow=1
[seccomp] ts=28340198863174 pid=91670 tgid=91670 comm=runc:[2:INIT]    mode=FILTER   target=0 nr/ret=-1 allow=0
[seccomp] ts=28340198863174 pid=91670 tgid=91670 comm=runc:[2:INIT]    mode=FILTER   target=0 nr/ret=0 allow=1
[seccomp] ts=28340198868090 pid=91670 tgid=91670 comm=runc:[2:INIT]    mode=FILTER   target=0 nr/ret=-1 allow=0
[seccomp] ts=28340198868090 pid=91670 tgid=91670 comm=runc:[2:INIT]    mode=FILTER   target=0 nr/ret=0 allow=1
[seccomp] ts=28340198870132 pid=91670 tgid=91670 comm=runc:[2:INIT]    mode=FILTER   target=0 nr/ret=-1 allow=0
[seccomp] ts=28340198870132 pid=91670 tgid=91670 comm=runc:[2:INIT]    mode=FILTER   target=0 nr/ret=0 allow=1
[seccomp] ts=28340198876382 pid=91670 tgid=91670 comm=runc:[2:INIT]    mode=FILTER   target=0 nr/ret=-1 allow=0
[seccomp] ts=28340198876382 pid=91670 tgid=91670 comm=runc:[2:INIT]    mode=FILTER   target=0 nr/ret=0 allow=1
[seccomp] ts=28340198967465 pid=91670 tgid=91670 comm=runc:[2:INIT]    mode=FILTER   target=0 nr/ret=-1 allow=0
[seccomp] ts=28340198967465 pid=91670 tgid=91670 comm=runc:[2:INIT]    mode=FILTER   target=0 nr/ret=0 allow=1
[seccomp] ts=28340199019632 pid=91670 tgid=91670 comm=runc:[2:INIT]    mode=FILTER   target=0 nr/ret=-1 allow=0
[seccomp] ts=28340199019632 pid=91670 tgid=91670 comm=runc:[2:INIT]    mode=FILTER   target=0 nr/ret=0 allow=1
[seccomp] ts=28340199032965 pid=91670 tgid=91670 comm=runc:[2:INIT]    mode=FILTER   target=0 nr/ret=-1 allow=0
[seccomp] ts=28340199032965 pid=91670 tgid=91670 comm=runc:[2:INIT]    mode=FILTER   target=0 nr/ret=0 allow=1
[seccomp] ts=28340199072757 pid=91670 tgid=91670 comm=runc:[2:INIT]    mode=FILTER   target=0 nr/ret=-1 allow=0
[seccomp] ts=28340199072757 pid=91670 tgid=91670 comm=runc:[2:INIT]    mode=FILTER   target=0 nr/ret=0 allow=1
[seccomp] ts=28340199154590 pid=91670 tgid=91670 comm=runc:[2:INIT]    mode=FILTER   target=0 nr/ret=-1 allow=0
[seccomp] ts=28340199154590 pid=91670 tgid=91670 comm=runc:[2:INIT]    mode=FILTER   target=0 nr/ret=0 allow=1
[seccomp] ts=28340199156799 pid=91670 tgid=91670 comm=runc:[2:INIT]    mode=FILTER   target=0 nr/ret=-1 allow=0
[seccomp] ts=28340199156799 pid=91670 tgid=91670 comm=runc:[2:INIT]    mode=FILTER   target=0 nr/ret=0 allow=1
[seccomp] ts=28340199184757 pid=91670 tgid=91670 comm=runc:[2:INIT]    mode=FILTER   target=0 nr/ret=-1 allow=0
[seccomp] ts=28340199184757 pid=91670 tgid=91670 comm=runc:[2:INIT]    mode=FILTER   target=0 nr/ret=0 allow=1
[seccomp] ts=28340199186507 pid=91670 tgid=91670 comm=runc:[2:INIT]    mode=FILTER   target=0 nr/ret=-1 allow=0
[seccomp] ts=28340199186507 pid=91670 tgid=91670 comm=runc:[2:INIT]    mode=FILTER   target=0 nr/ret=0 allow=1
[seccomp] ts=28340199199049 pid=91670 tgid=91670 comm=runc:[2:INIT]    mode=FILTER   target=0 nr/ret=-1 allow=0
[seccomp] ts=28340199199049 pid=91670 tgid=91670 comm=runc:[2:INIT]    mode=FILTER   target=0 nr/ret=0 allow=1
[seccomp] ts=28340199201965 pid=91670 tgid=91670 comm=runc:[2:INIT]    mode=FILTER   target=0 nr/ret=-1 allow=0
[seccomp] ts=28340199201965 pid=91670 tgid=91670 comm=runc:[2:INIT]    mode=FILTER   target=0 nr/ret=0 allow=1
[seccomp] ts=28340199206715 pid=91670 tgid=91670 comm=runc:[2:INIT]    mode=FILTER   target=0 nr/ret=-1 allow=0
[seccomp] ts=28340199206715 pid=91670 tgid=91670 comm=runc:[2:INIT]    mode=FILTER   target=0 nr/ret=0 allow=1
[seccomp] ts=28340199252715 pid=91670 tgid=91670 comm=runc:[2:INIT]    mode=FILTER   target=0 nr/ret=-1 allow=0
[seccomp] ts=28340199252715 pid=91670 tgid=91670 comm=runc:[2:INIT]    mode=FILTER   target=0 nr/ret=0 allow=1
[seccomp] ts=28340199255174 pid=91670 tgid=91670 comm=runc:[2:INIT]    mode=FILTER   target=0 nr/ret=-1 allow=0
[seccomp] ts=28340199255174 pid=91670 tgid=91670 comm=runc:[2:INIT]    mode=FILTER   target=0 nr/ret=0 allow=1
[seccomp] ts=28340199261465 pid=91670 tgid=91670 comm=runc:[2:INIT]    mode=FILTER   target=0 nr/ret=-1 allow=0
[seccomp] ts=28340199261465 pid=91670 tgid=91670 comm=runc:[2:INIT]    mode=FILTER   target=0 nr/ret=0 allow=1
[seccomp] ts=28340199263257 pid=91670 tgid=91670 comm=runc:[2:INIT]    mode=FILTER   target=0 nr/ret=-1 allow=0
[seccomp] ts=28340199263257 pid=91670 tgid=91670 comm=runc:[2:INIT]    mode=FILTER   target=0 nr/ret=0 allow=1
[seccomp] ts=28340199278215 pid=91670 tgid=91670 comm=runc:[2:INIT]    mode=FILTER   target=0 nr/ret=-1 allow=0
[seccomp] ts=28340199278215 pid=91670 tgid=91670 comm=runc:[2:INIT]    mode=FILTER   target=0 nr/ret=0 allow=1
[seccomp] ts=28340199320507 pid=91670 tgid=91670 comm=runc:[2:INIT]    mode=FILTER   target=0 nr/ret=-1 allow=0
[seccomp] ts=28340199320507 pid=91670 tgid=91670 comm=runc:[2:INIT]    mode=FILTER   target=0 nr/ret=0 allow=1
[seccomp] ts=28340199333799 pid=91670 tgid=91670 comm=runc:[2:INIT]    mode=FILTER   target=0 nr/ret=-1 allow=0
[seccomp] ts=28340199333799 pid=91670 tgid=91670 comm=runc:[2:INIT]    mode=FILTER   target=0 nr/ret=0 allow=1
[seccomp] ts=28340199335090 pid=91670 tgid=91670 comm=runc:[2:INIT]    mode=FILTER   target=0 nr/ret=-1 allow=0
[seccomp] ts=28340199335090 pid=91670 tgid=91670 comm=runc:[2:INIT]    mode=FILTER   target=0 nr/ret=0 allow=1
[seccomp] ts=28340199344590 pid=91670 tgid=91670 comm=runc:[2:INIT]    mode=FILTER   target=0 nr/ret=-1 allow=0
[seccomp] ts=28340199344590 pid=91670 tgid=91670 comm=runc:[2:INIT]    mode=FILTER   target=0 nr/ret=0 allow=1
[seccomp] ts=28340199345840 pid=91670 tgid=91670 comm=runc:[2:INIT]    mode=FILTER   target=0 nr/ret=-1 allow=0
[seccomp] ts=28340199345840 pid=91670 tgid=91670 comm=runc:[2:INIT]    mode=FILTER   target=0 nr/ret=0 allow=1
[seccomp] ts=28340199365174 pid=91670 tgid=91670 comm=runc:[2:INIT]    mode=FILTER   target=0 nr/ret=-1 allow=0
[seccomp] ts=28340199365174 pid=91670 tgid=91670 comm=runc:[2:INIT]    mode=FILTER   target=0 nr/ret=0 allow=1
[seccomp] ts=28340199384340 pid=91670 tgid=91670 comm=runc:[2:INIT]    mode=FILTER   target=0 nr/ret=-1 allow=0
[seccomp] ts=28340199384340 pid=91670 tgid=91670 comm=runc:[2:INIT]    mode=FILTER   target=0 nr/ret=0 allow=1
[seccomp] ts=28340199395882 pid=91670 tgid=91670 comm=runc:[2:INIT]    mode=FILTER   target=0 nr/ret=-1 allow=0
[seccomp] ts=28340199395882 pid=91670 tgid=91670 comm=runc:[2:INIT]    mode=FILTER   target=0 nr/ret=0 allow=1
[seccomp] ts=28340199478465 pid=91670 tgid=91670 comm=runc:[2:INIT]    mode=FILTER   target=0 nr/ret=-1 allow=0
[seccomp] ts=28340199478465 pid=91670 tgid=91670 comm=runc:[2:INIT]    mode=FILTER   target=0 nr/ret=0 allow=1
[seccomp] ts=28340199507799 pid=91670 tgid=91670 comm=runc:[2:INIT]    mode=FILTER   target=0 nr/ret=-1 allow=0
[seccomp] ts=28340199507799 pid=91670 tgid=91670 comm=runc:[2:INIT]    mode=FILTER   target=0 nr/ret=0 allow=1
[seccomp] ts=28340199510840 pid=91670 tgid=91670 comm=runc:[2:INIT]    mode=FILTER   target=0 nr/ret=-1 allow=0
[seccomp] ts=28340199510840 pid=91670 tgid=91670 comm=runc:[2:INIT]    mode=FILTER   target=0 nr/ret=0 allow=1
[seccomp] ts=28340199514132 pid=91670 tgid=91670 comm=runc:[2:INIT]    mode=FILTER   target=0 nr/ret=-1 allow=0
[seccomp] ts=28340199514132 pid=91670 tgid=91670 comm=runc:[2:INIT]    mode=FILTER   target=0 nr/ret=0 allow=1
[seccomp] ts=28340199516132 pid=91670 tgid=91670 comm=runc:[2:INIT]    mode=FILTER   target=0 nr/ret=-1 allow=0
[seccomp] ts=28340199516132 pid=91670 tgid=91670 comm=runc:[2:INIT]    mode=FILTER   target=0 nr/ret=0 allow=1
[seccomp] ts=28340199517799 pid=91670 tgid=91670 comm=runc:[2:INIT]    mode=FILTER   target=0 nr/ret=-1 allow=0
[seccomp] ts=28340199517799 pid=91670 tgid=91670 comm=runc:[2:INIT]    mode=FILTER   target=0 nr/ret=0 allow=1
[seccomp] ts=28340199519257 pid=91670 tgid=91670 comm=runc:[2:INIT]    mode=FILTER   target=0 nr/ret=-1 allow=0
[seccomp] ts=28340199519257 pid=91670 tgid=91670 comm=runc:[2:INIT]    mode=FILTER   target=0 nr/ret=0 allow=1
[seccomp] ts=28340199520715 pid=91670 tgid=91670 comm=runc:[2:INIT]    mode=FILTER   target=0 nr/ret=-1 allow=0
[seccomp] ts=28340199520715 pid=91670 tgid=91670 comm=runc:[2:INIT]    mode=FILTER   target=0 nr/ret=0 allow=1
[seccomp] ts=28340199522965 pid=91670 tgid=91670 comm=runc:[2:INIT]    mode=FILTER   target=0 nr/ret=-1 allow=0
[seccomp] ts=28340199522965 pid=91670 tgid=91670 comm=runc:[2:INIT]    mode=FILTER   target=0 nr/ret=0 allow=1
[seccomp] ts=28340199524632 pid=91670 tgid=91670 comm=runc:[2:INIT]    mode=FILTER   target=0 nr/ret=-1 allow=0
[seccomp] ts=28340199524632 pid=91670 tgid=91670 comm=runc:[2:INIT]    mode=FILTER   target=0 nr/ret=0 allow=1
[seccomp] ts=28340199525965 pid=91670 tgid=91670 comm=runc:[2:INIT]    mode=FILTER   target=0 nr/ret=-1 allow=0
[seccomp] ts=28340199525965 pid=91670 tgid=91670 comm=runc:[2:INIT]    mode=FILTER   target=0 nr/ret=0 allow=1
[seccomp] ts=28340199527215 pid=91670 tgid=91670 comm=runc:[2:INIT]    mode=FILTER   target=0 nr/ret=-1 allow=0
[seccomp] ts=28340199527215 pid=91670 tgid=91670 comm=runc:[2:INIT]    mode=FILTER   target=0 nr/ret=0 allow=1
[seccomp] ts=28340199528590 pid=91670 tgid=91670 comm=runc:[2:INIT]    mode=FILTER   target=0 nr/ret=-1 allow=0
[seccomp] ts=28340199528590 pid=91670 tgid=91670 comm=runc:[2:INIT]    mode=FILTER   target=0 nr/ret=0 allow=1
[seccomp] ts=28340199530132 pid=91670 tgid=91670 comm=runc:[2:INIT]    mode=FILTER   target=0 nr/ret=-1 allow=0
[seccomp] ts=28340199530132 pid=91670 tgid=91670 comm=runc:[2:INIT]    mode=FILTER   target=0 nr/ret=0 allow=1
[seccomp] ts=28340199531507 pid=91670 tgid=91670 comm=runc:[2:INIT]    mode=FILTER   target=0 nr/ret=-1 allow=0
[seccomp] ts=28340199531507 pid=91670 tgid=91670 comm=runc:[2:INIT]    mode=FILTER   target=0 nr/ret=0 allow=1
[seccomp] ts=28340199533090 pid=91670 tgid=91670 comm=runc:[2:INIT]    mode=FILTER   target=0 nr/ret=-1 allow=0
[seccomp] ts=28340199533090 pid=91670 tgid=91670 comm=runc:[2:INIT]    mode=FILTER   target=0 nr/ret=0 allow=1
[seccomp] ts=28340199534382 pid=91670 tgid=91670 comm=runc:[2:INIT]    mode=FILTER   target=0 nr/ret=-1 allow=0
[seccomp] ts=28340199534382 pid=91670 tgid=91670 comm=runc:[2:INIT]    mode=FILTER   target=0 nr/ret=0 allow=1
[seccomp] ts=28340199535924 pid=91670 tgid=91670 comm=runc:[2:INIT]    mode=FILTER   target=0 nr/ret=-1 allow=0
[seccomp] ts=28340199535924 pid=91670 tgid=91670 comm=runc:[2:INIT]    mode=FILTER   target=0 nr/ret=0 allow=1
[seccomp] ts=28340199537215 pid=91670 tgid=91670 comm=runc:[2:INIT]    mode=FILTER   target=0 nr/ret=-1 allow=0
[seccomp] ts=28340199537215 pid=91670 tgid=91670 comm=runc:[2:INIT]    mode=FILTER   target=0 nr/ret=0 allow=1
[seccomp] ts=28340199538507 pid=91670 tgid=91670 comm=runc:[2:INIT]    mode=FILTER   target=0 nr/ret=-1 allow=0
[seccomp] ts=28340199538507 pid=91670 tgid=91670 comm=runc:[2:INIT]    mode=FILTER   target=0 nr/ret=0 allow=1
[seccomp] ts=28340199539840 pid=91670 tgid=91670 comm=runc:[2:INIT]    mode=FILTER   target=0 nr/ret=-1 allow=0
[seccomp] ts=28340199539840 pid=91670 tgid=91670 comm=runc:[2:INIT]    mode=FILTER   target=0 nr/ret=0 allow=1
[seccomp] ts=28340199541132 pid=91670 tgid=91670 comm=runc:[2:INIT]    mode=FILTER   target=0 nr/ret=-1 allow=0
[seccomp] ts=28340199541132 pid=91670 tgid=91670 comm=runc:[2:INIT]    mode=FILTER   target=0 nr/ret=0 allow=1
[seccomp] ts=28340199542465 pid=91670 tgid=91670 comm=runc:[2:INIT]    mode=FILTER   target=0 nr/ret=-1 allow=0
[seccomp] ts=28340199542465 pid=91670 tgid=91670 comm=runc:[2:INIT]    mode=FILTER   target=0 nr/ret=0 allow=1
[seccomp] ts=28340199544465 pid=91670 tgid=91670 comm=runc:[2:INIT]    mode=FILTER   target=0 nr/ret=-1 allow=0
[seccomp] ts=28340199544465 pid=91670 tgid=91670 comm=runc:[2:INIT]    mode=FILTER   target=0 nr/ret=0 allow=1
[seccomp] ts=28340199545799 pid=91670 tgid=91670 comm=runc:[2:INIT]    mode=FILTER   target=0 nr/ret=-1 allow=0
[seccomp] ts=28340199545799 pid=91670 tgid=91670 comm=runc:[2:INIT]    mode=FILTER   target=0 nr/ret=0 allow=1
[seccomp] ts=28340199547424 pid=91670 tgid=91670 comm=runc:[2:INIT]    mode=FILTER   target=0 nr/ret=-1 allow=0
[seccomp] ts=28340199547424 pid=91670 tgid=91670 comm=runc:[2:INIT]    mode=FILTER   target=0 nr/ret=0 allow=1
[seccomp] ts=28340199548715 pid=91670 tgid=91670 comm=runc:[2:INIT]    mode=FILTER   target=0 nr/ret=-1 allow=0
[seccomp] ts=28340199548715 pid=91670 tgid=91670 comm=runc:[2:INIT]    mode=FILTER   target=0 nr/ret=0 allow=1
[seccomp] ts=28340199550007 pid=91670 tgid=91670 comm=runc:[2:INIT]    mode=FILTER   target=0 nr/ret=-1 allow=0
[seccomp] ts=28340199550007 pid=91670 tgid=91670 comm=runc:[2:INIT]    mode=FILTER   target=0 nr/ret=0 allow=1
[seccomp] ts=28340199551257 pid=91670 tgid=91670 comm=runc:[2:INIT]    mode=FILTER   target=0 nr/ret=-1 allow=0
[seccomp] ts=28340199551257 pid=91670 tgid=91670 comm=runc:[2:INIT]    mode=FILTER   target=0 nr/ret=0 allow=1
[seccomp] ts=28340199552590 pid=91670 tgid=91670 comm=runc:[2:INIT]    mode=FILTER   target=0 nr/ret=-1 allow=0
[seccomp] ts=28340199552590 pid=91670 tgid=91670 comm=runc:[2:INIT]    mode=FILTER   target=0 nr/ret=0 allow=1
[seccomp] ts=28340199554007 pid=91670 tgid=91670 comm=runc:[2:INIT]    mode=FILTER   target=0 nr/ret=-1 allow=0
[seccomp] ts=28340199554007 pid=91670 tgid=91670 comm=runc:[2:INIT]    mode=FILTER   target=0 nr/ret=0 allow=1
[seccomp] ts=28340199556132 pid=91670 tgid=91670 comm=runc:[2:INIT]    mode=FILTER   target=0 nr/ret=-1 allow=0
[seccomp] ts=28340199556132 pid=91670 tgid=91670 comm=runc:[2:INIT]    mode=FILTER   target=0 nr/ret=0 allow=1
[seccomp] ts=28340199558132 pid=91670 tgid=91670 comm=runc:[2:INIT]    mode=FILTER   target=0 nr/ret=-1 allow=0
[seccomp] ts=28340199558132 pid=91670 tgid=91670 comm=runc:[2:INIT]    mode=FILTER   target=0 nr/ret=0 allow=1
[seccomp] ts=28340199565382 pid=91670 tgid=91670 comm=runc:[2:INIT]    mode=FILTER   target=0 nr/ret=-1 allow=0
[seccomp] ts=28340199565382 pid=91670 tgid=91670 comm=runc:[2:INIT]    mode=FILTER   target=0 nr/ret=0 allow=1
[seccomp] ts=28340199571674 pid=91670 tgid=91670 comm=runc:[2:INIT]    mode=FILTER   target=0 nr/ret=-1 allow=0
[seccomp] ts=28340199571674 pid=91670 tgid=91670 comm=runc:[2:INIT]    mode=FILTER   target=0 nr/ret=0 allow=1
[seccomp] ts=28340199581007 pid=91670 tgid=91670 comm=runc:[2:INIT]    mode=FILTER   target=0 nr/ret=-1 allow=0
[seccomp] ts=28340199581007 pid=91670 tgid=91670 comm=runc:[2:INIT]    mode=FILTER   target=0 nr/ret=0 allow=1
[seccomp] ts=28340199583840 pid=91670 tgid=91670 comm=runc:[2:INIT]    mode=FILTER   target=0 nr/ret=-1 allow=0
[seccomp] ts=28340199583840 pid=91670 tgid=91670 comm=runc:[2:INIT]    mode=FILTER   target=0 nr/ret=0 allow=1
[seccomp] ts=28340199627507 pid=91670 tgid=91670 comm=runc:[2:INIT]    mode=FILTER   target=0 nr/ret=-1 allow=0
[seccomp] ts=28340199627507 pid=91670 tgid=91670 comm=runc:[2:INIT]    mode=FILTER   target=0 nr/ret=0 allow=1
[seccomp] ts=28340199694674 pid=91670 tgid=91670 comm=runc:[2:INIT]    mode=FILTER   target=0 nr/ret=-1 allow=0
[seccomp] ts=28340199694674 pid=91670 tgid=91670 comm=runc:[2:INIT]    mode=FILTER   target=0 nr/ret=0 allow=1
[seccomp] ts=28340199720049 pid=91670 tgid=91670 comm=runc:[2:INIT]    mode=FILTER   target=0 nr/ret=-1 allow=0
[seccomp] ts=28340199720049 pid=91670 tgid=91670 comm=runc:[2:INIT]    mode=FILTER   target=0 nr/ret=0 allow=1
[seccomp] ts=28340199721590 pid=91670 tgid=91670 comm=runc:[2:INIT]    mode=FILTER   target=0 nr/ret=-1 allow=0
[seccomp] ts=28340199721590 pid=91670 tgid=91670 comm=runc:[2:INIT]    mode=FILTER   target=0 nr/ret=0 allow=1
[seccomp] ts=28340199723799 pid=91670 tgid=91670 comm=runc:[2:INIT]    mode=FILTER   target=0 nr/ret=-1 allow=0
[seccomp] ts=28340199723799 pid=91670 tgid=91670 comm=runc:[2:INIT]    mode=FILTER   target=0 nr/ret=0 allow=1
[seccomp] ts=28340199725507 pid=91670 tgid=91670 comm=runc:[2:INIT]    mode=FILTER   target=0 nr/ret=-1 allow=0
[seccomp] ts=28340199725507 pid=91670 tgid=91670 comm=runc:[2:INIT]    mode=FILTER   target=0 nr/ret=0 allow=1
[seccomp] ts=28340199728174 pid=91670 tgid=91670 comm=runc:[2:INIT]    mode=FILTER   target=0 nr/ret=-1 allow=0
[seccomp] ts=28340199728174 pid=91670 tgid=91670 comm=runc:[2:INIT]    mode=FILTER   target=0 nr/ret=0 allow=1
[seccomp] ts=28340199732757 pid=91670 tgid=91670 comm=runc:[2:INIT]    mode=FILTER   target=0 nr/ret=-1 allow=0
[seccomp] ts=28340199732757 pid=91670 tgid=91670 comm=runc:[2:INIT]    mode=FILTER   target=0 nr/ret=0 allow=1
[seccomp] ts=28340199734257 pid=91670 tgid=91670 comm=runc:[2:INIT]    mode=FILTER   target=0 nr/ret=-1 allow=0
[seccomp] ts=28340199734257 pid=91670 tgid=91670 comm=runc:[2:INIT]    mode=FILTER   target=0 nr/ret=0 allow=1
[seccomp] ts=28340199736132 pid=91670 tgid=91670 comm=runc:[2:INIT]    mode=FILTER   target=0 nr/ret=-1 allow=0
[seccomp] ts=28340199736132 pid=91670 tgid=91670 comm=runc:[2:INIT]    mode=FILTER   target=0 nr/ret=0 allow=1
[seccomp] ts=28340199738632 pid=91670 tgid=91670 comm=runc:[2:INIT]    mode=FILTER   target=0 nr/ret=-1 allow=0
[seccomp] ts=28340199738632 pid=91670 tgid=91670 comm=runc:[2:INIT]    mode=FILTER   target=0 nr/ret=0 allow=1
[seccomp] ts=28340199740632 pid=91670 tgid=91670 comm=runc:[2:INIT]    mode=FILTER   target=0 nr/ret=-1 allow=0
[seccomp] ts=28340199740632 pid=91670 tgid=91670 comm=runc:[2:INIT]    mode=FILTER   target=0 nr/ret=0 allow=1
[seccomp] ts=28340199746757 pid=91670 tgid=91670 comm=runc:[2:INIT]    mode=FILTER   target=0 nr/ret=-1 allow=0
[seccomp] ts=28340199746757 pid=91670 tgid=91670 comm=runc:[2:INIT]    mode=FILTER   target=0 nr/ret=0 allow=1
[seccomp] ts=28340199750590 pid=91670 tgid=91670 comm=runc:[2:INIT]    mode=FILTER   target=0 nr/ret=-1 allow=0
[seccomp] ts=28340199750590 pid=91670 tgid=91670 comm=runc:[2:INIT]    mode=FILTER   target=0 nr/ret=0 allow=1
[seccomp] ts=28340199752924 pid=91670 tgid=91670 comm=runc:[2:INIT]    mode=FILTER   target=0 nr/ret=-1 allow=0
[seccomp] ts=28340199752924 pid=91670 tgid=91670 comm=runc:[2:INIT]    mode=FILTER   target=0 nr/ret=0 allow=1
[seccomp] ts=28340199754299 pid=91670 tgid=91670 comm=runc:[2:INIT]    mode=FILTER   target=0 nr/ret=-1 allow=0
[seccomp] ts=28340199754299 pid=91670 tgid=91670 comm=runc:[2:INIT]    mode=FILTER   target=0 nr/ret=0 allow=1
[seccomp] ts=28340199756049 pid=91670 tgid=91670 comm=runc:[2:INIT]    mode=FILTER   target=0 nr/ret=-1 allow=0
[seccomp] ts=28340199756049 pid=91670 tgid=91670 comm=runc:[2:INIT]    mode=FILTER   target=0 nr/ret=0 allow=1
[seccomp] ts=28340199757799 pid=91670 tgid=91670 comm=runc:[2:INIT]    mode=FILTER   target=0 nr/ret=-1 allow=0
[seccomp] ts=28340199757799 pid=91670 tgid=91670 comm=runc:[2:INIT]    mode=FILTER   target=0 nr/ret=0 allow=1
[seccomp] ts=28340199759757 pid=91670 tgid=91670 comm=runc:[2:INIT]    mode=FILTER   target=0 nr/ret=-1 allow=0
[seccomp] ts=28340199759757 pid=91670 tgid=91670 comm=runc:[2:INIT]    mode=FILTER   target=0 nr/ret=0 allow=1
[seccomp] ts=28340199761674 pid=91670 tgid=91670 comm=runc:[2:INIT]    mode=FILTER   target=0 nr/ret=-1 allow=0
[seccomp] ts=28340199761674 pid=91670 tgid=91670 comm=runc:[2:INIT]    mode=FILTER   target=0 nr/ret=0 allow=1
[seccomp] ts=28340199763174 pid=91670 tgid=91670 comm=runc:[2:INIT]    mode=FILTER   target=0 nr/ret=-1 allow=0
[seccomp] ts=28340199763174 pid=91670 tgid=91670 comm=runc:[2:INIT]    mode=FILTER   target=0 nr/ret=0 allow=1
[seccomp] ts=28340199764840 pid=91670 tgid=91670 comm=runc:[2:INIT]    mode=FILTER   target=0 nr/ret=-1 allow=0
[seccomp] ts=28340199764840 pid=91670 tgid=91670 comm=runc:[2:INIT]    mode=FILTER   target=0 nr/ret=0 allow=1
[seccomp] ts=28340199766632 pid=91670 tgid=91670 comm=runc:[2:INIT]    mode=FILTER   target=0 nr/ret=-1 allow=0
[seccomp] ts=28340199766632 pid=91670 tgid=91670 comm=runc:[2:INIT]    mode=FILTER   target=0 nr/ret=0 allow=1
[seccomp] ts=28340199768424 pid=91670 tgid=91670 comm=runc:[2:INIT]    mode=FILTER   target=0 nr/ret=-1 allow=0
[seccomp] ts=28340199768424 pid=91670 tgid=91670 comm=runc:[2:INIT]    mode=FILTER   target=0 nr/ret=0 allow=1
[seccomp] ts=28340199770882 pid=91670 tgid=91670 comm=runc:[2:INIT]    mode=FILTER   target=0 nr/ret=-1 allow=0
[seccomp] ts=28340199770882 pid=91670 tgid=91670 comm=runc:[2:INIT]    mode=FILTER   target=0 nr/ret=0 allow=1
[seccomp] ts=28340199773299 pid=91670 tgid=91670 comm=runc:[2:INIT]    mode=FILTER   target=0 nr/ret=-1 allow=0
[seccomp] ts=28340199773299 pid=91670 tgid=91670 comm=runc:[2:INIT]    mode=FILTER   target=0 nr/ret=0 allow=1
[seccomp] ts=28340199775882 pid=91670 tgid=91670 comm=runc:[2:INIT]    mode=FILTER   target=0 nr/ret=-1 allow=0
[seccomp] ts=28340199775882 pid=91670 tgid=91670 comm=runc:[2:INIT]    mode=FILTER   target=0 nr/ret=0 allow=1
[seccomp] ts=28340199781840 pid=91670 tgid=91670 comm=runc:[2:INIT]    mode=FILTER   target=0 nr/ret=-1 allow=0
[seccomp] ts=28340199781840 pid=91670 tgid=91670 comm=runc:[2:INIT]    mode=FILTER   target=0 nr/ret=0 allow=1
[seccomp] ts=28340199785674 pid=91670 tgid=91670 comm=runc:[2:INIT]    mode=FILTER   target=0 nr/ret=-1 allow=0
[seccomp] ts=28340199785674 pid=91670 tgid=91670 comm=runc:[2:INIT]    mode=FILTER   target=0 nr/ret=0 allow=1
[seccomp] ts=28340199830590 pid=91670 tgid=91670 comm=runc:[2:INIT]    mode=FILTER   target=0 nr/ret=-1 allow=0
[seccomp] ts=28340199830590 pid=91670 tgid=91670 comm=runc:[2:INIT]    mode=FILTER   target=0 nr/ret=0 allow=1
[seccomp] ts=28340199839424 pid=91670 tgid=91670 comm=runc:[2:INIT]    mode=FILTER   target=0 nr/ret=-1 allow=0
[seccomp] ts=28340199839424 pid=91670 tgid=91670 comm=runc:[2:INIT]    mode=FILTER   target=0 nr/ret=0 allow=1
[seccomp] ts=28340199841507 pid=91670 tgid=91670 comm=runc:[2:INIT]    mode=FILTER   target=0 nr/ret=-1 allow=0
[seccomp] ts=28340199841507 pid=91670 tgid=91670 comm=runc:[2:INIT]    mode=FILTER   target=0 nr/ret=0 allow=1
[seccomp] ts=28340199843299 pid=91670 tgid=91670 comm=runc:[2:INIT]    mode=FILTER   target=0 nr/ret=-1 allow=0
[seccomp] ts=28340199843299 pid=91670 tgid=91670 comm=runc:[2:INIT]    mode=FILTER   target=0 nr/ret=0 allow=1
[seccomp] ts=28340199849215 pid=91670 tgid=91670 comm=runc:[2:INIT]    mode=FILTER   target=0 nr/ret=-1 allow=0
[seccomp] ts=28340199849215 pid=91670 tgid=91670 comm=runc:[2:INIT]    mode=FILTER   target=0 nr/ret=0 allow=1
[seccomp] ts=28340199903257 pid=91670 tgid=91670 comm=runc:[2:INIT]    mode=FILTER   target=0 nr/ret=-1 allow=0
[seccomp] ts=28340199903257 pid=91670 tgid=91670 comm=runc:[2:INIT]    mode=FILTER   target=0 nr/ret=0 allow=1
[seccomp] ts=28340200052465 pid=91670 tgid=91670 comm=runc:[2:INIT]    mode=FILTER   target=0 nr/ret=-1 allow=0
[seccomp] ts=28340200052465 pid=91670 tgid=91670 comm=runc:[2:INIT]    mode=FILTER   target=0 nr/ret=0 allow=1
[seccomp] ts=28340200066299 pid=91670 tgid=91670 comm=runc:[2:INIT]    mode=FILTER   target=0 nr/ret=-1 allow=0
[seccomp] ts=28340200066299 pid=91670 tgid=91670 comm=runc:[2:INIT]    mode=FILTER   target=0 nr/ret=0 allow=1
[seccomp] ts=28340200069757 pid=91670 tgid=91670 comm=runc:[2:INIT]    mode=FILTER   target=0 nr/ret=-1 allow=0
[seccomp] ts=28340200069757 pid=91670 tgid=91670 comm=runc:[2:INIT]    mode=FILTER   target=0 nr/ret=0 allow=1
[seccomp] ts=28340200073174 pid=91670 tgid=91670 comm=runc:[2:INIT]    mode=FILTER   target=0 nr/ret=-1 allow=0
[seccomp] ts=28340200073174 pid=91670 tgid=91670 comm=runc:[2:INIT]    mode=FILTER   target=0 nr/ret=0 allow=1
[seccomp] ts=28340200083424 pid=91670 tgid=91670 comm=runc:[2:INIT]    mode=FILTER   target=0 nr/ret=-1 allow=0
[seccomp] ts=28340200083424 pid=91670 tgid=91670 comm=runc:[2:INIT]    mode=FILTER   target=0 nr/ret=0 allow=1
[seccomp] ts=28340201077549 pid=91670 tgid=91670 comm=redis-cli        mode=FILTER   target=0 nr/ret=-1 allow=0
[seccomp] ts=28340201077549 pid=91670 tgid=91670 comm=redis-cli        mode=FILTER   target=0 nr/ret=0 allow=1
[seccomp] ts=28340201196965 pid=91670 tgid=91670 comm=redis-cli        mode=FILTER   target=0 nr/ret=-1 allow=0
[seccomp] ts=28340201196965 pid=91670 tgid=91670 comm=redis-cli        mode=FILTER   target=0 nr/ret=0 allow=1
[seccomp] ts=28340201239007 pid=91670 tgid=91670 comm=redis-cli        mode=FILTER   target=0 nr/ret=-1 allow=0
[seccomp] ts=28340201239007 pid=91670 tgid=91670 comm=redis-cli        mode=FILTER   target=0 nr/ret=0 allow=1
[seccomp] ts=28340201317049 pid=91670 tgid=91670 comm=redis-cli        mode=FILTER   target=0 nr/ret=-1 allow=0
[seccomp] ts=28340201317049 pid=91670 tgid=91670 comm=redis-cli        mode=FILTER   target=0 nr/ret=0 allow=1
[seccomp] ts=28340201390465 pid=91670 tgid=91670 comm=redis-cli        mode=FILTER   target=0 nr/ret=-1 allow=0
[seccomp] ts=28340201390465 pid=91670 tgid=91670 comm=redis-cli        mode=FILTER   target=0 nr/ret=0 allow=1
[seccomp] ts=28340201431257 pid=91670 tgid=91670 comm=redis-cli        mode=FILTER   target=0 nr/ret=-1 allow=0
[seccomp] ts=28340201431257 pid=91670 tgid=91670 comm=redis-cli        mode=FILTER   target=0 nr/ret=0 allow=1
[seccomp] ts=28340201477715 pid=91670 tgid=91670 comm=redis-cli        mode=FILTER   target=0 nr/ret=-1 allow=0
[seccomp] ts=28340201477715 pid=91670 tgid=91670 comm=redis-cli        mode=FILTER   target=0 nr/ret=0 allow=1
[seccomp] ts=28340201482924 pid=91670 tgid=91670 comm=redis-cli        mode=FILTER   target=0 nr/ret=-1 allow=0
[seccomp] ts=28340201482924 pid=91670 tgid=91670 comm=redis-cli        mode=FILTER   target=0 nr/ret=0 allow=1
[seccomp] ts=28340201489507 pid=91670 tgid=91670 comm=redis-cli        mode=FILTER   target=0 nr/ret=-1 allow=0
[seccomp] ts=28340201489507 pid=91670 tgid=91670 comm=redis-cli        mode=FILTER   target=0 nr/ret=0 allow=1
[seccomp] ts=28340201492132 pid=91670 tgid=91670 comm=redis-cli        mode=FILTER   target=0 nr/ret=-1 allow=0
[seccomp] ts=28340201492132 pid=91670 tgid=91670 comm=redis-cli        mode=FILTER   target=0 nr/ret=0 allow=1
[seccomp] ts=28340201494340 pid=91670 tgid=91670 comm=redis-cli        mode=FILTER   target=0 nr/ret=-1 allow=0
[seccomp] ts=28340201494340 pid=91670 tgid=91670 comm=redis-cli        mode=FILTER   target=0 nr/ret=0 allow=1
[seccomp] ts=28340201498840 pid=91670 tgid=91670 comm=redis-cli        mode=FILTER   target=0 nr/ret=-1 allow=0
[seccomp] ts=28340201498840 pid=91670 tgid=91670 comm=redis-cli        mode=FILTER   target=0 nr/ret=0 allow=1
[seccomp] ts=28340201505507 pid=91670 tgid=91670 comm=redis-cli        mode=FILTER   target=0 nr/ret=-1 allow=0
[seccomp] ts=28340201505507 pid=91670 tgid=91670 comm=redis-cli        mode=FILTER   target=0 nr/ret=0 allow=1
[seccomp] ts=28340201560049 pid=91670 tgid=91670 comm=redis-cli        mode=FILTER   target=0 nr/ret=-1 allow=0
[seccomp] ts=28340201560049 pid=91670 tgid=91670 comm=redis-cli        mode=FILTER   target=0 nr/ret=0 allow=1
[seccomp] ts=28340201635965 pid=91670 tgid=91670 comm=redis-cli        mode=FILTER   target=0 nr/ret=-1 allow=0
[seccomp] ts=28340201635965 pid=91670 tgid=91670 comm=redis-cli        mode=FILTER   target=0 nr/ret=0 allow=1
[seccomp] ts=28340201639549 pid=91670 tgid=91670 comm=redis-cli        mode=FILTER   target=0 nr/ret=-1 allow=0
[seccomp] ts=28340201639549 pid=91670 tgid=91670 comm=redis-cli        mode=FILTER   target=0 nr/ret=0 allow=1
[seccomp] ts=28340201644132 pid=91670 tgid=91670 comm=redis-cli        mode=FILTER   target=0 nr/ret=-1 allow=0
[seccomp] ts=28340201644132 pid=91670 tgid=91670 comm=redis-cli        mode=FILTER   target=0 nr/ret=0 allow=1
[seccomp] ts=28340201648840 pid=91670 tgid=91670 comm=redis-cli        mode=FILTER   target=0 nr/ret=-1 allow=0
[seccomp] ts=28340201648840 pid=91670 tgid=91670 comm=redis-cli        mode=FILTER   target=0 nr/ret=0 allow=1
[seccomp] ts=28340201730090 pid=91670 tgid=91670 comm=redis-cli        mode=FILTER   target=0 nr/ret=-1 allow=0
[seccomp] ts=28340201730090 pid=91670 tgid=91670 comm=redis-cli        mode=FILTER   target=0 nr/ret=0 allow=1
[seccomp] ts=28340201804049 pid=91670 tgid=91670 comm=redis-cli        mode=FILTER   target=0 nr/ret=-1 allow=0
[seccomp] ts=28340201804049 pid=91670 tgid=91670 comm=redis-cli        mode=FILTER   target=0 nr/ret=0 allow=1
[seccomp] ts=28340201808674 pid=91670 tgid=91670 comm=redis-cli        mode=FILTER   target=0 nr/ret=-1 allow=0
[seccomp] ts=28340201808674 pid=91670 tgid=91670 comm=redis-cli        mode=FILTER   target=0 nr/ret=0 allow=1
[seccomp] ts=28340201816090 pid=91670 tgid=91670 comm=redis-cli        mode=FILTER   target=0 nr/ret=-1 allow=0
[seccomp] ts=28340201816090 pid=91670 tgid=91670 comm=redis-cli        mode=FILTER   target=0 nr/ret=0 allow=1
[seccomp] ts=28340201864090 pid=91670 tgid=91670 comm=redis-cli        mode=FILTER   target=0 nr/ret=-1 allow=0
[seccomp] ts=28340201864090 pid=91670 tgid=91670 comm=redis-cli        mode=FILTER   target=0 nr/ret=0 allow=1
[seccomp] ts=28340201871382 pid=91670 tgid=91670 comm=redis-cli        mode=FILTER   target=0 nr/ret=-1 allow=0
[seccomp] ts=28340201871382 pid=91670 tgid=91670 comm=redis-cli        mode=FILTER   target=0 nr/ret=0 allow=1
[seccomp] ts=28340201895340 pid=91670 tgid=91670 comm=redis-cli        mode=FILTER   target=0 nr/ret=-1 allow=0
[seccomp] ts=28340201895340 pid=91670 tgid=91670 comm=redis-cli        mode=FILTER   target=0 nr/ret=0 allow=1
[seccomp] ts=28340202144507 pid=91670 tgid=91670 comm=redis-cli        mode=FILTER   target=0 nr/ret=-1 allow=0
[seccomp] ts=28340202144507 pid=91670 tgid=91670 comm=redis-cli        mode=FILTER   target=0 nr/ret=0 allow=1
[seccomp] ts=28340202511549 pid=91670 tgid=91670 comm=redis-cli        mode=FILTER   target=0 nr/ret=-1 allow=0
[seccomp] ts=28340202511549 pid=91670 tgid=91670 comm=redis-cli        mode=FILTER   target=0 nr/ret=0 allow=1
[seccomp] ts=28340202536590 pid=91670 tgid=91670 comm=redis-cli        mode=FILTER   target=0 nr/ret=-1 allow=0
[seccomp] ts=28340202536590 pid=91670 tgid=91670 comm=redis-cli        mode=FILTER   target=0 nr/ret=0 allow=1
[seccomp] ts=28340202673132 pid=91670 tgid=91670 comm=redis-cli        mode=FILTER   target=0 nr/ret=-1 allow=0
[seccomp] ts=28340202673132 pid=91670 tgid=91670 comm=redis-cli        mode=FILTER   target=0 nr/ret=0 allow=1
[seccomp] ts=28340202695132 pid=91670 tgid=91670 comm=redis-cli        mode=FILTER   target=0 nr/ret=-1 allow=0
[seccomp] ts=28340202695132 pid=91670 tgid=91670 comm=redis-cli        mode=FILTER   target=0 nr/ret=0 allow=1
[seccomp] ts=28340202740757 pid=91670 tgid=91670 comm=redis-cli        mode=FILTER   target=0 nr/ret=-1 allow=0
[seccomp] ts=28340202740757 pid=91670 tgid=91670 comm=redis-cli        mode=FILTER   target=0 nr/ret=0 allow=1
[seccomp] ts=28340202769882 pid=91670 tgid=91670 comm=redis-cli        mode=FILTER   target=0 nr/ret=-1 allow=0
[seccomp] ts=28340202769882 pid=91670 tgid=91670 comm=redis-cli        mode=FILTER   target=0 nr/ret=0 allow=1
[seccomp] ts=28340202797632 pid=91670 tgid=91670 comm=redis-cli        mode=FILTER   target=0 nr/ret=-1 allow=0
[seccomp] ts=28340202797632 pid=91670 tgid=91670 comm=redis-cli        mode=FILTER   target=0 nr/ret=0 allow=1
[seccomp] ts=28340202840715 pid=91670 tgid=91670 comm=redis-cli        mode=FILTER   target=0 nr/ret=-1 allow=0
[seccomp] ts=28340202840715 pid=91670 tgid=91670 comm=redis-cli        mode=FILTER   target=0 nr/ret=0 allow=1
[seccomp] ts=28340202863215 pid=91670 tgid=91670 comm=redis-cli        mode=FILTER   target=0 nr/ret=-1 allow=0
[seccomp] ts=28340202863215 pid=91670 tgid=91670 comm=redis-cli        mode=FILTER   target=0 nr/ret=0 allow=1
[seccomp] ts=28340202877090 pid=91670 tgid=91670 comm=redis-cli        mode=FILTER   target=0 nr/ret=-1 allow=0
[seccomp] ts=28340202877090 pid=91670 tgid=91670 comm=redis-cli        mode=FILTER   target=0 nr/ret=0 allow=1
[seccomp] ts=28340202894590 pid=91670 tgid=91670 comm=redis-cli        mode=FILTER   target=0 nr/ret=-1 allow=0
[seccomp] ts=28340202894590 pid=91670 tgid=91670 comm=redis-cli        mode=FILTER   target=0 nr/ret=0 allow=1
[seccomp] ts=28340202896549 pid=91670 tgid=91670 comm=redis-cli        mode=FILTER   target=0 nr/ret=-1 allow=0
[seccomp] ts=28340202896549 pid=91670 tgid=91670 comm=redis-cli        mode=FILTER   target=0 nr/ret=0 allow=1
[seccomp] ts=28340202904049 pid=91670 tgid=91670 comm=redis-cli        mode=FILTER   target=0 nr/ret=-1 allow=0
[seccomp] ts=28340202904049 pid=91670 tgid=91670 comm=redis-cli        mode=FILTER   target=0 nr/ret=0 allow=1
[seccomp] ts=28340202907590 pid=91670 tgid=91670 comm=redis-cli        mode=FILTER   target=0 nr/ret=-1 allow=0
[seccomp] ts=28340202907590 pid=91670 tgid=91670 comm=redis-cli        mode=FILTER   target=0 nr/ret=0 allow=1
[seccomp] ts=28340202910715 pid=91670 tgid=91670 comm=redis-cli        mode=FILTER   target=0 nr/ret=-1 allow=0
[seccomp] ts=28340202910715 pid=91670 tgid=91670 comm=redis-cli        mode=FILTER   target=0 nr/ret=0 allow=1
[seccomp] ts=28340202914049 pid=91670 tgid=91670 comm=redis-cli        mode=FILTER   target=0 nr/ret=-1 allow=0
[seccomp] ts=28340202914049 pid=91670 tgid=91670 comm=redis-cli        mode=FILTER   target=0 nr/ret=0 allow=1
[seccomp] ts=28340202918215 pid=91670 tgid=91670 comm=redis-cli        mode=FILTER   target=0 nr/ret=-1 allow=0
[seccomp] ts=28340202918215 pid=91670 tgid=91670 comm=redis-cli        mode=FILTER   target=0 nr/ret=0 allow=1
[seccomp] ts=28340202950882 pid=91670 tgid=91670 comm=redis-cli        mode=FILTER   target=0 nr/ret=-1 allow=0
[seccomp] ts=28340202950882 pid=91670 tgid=91670 comm=redis-cli        mode=FILTER   target=0 nr/ret=0 allow=1
[seccomp] ts=28340203078174 pid=91670 tgid=91670 comm=redis-cli        mode=FILTER   target=0 nr/ret=-1 allow=0
[seccomp] ts=28340203078174 pid=91670 tgid=91670 comm=redis-cli        mode=FILTER   target=0 nr/ret=0 allow=1
[seccomp] ts=28340203146549 pid=91670 tgid=91670 comm=redis-cli        mode=FILTER   target=0 nr/ret=-1 allow=0
[seccomp] ts=28340203146549 pid=91670 tgid=91670 comm=redis-cli        mode=FILTER   target=0 nr/ret=0 allow=1
[seccomp] ts=28340203343882 pid=91670 tgid=91670 comm=redis-cli        mode=FILTER   target=0 nr/ret=-1 allow=0
[seccomp] ts=28340203343882 pid=91670 tgid=91670 comm=redis-cli        mode=FILTER   target=0 nr/ret=0 allow=1
[seccomp] ts=28340203379590 pid=91670 tgid=91670 comm=redis-cli        mode=FILTER   target=0 nr/ret=-1 allow=0
[seccomp] ts=28340203379590 pid=91670 tgid=91670 comm=redis-cli        mode=FILTER   target=0 nr/ret=0 allow=1
[seccomp] ts=28340203397882 pid=91670 tgid=91670 comm=redis-cli        mode=FILTER   target=0 nr/ret=-1 allow=0
[seccomp] ts=28340203397882 pid=91670 tgid=91670 comm=redis-cli        mode=FILTER   target=0 nr/ret=0 allow=1
[seccomp] ts=28340203429174 pid=91670 tgid=91670 comm=redis-cli        mode=FILTER   target=0 nr/ret=-1 allow=0
[seccomp] ts=28340203429174 pid=91670 tgid=91670 comm=redis-cli        mode=FILTER   target=0 nr/ret=0 allow=1
[seccomp] ts=28340203466090 pid=91670 tgid=91670 comm=redis-cli        mode=FILTER   target=0 nr/ret=-1 allow=0
[seccomp] ts=28340203466090 pid=91670 tgid=91670 comm=redis-cli        mode=FILTER   target=0 nr/ret=0 allow=1
[seccomp] ts=28340203500632 pid=91670 tgid=91670 comm=redis-cli        mode=FILTER   target=0 nr/ret=-1 allow=0
[seccomp] ts=28340203500632 pid=91670 tgid=91670 comm=redis-cli        mode=FILTER   target=0 nr/ret=0 allow=1
[seccomp] ts=28340203502174 pid=91670 tgid=91670 comm=redis-cli        mode=FILTER   target=0 nr/ret=-1 allow=0
[seccomp] ts=28340203502174 pid=91670 tgid=91670 comm=redis-cli        mode=FILTER   target=0 nr/ret=0 allow=1
[seccomp] ts=28340203628424 pid=91670 tgid=91670 comm=redis-cli        mode=FILTER   target=0 nr/ret=-1 allow=0
[seccomp] ts=28340203628424 pid=91670 tgid=91670 comm=redis-cli        mode=FILTER   target=0 nr/ret=0 allow=1
[seccomp] ts=28340203649465 pid=91670 tgid=91670 comm=redis-cli        mode=FILTER   target=0 nr/ret=-1 allow=0
[seccomp] ts=28340203649465 pid=91670 tgid=91670 comm=redis-cli        mode=FILTER   target=0 nr/ret=0 allow=1
[seccomp] ts=28340203651632 pid=91670 tgid=91670 comm=redis-cli        mode=FILTER   target=0 nr/ret=-1 allow=0
[seccomp] ts=28340203651632 pid=91670 tgid=91670 comm=redis-cli        mode=FILTER   target=0 nr/ret=0 allow=1
[seccomp] ts=28340203660340 pid=91670 tgid=91670 comm=redis-cli        mode=FILTER   target=0 nr/ret=-1 allow=0
[seccomp] ts=28340203660340 pid=91670 tgid=91670 comm=redis-cli        mode=FILTER   target=0 nr/ret=0 allow=1
[seccomp] ts=28340203661549 pid=91670 tgid=91670 comm=redis-cli        mode=FILTER   target=0 nr/ret=-1 allow=0
[seccomp] ts=28340203661549 pid=91670 tgid=91670 comm=redis-cli        mode=FILTER   target=0 nr/ret=0 allow=1
[seccomp] ts=28340203663882 pid=91670 tgid=91670 comm=redis-cli        mode=FILTER   target=0 nr/ret=-1 allow=0
[seccomp] ts=28340203663882 pid=91670 tgid=91670 comm=redis-cli        mode=FILTER   target=0 nr/ret=0 allow=1
[seccomp] ts=28340203667799 pid=91670 tgid=91670 comm=redis-cli        mode=FILTER   target=0 nr/ret=-1 allow=0
[seccomp] ts=28340203667799 pid=91670 tgid=91670 comm=redis-cli        mode=FILTER   target=0 nr/ret=0 allow=1
[seccomp] ts=28340203667674 pid=649 tgid=649 comm=redis-server     mode=FILTER   target=0 nr/ret=-1 allow=0
[seccomp] ts=28340203667674 pid=649 tgid=649 comm=redis-server     mode=FILTER   target=0 nr/ret=0 allow=1
[seccomp] ts=28340203669799 pid=91670 tgid=91670 comm=redis-cli        mode=FILTER   target=0 nr/ret=-1 allow=0
[seccomp] ts=28340203669799 pid=91670 tgid=91670 comm=redis-cli        mode=FILTER   target=0 nr/ret=0 allow=1
[seccomp] ts=28340203671215 pid=91670 tgid=91670 comm=redis-cli        mode=FILTER   target=0 nr/ret=-1 allow=0
[seccomp] ts=28340203671215 pid=91670 tgid=91670 comm=redis-cli        mode=FILTER   target=0 nr/ret=0 allow=1
[seccomp] ts=28340203683715 pid=91670 tgid=91670 comm=redis-cli        mode=FILTER   target=0 nr/ret=-1 allow=0
[seccomp] ts=28340203686882 pid=649 tgid=649 comm=redis-server     mode=FILTER   target=0 nr/ret=-1 allow=0
[seccomp] ts=28340203686882 pid=649 tgid=649 comm=redis-server     mode=FILTER   target=0 nr/ret=0 allow=1
[seccomp] ts=28340203689007 pid=649 tgid=649 comm=redis-server     mode=FILTER   target=0 nr/ret=-1 allow=0
[seccomp] ts=28340203689007 pid=649 tgid=649 comm=redis-server     mode=FILTER   target=0 nr/ret=0 allow=1
[seccomp] ts=28340203691132 pid=649 tgid=649 comm=redis-server     mode=FILTER   target=0 nr/ret=-1 allow=0
[seccomp] ts=28340203691132 pid=649 tgid=649 comm=redis-server     mode=FILTER   target=0 nr/ret=0 allow=1
[seccomp] ts=28340203692757 pid=649 tgid=649 comm=redis-server     mode=FILTER   target=0 nr/ret=-1 allow=0
[seccomp] ts=28340203692757 pid=649 tgid=649 comm=redis-server     mode=FILTER   target=0 nr/ret=0 allow=1
[seccomp] ts=28340203693840 pid=649 tgid=649 comm=redis-server     mode=FILTER   target=0 nr/ret=-1 allow=0
[seccomp] ts=28340203693840 pid=649 tgid=649 comm=redis-server     mode=FILTER   target=0 nr/ret=0 allow=1
[seccomp] ts=28340203695799 pid=649 tgid=649 comm=redis-server     mode=FILTER   target=0 nr/ret=-1 allow=0
[seccomp] ts=28340203695799 pid=649 tgid=649 comm=redis-server     mode=FILTER   target=0 nr/ret=0 allow=1
[seccomp] ts=28340203683715 pid=91670 tgid=91670 comm=redis-cli        mode=FILTER   target=0 nr/ret=0 allow=1
[seccomp] ts=28340203710340 pid=649 tgid=649 comm=redis-server     mode=FILTER   target=0 nr/ret=-1 allow=0
[seccomp] ts=28340203710340 pid=649 tgid=649 comm=redis-server     mode=FILTER   target=0 nr/ret=0 allow=1
[seccomp] ts=28340203718799 pid=91670 tgid=91670 comm=redis-cli        mode=FILTER   target=0 nr/ret=-1 allow=0
[seccomp] ts=28340203718799 pid=91670 tgid=91670 comm=redis-cli        mode=FILTER   target=0 nr/ret=0 allow=1
[seccomp] ts=28340203724465 pid=649 tgid=649 comm=redis-server     mode=FILTER   target=0 nr/ret=-1 allow=0
[seccomp] ts=28340203724465 pid=649 tgid=649 comm=redis-server     mode=FILTER   target=0 nr/ret=0 allow=1
[seccomp] ts=28340203728299 pid=649 tgid=649 comm=redis-server     mode=FILTER   target=0 nr/ret=-1 allow=0
[seccomp] ts=28340203728299 pid=649 tgid=649 comm=redis-server     mode=FILTER   target=0 nr/ret=0 allow=1
[seccomp] ts=28340203811382 pid=649 tgid=649 comm=redis-server     mode=FILTER   target=0 nr/ret=-1 allow=0
[seccomp] ts=28340203811382 pid=649 tgid=649 comm=redis-server     mode=FILTER   target=0 nr/ret=0 allow=1
[seccomp] ts=28340203851465 pid=649 tgid=649 comm=redis-server     mode=FILTER   target=0 nr/ret=-1 allow=0
[seccomp] ts=28340203851465 pid=649 tgid=649 comm=redis-server     mode=FILTER   target=0 nr/ret=0 allow=1
[seccomp] ts=28340203881340 pid=91670 tgid=91670 comm=redis-cli        mode=FILTER   target=0 nr/ret=-1 allow=0
[seccomp] ts=28340203881340 pid=91670 tgid=91670 comm=redis-cli        mode=FILTER   target=0 nr/ret=0 allow=1
[seccomp] ts=28340203903299 pid=91670 tgid=91670 comm=redis-cli        mode=FILTER   target=0 nr/ret=-1 allow=0
[seccomp] ts=28340203903299 pid=91670 tgid=91670 comm=redis-cli        mode=FILTER   target=0 nr/ret=0 allow=1
[seccomp] ts=28340203925757 pid=649 tgid=649 comm=redis-server     mode=FILTER   target=0 nr/ret=-1 allow=0
[seccomp] ts=28340203925757 pid=649 tgid=649 comm=redis-server     mode=FILTER   target=0 nr/ret=0 allow=1
[seccomp] ts=28340203954674 pid=649 tgid=649 comm=redis-server     mode=FILTER   target=0 nr/ret=-1 allow=0
[seccomp] ts=28340203954674 pid=649 tgid=649 comm=redis-server     mode=FILTER   target=0 nr/ret=0 allow=1
[seccomp] ts=28340203976424 pid=649 tgid=649 comm=redis-server     mode=FILTER   target=0 nr/ret=-1 allow=0
[seccomp] ts=28340203976424 pid=649 tgid=649 comm=redis-server     mode=FILTER   target=0 nr/ret=0 allow=1
[seccomp] ts=28340203995382 pid=91670 tgid=91670 comm=redis-cli        mode=FILTER   target=0 nr/ret=-1 allow=0
[seccomp] ts=28340203995382 pid=91670 tgid=91670 comm=redis-cli        mode=FILTER   target=0 nr/ret=0 allow=1
[seccomp] ts=28340203997965 pid=91670 tgid=91670 comm=redis-cli        mode=FILTER   target=0 nr/ret=-1 allow=0
[seccomp] ts=28340203997965 pid=91670 tgid=91670 comm=redis-cli        mode=FILTER   target=0 nr/ret=0 allow=1
[seccomp] ts=28340204034674 pid=91670 tgid=91670 comm=redis-cli        mode=FILTER   target=0 nr/ret=-1 allow=0
[seccomp] ts=28340204034674 pid=91670 tgid=91670 comm=redis-cli        mode=FILTER   target=0 nr/ret=0 allow=1
[seccomp] ts=28340204348549 pid=649 tgid=649 comm=redis-server     mode=FILTER   target=0 nr/ret=-1 allow=0
[seccomp] ts=28340204348549 pid=649 tgid=649 comm=redis-server     mode=FILTER   target=0 nr/ret=0 allow=1
[seccomp] ts=28340204379174 pid=649 tgid=649 comm=redis-server     mode=FILTER   target=0 nr/ret=-1 allow=0
[seccomp] ts=28340204379174 pid=649 tgid=649 comm=redis-server     mode=FILTER   target=0 nr/ret=0 allow=1
[seccomp] ts=28340204383882 pid=649 tgid=649 comm=redis-server     mode=FILTER   target=0 nr/ret=-1 allow=0
[seccomp] ts=28340204383882 pid=649 tgid=649 comm=redis-server     mode=FILTER   target=0 nr/ret=0 allow=1
[seccomp] ts=28340204423549 pid=649 tgid=649 comm=redis-server     mode=FILTER   target=0 nr/ret=-1 allow=0
[seccomp] ts=28340204423549 pid=649 tgid=649 comm=redis-server     mode=FILTER   target=0 nr/ret=0 allow=1
[seccomp] ts=28340211481340 pid=649 tgid=649 comm=redis-server     mode=FILTER   target=0 nr/ret=-1 allow=0
[seccomp] ts=28340211481340 pid=649 tgid=649 comm=redis-server     mode=FILTER   target=0 nr/ret=0 allow=1
[seccomp] ts=28340211524049 pid=649 tgid=649 comm=redis-server     mode=FILTER   target=0 nr/ret=-1 allow=0
[seccomp] ts=28340211524049 pid=649 tgid=649 comm=redis-server     mode=FILTER   target=0 nr/ret=0 allow=1
[seccomp] ts=28340211551757 pid=649 tgid=649 comm=redis-server     mode=FILTER   target=0 nr/ret=-1 allow=0
[seccomp] ts=28340211551757 pid=649 tgid=649 comm=redis-server     mode=FILTER   target=0 nr/ret=0 allow=1
[seccomp] ts=28340211935299 pid=649 tgid=649 comm=redis-server     mode=FILTER   target=0 nr/ret=-1 allow=0
[seccomp] ts=28340211935299 pid=649 tgid=649 comm=redis-server     mode=FILTER   target=0 nr/ret=0 allow=1
[seccomp] ts=28340316461174 pid=649 tgid=649 comm=redis-server     mode=FILTER   target=0 nr/ret=-1 allow=0
[seccomp] ts=28340316461174 pid=649 tgid=649 comm=redis-server     mode=FILTER   target=0 nr/ret=0 allow=1
[seccomp] ts=28340316582882 pid=649 tgid=649 comm=redis-server     mode=FILTER   target=0 nr/ret=-1 allow=0
[seccomp] ts=28340316582882 pid=649 tgid=649 comm=redis-server     mode=FILTER   target=0 nr/ret=0 allow=1
[seccomp] ts=28340316620965 pid=649 tgid=649 comm=redis-server     mode=FILTER   target=0 nr/ret=-1 allow=0
[seccomp] ts=28340316620965 pid=649 tgid=649 comm=redis-server     mode=FILTER   target=0 nr/ret=0 allow=1
[seccomp] ts=28340317042090 pid=649 tgid=649 comm=redis-server     mode=FILTER   target=0 nr/ret=-1 allow=0
[seccomp] ts=28340317042090 pid=649 tgid=649 comm=redis-server     mode=FILTER   target=0 nr/ret=0 allow=1
[seccomp] ts=28340419721632 pid=649 tgid=649 comm=redis-server     mode=FILTER   target=0 nr/ret=-1 allow=0
[seccomp] ts=28340419721632 pid=649 tgid=649 comm=redis-server     mode=FILTER   target=0 nr/ret=0 allow=1
[seccomp] ts=28340419862340 pid=649 tgid=649 comm=redis-server     mode=FILTER   target=0 nr/ret=-1 allow=0
[seccomp] ts=28340419862340 pid=649 tgid=649 comm=redis-server     mode=FILTER   target=0 nr/ret=0 allow=1
[seccomp] ts=28340419912215 pid=649 tgid=649 comm=redis-server     mode=FILTER   target=0 nr/ret=-1 allow=0
[seccomp] ts=28340419912215 pid=649 tgid=649 comm=redis-server     mode=FILTER   target=0 nr/ret=0 allow=1
[seccomp] ts=28340420473632 pid=649 tgid=649 comm=redis-server     mode=FILTER   target=0 nr/ret=-1 allow=0
[seccomp] ts=28340420473632 pid=649 tgid=649 comm=redis-server     mode=FILTER   target=0 nr/ret=0 allow=1
[seccomp] ts=28340521111674 pid=649 tgid=649 comm=redis-server     mode=FILTER   target=0 nr/ret=-1 allow=0
[seccomp] ts=28340521111674 pid=649 tgid=649 comm=redis-server     mode=FILTER   target=0 nr/ret=0 allow=1
[seccomp] ts=28340521209007 pid=649 tgid=649 comm=redis-server     mode=FILTER   target=0 nr/ret=-1 allow=0
[seccomp] ts=28340521209007 pid=649 tgid=649 comm=redis-server     mode=FILTER   target=0 nr/ret=0 allow=1
[seccomp] ts=28340521260132 pid=649 tgid=649 comm=redis-server     mode=FILTER   target=0 nr/ret=-1 allow=0
[seccomp] ts=28340521260132 pid=649 tgid=649 comm=redis-server     mode=FILTER   target=0 nr/ret=0 allow=1
[seccomp] ts=28340521750174 pid=649 tgid=649 comm=redis-server     mode=FILTER   target=0 nr/ret=-1 allow=0
[seccomp] ts=28340521750174 pid=649 tgid=649 comm=redis-server     mode=FILTER   target=0 nr/ret=0 allow=1
[seccomp] ts=28340537708090 pid=91676 tgid=91676 comm=python3          mode=FILTER   target=0 nr/ret=-1 allow=0
[seccomp] ts=28340537708090 pid=91676 tgid=91676 comm=python3          mode=FILTER   target=0 nr/ret=0 allow=1
[seccomp] ts=28340537728549 pid=91676 tgid=91676 comm=python3          mode=FILTER   target=0 nr/ret=-1 allow=0
[seccomp] ts=28340537728549 pid=91676 tgid=91676 comm=python3          mode=FILTER   target=0 nr/ret=0 allow=1
[seccomp] ts=28340537730299 pid=91676 tgid=91676 comm=python3          mode=FILTER   target=0 nr/ret=-1 allow=0
[seccomp] ts=28340537730299 pid=91676 tgid=91676 comm=python3          mode=FILTER   target=0 nr/ret=0 allow=1
[seccomp] ts=28340537731424 pid=91676 tgid=91676 comm=python3          mode=FILTER   target=0 nr/ret=-1 allow=0
[seccomp] ts=28340537731424 pid=91676 tgid=91676 comm=python3          mode=FILTER   target=0 nr/ret=0 allow=1
[seccomp] ts=28340537746257 pid=91676 tgid=91676 comm=python3          mode=FILTER   target=0 nr/ret=-1 allow=0
[seccomp] ts=28340537746257 pid=91676 tgid=91676 comm=python3          mode=FILTER   target=0 nr/ret=0 allow=1
[seccomp] ts=28340537748924 pid=91676 tgid=91676 comm=python3          mode=FILTER   target=0 nr/ret=-1 allow=0
[seccomp] ts=28340537748924 pid=91676 tgid=91676 comm=python3          mode=FILTER   target=0 nr/ret=0 allow=1
[seccomp] ts=28340537758924 pid=91676 tgid=91676 comm=python3          mode=FILTER   target=0 nr/ret=-1 allow=0
[seccomp] ts=28340537758924 pid=91676 tgid=91676 comm=python3          mode=FILTER   target=0 nr/ret=0 allow=1
[seccomp] ts=28340537794049 pid=91676 tgid=91676 comm=python3          mode=FILTER   target=0 nr/ret=-1 allow=0
[seccomp] ts=28340537794049 pid=91676 tgid=91676 comm=python3          mode=FILTER   target=0 nr/ret=0 allow=1
[seccomp] ts=28340537797882 pid=91676 tgid=91676 comm=python3          mode=FILTER   target=0 nr/ret=-1 allow=0
[seccomp] ts=28340537797882 pid=91676 tgid=91676 comm=python3          mode=FILTER   target=0 nr/ret=0 allow=1
[seccomp] ts=28340537891382 pid=91676 tgid=91676 comm=python3          mode=FILTER   target=0 nr/ret=-1 allow=0
[seccomp] ts=28340537891382 pid=91676 tgid=91676 comm=python3          mode=FILTER   target=0 nr/ret=0 allow=1
[seccomp] ts=28340537907132 pid=91676 tgid=91676 comm=python3          mode=FILTER   target=0 nr/ret=-1 allow=0
[seccomp] ts=28340537907132 pid=91676 tgid=91676 comm=python3          mode=FILTER   target=0 nr/ret=0 allow=1
[seccomp] ts=28340537918507 pid=91676 tgid=91676 comm=python3          mode=FILTER   target=0 nr/ret=-1 allow=0
[seccomp] ts=28340537918507 pid=91676 tgid=91676 comm=python3          mode=FILTER   target=0 nr/ret=0 allow=1
[seccomp] ts=28340537922465 pid=91676 tgid=91676 comm=python3          mode=FILTER   target=0 nr/ret=-1 allow=0
[seccomp] ts=28340537922465 pid=91676 tgid=91676 comm=python3          mode=FILTER   target=0 nr/ret=0 allow=1
[seccomp] ts=28340537926799 pid=91676 tgid=91676 comm=python3          mode=FILTER   target=0 nr/ret=-1 allow=0
[seccomp] ts=28340537926799 pid=91676 tgid=91676 comm=python3          mode=FILTER   target=0 nr/ret=0 allow=1
[seccomp] ts=28340537935049 pid=91676 tgid=91676 comm=python3          mode=FILTER   target=0 nr/ret=-1 allow=0
[seccomp] ts=28340537935049 pid=91676 tgid=91676 comm=python3          mode=FILTER   target=0 nr/ret=0 allow=1
[seccomp] ts=28340537958257 pid=91676 tgid=91676 comm=python3          mode=FILTER   target=0 nr/ret=-1 allow=0
[seccomp] ts=28340537958257 pid=91676 tgid=91676 comm=python3          mode=FILTER   target=0 nr/ret=0 allow=1
[seccomp] ts=28340537960090 pid=91676 tgid=91676 comm=python3          mode=FILTER   target=0 nr/ret=-1 allow=0
[seccomp] ts=28340537960090 pid=91676 tgid=91676 comm=python3          mode=FILTER   target=0 nr/ret=0 allow=1
[seccomp] ts=28340537966840 pid=91676 tgid=91676 comm=python3          mode=FILTER   target=0 nr/ret=-1 allow=0
[seccomp] ts=28340537966840 pid=91676 tgid=91676 comm=python3          mode=FILTER   target=0 nr/ret=0 allow=1
[seccomp] ts=28340537989007 pid=91676 tgid=91676 comm=python3          mode=FILTER   target=0 nr/ret=-1 allow=0
[seccomp] ts=28340537989007 pid=91676 tgid=91676 comm=python3          mode=FILTER   target=0 nr/ret=0 allow=1
[seccomp] ts=28340538041965 pid=91676 tgid=91676 comm=python3          mode=FILTER   target=0 nr/ret=-1 allow=0
[seccomp] ts=28340538041965 pid=91676 tgid=91676 comm=python3          mode=FILTER   target=0 nr/ret=0 allow=1
[seccomp] ts=28340538055715 pid=91676 tgid=91676 comm=python3          mode=FILTER   target=0 nr/ret=-1 allow=0
[seccomp] ts=28340538055715 pid=91676 tgid=91676 comm=python3          mode=FILTER   target=0 nr/ret=0 allow=1
[seccomp] ts=28340538103132 pid=91676 tgid=91676 comm=python3          mode=FILTER   target=0 nr/ret=-1 allow=0
[seccomp] ts=28340538103132 pid=91676 tgid=91676 comm=python3          mode=FILTER   target=0 nr/ret=0 allow=1
[seccomp] ts=28340538142924 pid=91676 tgid=91676 comm=python3          mode=FILTER   target=0 nr/ret=-1 allow=0
[seccomp] ts=28340538142924 pid=91676 tgid=91676 comm=python3          mode=FILTER   target=0 nr/ret=0 allow=1
[seccomp] ts=28340538181590 pid=91676 tgid=91676 comm=python3          mode=FILTER   target=0 nr/ret=-1 allow=0
[seccomp] ts=28340538181590 pid=91676 tgid=91676 comm=python3          mode=FILTER   target=0 nr/ret=0 allow=1
[seccomp] ts=28340538196549 pid=91676 tgid=91676 comm=python3          mode=FILTER   target=0 nr/ret=-1 allow=0
[seccomp] ts=28340538196549 pid=91676 tgid=91676 comm=python3          mode=FILTER   target=0 nr/ret=0 allow=1
[seccomp] ts=28340538209840 pid=91676 tgid=91676 comm=python3          mode=FILTER   target=0 nr/ret=-1 allow=0
[seccomp] ts=28340538209840 pid=91676 tgid=91676 comm=python3          mode=FILTER   target=0 nr/ret=0 allow=1
[seccomp] ts=28340538228715 pid=91676 tgid=91676 comm=python3          mode=FILTER   target=0 nr/ret=-1 allow=0
[seccomp] ts=28340538228715 pid=91676 tgid=91676 comm=python3          mode=FILTER   target=0 nr/ret=0 allow=1
[seccomp] ts=28340538262757 pid=91676 tgid=91676 comm=python3          mode=FILTER   target=0 nr/ret=-1 allow=0
[seccomp] ts=28340538262757 pid=91676 tgid=91676 comm=python3          mode=FILTER   target=0 nr/ret=0 allow=1
[seccomp] ts=28340538280632 pid=91676 tgid=91676 comm=python3          mode=FILTER   target=0 nr/ret=-1 allow=0
[seccomp] ts=28340538280632 pid=91676 tgid=91676 comm=python3          mode=FILTER   target=0 nr/ret=0 allow=1
[seccomp] ts=28340538286424 pid=91676 tgid=91676 comm=python3          mode=FILTER   target=0 nr/ret=-1 allow=0
[seccomp] ts=28340538286424 pid=91676 tgid=91676 comm=python3          mode=FILTER   target=0 nr/ret=0 allow=1
[seccomp] ts=28340538288174 pid=91676 tgid=91676 comm=python3          mode=FILTER   target=0 nr/ret=-1 allow=0
[seccomp] ts=28340538288174 pid=91676 tgid=91676 comm=python3          mode=FILTER   target=0 nr/ret=0 allow=1
[seccomp] ts=28340538290465 pid=91676 tgid=91676 comm=python3          mode=FILTER   target=0 nr/ret=-1 allow=0
[seccomp] ts=28340538290465 pid=91676 tgid=91676 comm=python3          mode=FILTER   target=0 nr/ret=0 allow=1
[seccomp] ts=28340538292465 pid=91676 tgid=91676 comm=python3          mode=FILTER   target=0 nr/ret=-1 allow=0
[seccomp] ts=28340538292465 pid=91676 tgid=91676 comm=python3          mode=FILTER   target=0 nr/ret=0 allow=1
[seccomp] ts=28340538293424 pid=91676 tgid=91676 comm=python3          mode=FILTER   target=0 nr/ret=-1 allow=0
[seccomp] ts=28340538293424 pid=91676 tgid=91676 comm=python3          mode=FILTER   target=0 nr/ret=0 allow=1
[seccomp] ts=28340538294840 pid=91676 tgid=91676 comm=python3          mode=FILTER   target=0 nr/ret=-1 allow=0
[seccomp] ts=28340538294840 pid=91676 tgid=91676 comm=python3          mode=FILTER   target=0 nr/ret=0 allow=1
[seccomp] ts=28340538298465 pid=91676 tgid=91676 comm=python3          mode=FILTER   target=0 nr/ret=-1 allow=0
[seccomp] ts=28340538298465 pid=91676 tgid=91676 comm=python3          mode=FILTER   target=0 nr/ret=0 allow=1
[seccomp] ts=28340538324549 pid=91676 tgid=91676 comm=python3          mode=FILTER   target=0 nr/ret=-1 allow=0
[seccomp] ts=28340538324549 pid=91676 tgid=91676 comm=python3          mode=FILTER   target=0 nr/ret=0 allow=1
[seccomp] ts=28340538340382 pid=91676 tgid=91676 comm=python3          mode=FILTER   target=0 nr/ret=-1 allow=0
[seccomp] ts=28340538340382 pid=91676 tgid=91676 comm=python3          mode=FILTER   target=0 nr/ret=0 allow=1
[seccomp] ts=28340538589007 pid=91676 tgid=91676 comm=python3          mode=FILTER   target=0 nr/ret=-1 allow=0
[seccomp] ts=28340538589007 pid=91676 tgid=91676 comm=python3          mode=FILTER   target=0 nr/ret=0 allow=1
[seccomp] ts=28340538622049 pid=91676 tgid=91676 comm=python3          mode=FILTER   target=0 nr/ret=-1 allow=0
[seccomp] ts=28340538622049 pid=91676 tgid=91676 comm=python3          mode=FILTER   target=0 nr/ret=0 allow=1
[seccomp] ts=28340538637507 pid=91676 tgid=91676 comm=python3          mode=FILTER   target=0 nr/ret=-1 allow=0
[seccomp] ts=28340538637507 pid=91676 tgid=91676 comm=python3          mode=FILTER   target=0 nr/ret=0 allow=1
[seccomp] ts=28340538649924 pid=91676 tgid=91676 comm=python3          mode=FILTER   target=0 nr/ret=-1 allow=0
[seccomp] ts=28340538649924 pid=91676 tgid=91676 comm=python3          mode=FILTER   target=0 nr/ret=0 allow=1
[seccomp] ts=28340538734632 pid=91676 tgid=91676 comm=python3          mode=FILTER   target=0 nr/ret=-1 allow=0
[seccomp] ts=28340538734632 pid=91676 tgid=91676 comm=python3          mode=FILTER   target=0 nr/ret=0 allow=1
[seccomp] ts=28340538827174 pid=91676 tgid=91676 comm=python3          mode=FILTER   target=0 nr/ret=-1 allow=0
[seccomp] ts=28340538827174 pid=91676 tgid=91676 comm=python3          mode=FILTER   target=0 nr/ret=0 allow=1
[seccomp] ts=28340538854007 pid=91676 tgid=91676 comm=python3          mode=FILTER   target=0 nr/ret=-1 allow=0
[seccomp] ts=28340538854007 pid=91676 tgid=91676 comm=python3          mode=FILTER   target=0 nr/ret=0 allow=1
[seccomp] ts=28340538861174 pid=91676 tgid=91676 comm=python3          mode=FILTER   target=0 nr/ret=-1 allow=0
[seccomp] ts=28340538861174 pid=91676 tgid=91676 comm=python3          mode=FILTER   target=0 nr/ret=0 allow=1
[seccomp] ts=28340538889590 pid=91676 tgid=91676 comm=python3          mode=FILTER   target=0 nr/ret=-1 allow=0
[seccomp] ts=28340538889590 pid=91676 tgid=91676 comm=python3          mode=FILTER   target=0 nr/ret=0 allow=1
[seccomp] ts=28340538905549 pid=91676 tgid=91676 comm=python3          mode=FILTER   target=0 nr/ret=-1 allow=0
[seccomp] ts=28340538905549 pid=91676 tgid=91676 comm=python3          mode=FILTER   target=0 nr/ret=0 allow=1
[seccomp] ts=28340538908757 pid=91676 tgid=91676 comm=python3          mode=FILTER   target=0 nr/ret=-1 allow=0
[seccomp] ts=28340538908757 pid=91676 tgid=91676 comm=python3          mode=FILTER   target=0 nr/ret=0 allow=1
[seccomp] ts=28340538909757 pid=91676 tgid=91676 comm=python3          mode=FILTER   target=0 nr/ret=-1 allow=0
[seccomp] ts=28340538909757 pid=91676 tgid=91676 comm=python3          mode=FILTER   target=0 nr/ret=0 allow=1
[seccomp] ts=28340538911424 pid=91676 tgid=91676 comm=python3          mode=FILTER   target=0 nr/ret=-1 allow=0
[seccomp] ts=28340538911424 pid=91676 tgid=91676 comm=python3          mode=FILTER   target=0 nr/ret=0 allow=1
[seccomp] ts=28340538916799 pid=91676 tgid=91676 comm=python3          mode=FILTER   target=0 nr/ret=-1 allow=0
[seccomp] ts=28340538916799 pid=91676 tgid=91676 comm=python3          mode=FILTER   target=0 nr/ret=0 allow=1
[seccomp] ts=28340538920090 pid=91676 tgid=91676 comm=python3          mode=FILTER   target=0 nr/ret=-1 allow=0
[seccomp] ts=28340538920090 pid=91676 tgid=91676 comm=python3          mode=FILTER   target=0 nr/ret=0 allow=1
[seccomp] ts=28340539005882 pid=91676 tgid=91676 comm=python3          mode=FILTER   target=0 nr/ret=-1 allow=0
[seccomp] ts=28340539005882 pid=91676 tgid=91676 comm=python3          mode=FILTER   target=0 nr/ret=0 allow=1
[seccomp] ts=28340539029132 pid=91676 tgid=91676 comm=python3          mode=FILTER   target=0 nr/ret=-1 allow=0
[seccomp] ts=28340539029132 pid=91676 tgid=91676 comm=python3          mode=FILTER   target=0 nr/ret=0 allow=1
[seccomp] ts=28340539044507 pid=91676 tgid=91676 comm=python3          mode=FILTER   target=0 nr/ret=-1 allow=0
[seccomp] ts=28340539044507 pid=91676 tgid=91676 comm=python3          mode=FILTER   target=0 nr/ret=0 allow=1
[seccomp] ts=28340539062840 pid=91676 tgid=91676 comm=python3          mode=FILTER   target=0 nr/ret=-1 allow=0
[seccomp] ts=28340539062840 pid=91676 tgid=91676 comm=python3          mode=FILTER   target=0 nr/ret=0 allow=1
[seccomp] ts=28340539086049 pid=91676 tgid=91676 comm=python3          mode=FILTER   target=0 nr/ret=-1 allow=0
[seccomp] ts=28340539086049 pid=91676 tgid=91676 comm=python3          mode=FILTER   target=0 nr/ret=0 allow=1
[seccomp] ts=28340539105049 pid=91676 tgid=91676 comm=python3          mode=FILTER   target=0 nr/ret=-1 allow=0
[seccomp] ts=28340539105049 pid=91676 tgid=91676 comm=python3          mode=FILTER   target=0 nr/ret=0 allow=1
[seccomp] ts=28340539110924 pid=91676 tgid=91676 comm=python3          mode=FILTER   target=0 nr/ret=-1 allow=0
[seccomp] ts=28340539110924 pid=91676 tgid=91676 comm=python3          mode=FILTER   target=0 nr/ret=0 allow=1
[seccomp] ts=28340539112632 pid=91676 tgid=91676 comm=python3          mode=FILTER   target=0 nr/ret=-1 allow=0
[seccomp] ts=28340539112632 pid=91676 tgid=91676 comm=python3          mode=FILTER   target=0 nr/ret=0 allow=1
[seccomp] ts=28340539114840 pid=91676 tgid=91676 comm=python3          mode=FILTER   target=0 nr/ret=-1 allow=0
[seccomp] ts=28340539114840 pid=91676 tgid=91676 comm=python3          mode=FILTER   target=0 nr/ret=0 allow=1
[seccomp] ts=28340539116924 pid=91676 tgid=91676 comm=python3          mode=FILTER   target=0 nr/ret=-1 allow=0
[seccomp] ts=28340539116924 pid=91676 tgid=91676 comm=python3          mode=FILTER   target=0 nr/ret=0 allow=1
[seccomp] ts=28340539117924 pid=91676 tgid=91676 comm=python3          mode=FILTER   target=0 nr/ret=-1 allow=0
[seccomp] ts=28340539117924 pid=91676 tgid=91676 comm=python3          mode=FILTER   target=0 nr/ret=0 allow=1
[seccomp] ts=28340539119299 pid=91676 tgid=91676 comm=python3          mode=FILTER   target=0 nr/ret=-1 allow=0
[seccomp] ts=28340539119299 pid=91676 tgid=91676 comm=python3          mode=FILTER   target=0 nr/ret=0 allow=1
[seccomp] ts=28340539124549 pid=91676 tgid=91676 comm=python3          mode=FILTER   target=0 nr/ret=-1 allow=0
[seccomp] ts=28340539124549 pid=91676 tgid=91676 comm=python3          mode=FILTER   target=0 nr/ret=0 allow=1
[seccomp] ts=28340539127132 pid=91676 tgid=91676 comm=python3          mode=FILTER   target=0 nr/ret=-1 allow=0
[seccomp] ts=28340539127132 pid=91676 tgid=91676 comm=python3          mode=FILTER   target=0 nr/ret=0 allow=1
[seccomp] ts=28340539953465 pid=91676 tgid=91676 comm=python3          mode=FILTER   target=0 nr/ret=-1 allow=0
[seccomp] ts=28340539953465 pid=91676 tgid=91676 comm=python3          mode=FILTER   target=0 nr/ret=0 allow=1
[seccomp] ts=28340539971007 pid=91676 tgid=91676 comm=python3          mode=FILTER   target=0 nr/ret=-1 allow=0
[seccomp] ts=28340539971007 pid=91676 tgid=91676 comm=python3          mode=FILTER   target=0 nr/ret=0 allow=1
[seccomp] ts=28340539982674 pid=91676 tgid=91676 comm=python3          mode=FILTER   target=0 nr/ret=-1 allow=0
[seccomp] ts=28340539982674 pid=91676 tgid=91676 comm=python3          mode=FILTER   target=0 nr/ret=0 allow=1
[seccomp] ts=28340539988549 pid=91676 tgid=91676 comm=python3          mode=FILTER   target=0 nr/ret=-1 allow=0
[seccomp] ts=28340539988549 pid=91676 tgid=91676 comm=python3          mode=FILTER   target=0 nr/ret=0 allow=1
[seccomp] ts=28340540029507 pid=91676 tgid=91676 comm=python3          mode=FILTER   target=0 nr/ret=-1 allow=0
[seccomp] ts=28340540029507 pid=91676 tgid=91676 comm=python3          mode=FILTER   target=0 nr/ret=0 allow=1
[seccomp] ts=28340540048965 pid=91676 tgid=91676 comm=python3          mode=FILTER   target=0 nr/ret=-1 allow=0
[seccomp] ts=28340540048965 pid=91676 tgid=91676 comm=python3          mode=FILTER   target=0 nr/ret=0 allow=1
[seccomp] ts=28340540054465 pid=91676 tgid=91676 comm=python3          mode=FILTER   target=0 nr/ret=-1 allow=0
[seccomp] ts=28340540054465 pid=91676 tgid=91676 comm=python3          mode=FILTER   target=0 nr/ret=0 allow=1
[seccomp] ts=28340540056382 pid=91676 tgid=91676 comm=python3          mode=FILTER   target=0 nr/ret=-1 allow=0
[seccomp] ts=28340540056382 pid=91676 tgid=91676 comm=python3          mode=FILTER   target=0 nr/ret=0 allow=1
[seccomp] ts=28340540058382 pid=91676 tgid=91676 comm=python3          mode=FILTER   target=0 nr/ret=-1 allow=0
[seccomp] ts=28340540058382 pid=91676 tgid=91676 comm=python3          mode=FILTER   target=0 nr/ret=0 allow=1
[seccomp] ts=28340540060590 pid=91676 tgid=91676 comm=python3          mode=FILTER   target=0 nr/ret=-1 allow=0
[seccomp] ts=28340540060590 pid=91676 tgid=91676 comm=python3          mode=FILTER   target=0 nr/ret=0 allow=1
[seccomp] ts=28340540061507 pid=91676 tgid=91676 comm=python3          mode=FILTER   target=0 nr/ret=-1 allow=0
[seccomp] ts=28340540061507 pid=91676 tgid=91676 comm=python3          mode=FILTER   target=0 nr/ret=0 allow=1
[seccomp] ts=28340540062882 pid=91676 tgid=91676 comm=python3          mode=FILTER   target=0 nr/ret=-1 allow=0
[seccomp] ts=28340540062882 pid=91676 tgid=91676 comm=python3          mode=FILTER   target=0 nr/ret=0 allow=1
[seccomp] ts=28340540065507 pid=91676 tgid=91676 comm=python3          mode=FILTER   target=0 nr/ret=-1 allow=0
[seccomp] ts=28340540065507 pid=91676 tgid=91676 comm=python3          mode=FILTER   target=0 nr/ret=0 allow=1
[seccomp] ts=28340540067924 pid=91676 tgid=91676 comm=python3          mode=FILTER   target=0 nr/ret=-1 allow=0
[seccomp] ts=28340540067924 pid=91676 tgid=91676 comm=python3          mode=FILTER   target=0 nr/ret=0 allow=1
[seccomp] ts=28340540117424 pid=91676 tgid=91676 comm=python3          mode=FILTER   target=0 nr/ret=-1 allow=0
[seccomp] ts=28340540117424 pid=91676 tgid=91676 comm=python3          mode=FILTER   target=0 nr/ret=0 allow=1
[seccomp] ts=28340540134882 pid=91676 tgid=91676 comm=python3          mode=FILTER   target=0 nr/ret=-1 allow=0
[seccomp] ts=28340540134882 pid=91676 tgid=91676 comm=python3          mode=FILTER   target=0 nr/ret=0 allow=1
[seccomp] ts=28340540143924 pid=91676 tgid=91676 comm=python3          mode=FILTER   target=0 nr/ret=-1 allow=0
[seccomp] ts=28340540143924 pid=91676 tgid=91676 comm=python3          mode=FILTER   target=0 nr/ret=0 allow=1
[seccomp] ts=28340540149424 pid=91676 tgid=91676 comm=python3          mode=FILTER   target=0 nr/ret=-1 allow=0
[seccomp] ts=28340540149424 pid=91676 tgid=91676 comm=python3          mode=FILTER   target=0 nr/ret=0 allow=1
[seccomp] ts=28340540166049 pid=91676 tgid=91676 comm=python3          mode=FILTER   target=0 nr/ret=-1 allow=0
[seccomp] ts=28340540166049 pid=91676 tgid=91676 comm=python3          mode=FILTER   target=0 nr/ret=0 allow=1
[seccomp] ts=28340540219882 pid=91676 tgid=91676 comm=python3          mode=FILTER   target=0 nr/ret=-1 allow=0
[seccomp] ts=28340540219882 pid=91676 tgid=91676 comm=python3          mode=FILTER   target=0 nr/ret=0 allow=1
[seccomp] ts=28340540230007 pid=91676 tgid=91676 comm=python3          mode=FILTER   target=0 nr/ret=-1 allow=0
[seccomp] ts=28340540230007 pid=91676 tgid=91676 comm=python3          mode=FILTER   target=0 nr/ret=0 allow=1
[seccomp] ts=28340540232590 pid=91676 tgid=91676 comm=python3          mode=FILTER   target=0 nr/ret=-1 allow=0
[seccomp] ts=28340540232590 pid=91676 tgid=91676 comm=python3          mode=FILTER   target=0 nr/ret=0 allow=1
[seccomp] ts=28340540239299 pid=91676 tgid=91676 comm=python3          mode=FILTER   target=0 nr/ret=-1 allow=0
[seccomp] ts=28340540239299 pid=91676 tgid=91676 comm=python3          mode=FILTER   target=0 nr/ret=0 allow=1
[seccomp] ts=28340540263965 pid=91676 tgid=91676 comm=python3          mode=FILTER   target=0 nr/ret=-1 allow=0
[seccomp] ts=28340540263965 pid=91676 tgid=91676 comm=python3          mode=FILTER   target=0 nr/ret=0 allow=1
[seccomp] ts=28340540347424 pid=91676 tgid=91676 comm=python3          mode=FILTER   target=0 nr/ret=-1 allow=0
[seccomp] ts=28340540347424 pid=91676 tgid=91676 comm=python3          mode=FILTER   target=0 nr/ret=0 allow=1
[seccomp] ts=28340540375132 pid=91676 tgid=91676 comm=python3          mode=FILTER   target=0 nr/ret=-1 allow=0
[seccomp] ts=28340540375132 pid=91676 tgid=91676 comm=python3          mode=FILTER   target=0 nr/ret=0 allow=1
[seccomp] ts=28340540382549 pid=91676 tgid=91676 comm=python3          mode=FILTER   target=0 nr/ret=-1 allow=0
[seccomp] ts=28340540382549 pid=91676 tgid=91676 comm=python3          mode=FILTER   target=0 nr/ret=0 allow=1
[seccomp] ts=28340540386757 pid=91676 tgid=91676 comm=python3          mode=FILTER   target=0 nr/ret=-1 allow=0
[seccomp] ts=28340540386757 pid=91676 tgid=91676 comm=python3          mode=FILTER   target=0 nr/ret=0 allow=1
[seccomp] ts=28340540674340 pid=91676 tgid=91676 comm=python3          mode=FILTER   target=0 nr/ret=-1 allow=0
[seccomp] ts=28340540674340 pid=91676 tgid=91676 comm=python3          mode=FILTER   target=0 nr/ret=0 allow=1
[seccomp] ts=28340540766590 pid=91676 tgid=91676 comm=python3          mode=FILTER   target=0 nr/ret=-1 allow=0
[seccomp] ts=28340540766590 pid=91676 tgid=91676 comm=python3          mode=FILTER   target=0 nr/ret=0 allow=1
[seccomp] ts=28340540780965 pid=91676 tgid=91676 comm=python3          mode=FILTER   target=0 nr/ret=-1 allow=0
[seccomp] ts=28340540780965 pid=91676 tgid=91676 comm=python3          mode=FILTER   target=0 nr/ret=0 allow=1
[seccomp] ts=28340540790132 pid=91676 tgid=91676 comm=python3          mode=FILTER   target=0 nr/ret=-1 allow=0
[seccomp] ts=28340540790132 pid=91676 tgid=91676 comm=python3          mode=FILTER   target=0 nr/ret=0 allow=1
[seccomp] ts=28340540796257 pid=91676 tgid=91676 comm=python3          mode=FILTER   target=0 nr/ret=-1 allow=0
[seccomp] ts=28340540796257 pid=91676 tgid=91676 comm=python3          mode=FILTER   target=0 nr/ret=0 allow=1
[seccomp] ts=28340540837757 pid=91676 tgid=91676 comm=python3          mode=FILTER   target=0 nr/ret=-1 allow=0
[seccomp] ts=28340540837757 pid=91676 tgid=91676 comm=python3          mode=FILTER   target=0 nr/ret=0 allow=1
[seccomp] ts=28340540865507 pid=91676 tgid=91676 comm=python3          mode=FILTER   target=0 nr/ret=-1 allow=0
[seccomp] ts=28340540865507 pid=91676 tgid=91676 comm=python3          mode=FILTER   target=0 nr/ret=0 allow=1
[seccomp] ts=28340540887590 pid=91676 tgid=91676 comm=python3          mode=FILTER   target=0 nr/ret=-1 allow=0
[seccomp] ts=28340540887590 pid=91676 tgid=91676 comm=python3          mode=FILTER   target=0 nr/ret=0 allow=1
[seccomp] ts=28340540901424 pid=91676 tgid=91676 comm=python3          mode=FILTER   target=0 nr/ret=-1 allow=0
[seccomp] ts=28340540901424 pid=91676 tgid=91676 comm=python3          mode=FILTER   target=0 nr/ret=0 allow=1
[seccomp] ts=28340540903382 pid=91676 tgid=91676 comm=python3          mode=FILTER   target=0 nr/ret=-1 allow=0
[seccomp] ts=28340540903382 pid=91676 tgid=91676 comm=python3          mode=FILTER   target=0 nr/ret=0 allow=1
[seccomp] ts=28340540905799 pid=91676 tgid=91676 comm=python3          mode=FILTER   target=0 nr/ret=-1 allow=0
[seccomp] ts=28340540905799 pid=91676 tgid=91676 comm=python3          mode=FILTER   target=0 nr/ret=0 allow=1
[seccomp] ts=28340540906882 pid=91676 tgid=91676 comm=python3          mode=FILTER   target=0 nr/ret=-1 allow=0
[seccomp] ts=28340540906882 pid=91676 tgid=91676 comm=python3          mode=FILTER   target=0 nr/ret=0 allow=1
[seccomp] ts=28340540908299 pid=91676 tgid=91676 comm=python3          mode=FILTER   target=0 nr/ret=-1 allow=0
[seccomp] ts=28340540908299 pid=91676 tgid=91676 comm=python3          mode=FILTER   target=0 nr/ret=0 allow=1
[seccomp] ts=28340540913049 pid=91676 tgid=91676 comm=python3          mode=FILTER   target=0 nr/ret=-1 allow=0
[seccomp] ts=28340540913049 pid=91676 tgid=91676 comm=python3          mode=FILTER   target=0 nr/ret=0 allow=1
[seccomp] ts=28340540915257 pid=91676 tgid=91676 comm=python3          mode=FILTER   target=0 nr/ret=-1 allow=0
[seccomp] ts=28340540915257 pid=91676 tgid=91676 comm=python3          mode=FILTER   target=0 nr/ret=0 allow=1
[seccomp] ts=28340541055757 pid=91676 tgid=91676 comm=python3          mode=FILTER   target=0 nr/ret=-1 allow=0
[seccomp] ts=28340541055757 pid=91676 tgid=91676 comm=python3          mode=FILTER   target=0 nr/ret=0 allow=1
[seccomp] ts=28340541070007 pid=91676 tgid=91676 comm=python3          mode=FILTER   target=0 nr/ret=-1 allow=0
[seccomp] ts=28340541070007 pid=91676 tgid=91676 comm=python3          mode=FILTER   target=0 nr/ret=0 allow=1
[seccomp] ts=28340541078882 pid=91676 tgid=91676 comm=python3          mode=FILTER   target=0 nr/ret=-1 allow=0
[seccomp] ts=28340541078882 pid=91676 tgid=91676 comm=python3          mode=FILTER   target=0 nr/ret=0 allow=1
[seccomp] ts=28340541084215 pid=91676 tgid=91676 comm=python3          mode=FILTER   target=0 nr/ret=-1 allow=0
[seccomp] ts=28340541084215 pid=91676 tgid=91676 comm=python3          mode=FILTER   target=0 nr/ret=0 allow=1
[seccomp] ts=28340541115465 pid=91676 tgid=91676 comm=python3          mode=FILTER   target=0 nr/ret=-1 allow=0
[seccomp] ts=28340541115465 pid=91676 tgid=91676 comm=python3          mode=FILTER   target=0 nr/ret=0 allow=1
[seccomp] ts=28340541134257 pid=91676 tgid=91676 comm=python3          mode=FILTER   target=0 nr/ret=-1 allow=0
[seccomp] ts=28340541134257 pid=91676 tgid=91676 comm=python3          mode=FILTER   target=0 nr/ret=0 allow=1
[seccomp] ts=28340541139924 pid=91676 tgid=91676 comm=python3          mode=FILTER   target=0 nr/ret=-1 allow=0
[seccomp] ts=28340541139924 pid=91676 tgid=91676 comm=python3          mode=FILTER   target=0 nr/ret=0 allow=1
[seccomp] ts=28340541141840 pid=91676 tgid=91676 comm=python3          mode=FILTER   target=0 nr/ret=-1 allow=0
[seccomp] ts=28340541141840 pid=91676 tgid=91676 comm=python3          mode=FILTER   target=0 nr/ret=0 allow=1
[seccomp] ts=28340541144299 pid=91676 tgid=91676 comm=python3          mode=FILTER   target=0 nr/ret=-1 allow=0
[seccomp] ts=28340541144299 pid=91676 tgid=91676 comm=python3          mode=FILTER   target=0 nr/ret=0 allow=1
[seccomp] ts=28340541146299 pid=91676 tgid=91676 comm=python3          mode=FILTER   target=0 nr/ret=-1 allow=0
[seccomp] ts=28340541146299 pid=91676 tgid=91676 comm=python3          mode=FILTER   target=0 nr/ret=0 allow=1
[seccomp] ts=28340541147299 pid=91676 tgid=91676 comm=python3          mode=FILTER   target=0 nr/ret=-1 allow=0
[seccomp] ts=28340541147299 pid=91676 tgid=91676 comm=python3          mode=FILTER   target=0 nr/ret=0 allow=1
[seccomp] ts=28340541148632 pid=91676 tgid=91676 comm=python3          mode=FILTER   target=0 nr/ret=-1 allow=0
[seccomp] ts=28340541148632 pid=91676 tgid=91676 comm=python3          mode=FILTER   target=0 nr/ret=0 allow=1
[seccomp] ts=28340541150965 pid=91676 tgid=91676 comm=python3          mode=FILTER   target=0 nr/ret=-1 allow=0
[seccomp] ts=28340541150965 pid=91676 tgid=91676 comm=python3          mode=FILTER   target=0 nr/ret=0 allow=1
[seccomp] ts=28340541153090 pid=91676 tgid=91676 comm=python3          mode=FILTER   target=0 nr/ret=-1 allow=0
[seccomp] ts=28340541153090 pid=91676 tgid=91676 comm=python3          mode=FILTER   target=0 nr/ret=0 allow=1
[seccomp] ts=28340541863007 pid=91676 tgid=91676 comm=python3          mode=FILTER   target=0 nr/ret=-1 allow=0
[seccomp] ts=28340541863007 pid=91676 tgid=91676 comm=python3          mode=FILTER   target=0 nr/ret=0 allow=1
[seccomp] ts=28340541919924 pid=91676 tgid=91676 comm=python3          mode=FILTER   target=0 nr/ret=-1 allow=0
[seccomp] ts=28340541919924 pid=91676 tgid=91676 comm=python3          mode=FILTER   target=0 nr/ret=0 allow=1
[seccomp] ts=28340541959382 pid=91676 tgid=91676 comm=python3          mode=FILTER   target=0 nr/ret=-1 allow=0
[seccomp] ts=28340541959382 pid=91676 tgid=91676 comm=python3          mode=FILTER   target=0 nr/ret=0 allow=1
[seccomp] ts=28340542080340 pid=91676 tgid=91676 comm=python3          mode=FILTER   target=0 nr/ret=-1 allow=0
[seccomp] ts=28340542080340 pid=91676 tgid=91676 comm=python3          mode=FILTER   target=0 nr/ret=0 allow=1
[seccomp] ts=28340545843674 pid=91676 tgid=91676 comm=python3          mode=FILTER   target=0 nr/ret=-1 allow=0
[seccomp] ts=28340545843674 pid=91676 tgid=91676 comm=python3          mode=FILTER   target=0 nr/ret=0 allow=1
[seccomp] ts=28340545907590 pid=91676 tgid=91676 comm=python3          mode=FILTER   target=0 nr/ret=-1 allow=0
[seccomp] ts=28340545907590 pid=91676 tgid=91676 comm=python3          mode=FILTER   target=0 nr/ret=0 allow=1
[seccomp] ts=28340545946924 pid=91676 tgid=91676 comm=python3          mode=FILTER   target=0 nr/ret=-1 allow=0
[seccomp] ts=28340545946924 pid=91676 tgid=91676 comm=python3          mode=FILTER   target=0 nr/ret=0 allow=1
[seccomp] ts=28340623527257 pid=649 tgid=649 comm=redis-server     mode=FILTER   target=0 nr/ret=-1 allow=0
[seccomp] ts=28340623527257 pid=649 tgid=649 comm=redis-server     mode=FILTER   target=0 nr/ret=0 allow=1
[seccomp] ts=28340623584340 pid=649 tgid=649 comm=redis-server     mode=FILTER   target=0 nr/ret=-1 allow=0
[seccomp] ts=28340623584340 pid=649 tgid=649 comm=redis-server     mode=FILTER   target=0 nr/ret=0 allow=1
[seccomp] ts=28340623600799 pid=649 tgid=649 comm=redis-server     mode=FILTER   target=0 nr/ret=-1 allow=0
[seccomp] ts=28340623600799 pid=649 tgid=649 comm=redis-server     mode=FILTER   target=0 nr/ret=0 allow=1
[seccomp] ts=28340624099840 pid=649 tgid=649 comm=redis-server     mode=FILTER   target=0 nr/ret=-1 allow=0
[seccomp] ts=28340624099840 pid=649 tgid=649 comm=redis-server     mode=FILTER   target=0 nr/ret=0 allow=1
[seccomp] ts=28340730245924 pid=649 tgid=649 comm=redis-server     mode=FILTER   target=0 nr/ret=-1 allow=0
[seccomp] ts=28340730245924 pid=649 tgid=649 comm=redis-server     mode=FILTER   target=0 nr/ret=0 allow=1
[seccomp] ts=28340730401465 pid=649 tgid=649 comm=redis-server     mode=FILTER   target=0 nr/ret=-1 allow=0
[seccomp] ts=28340730401465 pid=649 tgid=649 comm=redis-server     mode=FILTER   target=0 nr/ret=0 allow=1
[seccomp] ts=28340730459007 pid=649 tgid=649 comm=redis-server     mode=FILTER   target=0 nr/ret=-1 allow=0
[seccomp] ts=28340730459007 pid=649 tgid=649 comm=redis-server     mode=FILTER   target=0 nr/ret=0 allow=1
[seccomp] ts=28340730945757 pid=649 tgid=649 comm=redis-server     mode=FILTER   target=0 nr/ret=-1 allow=0
[seccomp] ts=28340730945757 pid=649 tgid=649 comm=redis-server     mode=FILTER   target=0 nr/ret=0 allow=1
[seccomp] ts=28340837184049 pid=649 tgid=649 comm=redis-server     mode=FILTER   target=0 nr/ret=-1 allow=0
[seccomp] ts=28340837184049 pid=649 tgid=649 comm=redis-server     mode=FILTER   target=0 nr/ret=0 allow=1
[seccomp] ts=28340837258882 pid=649 tgid=649 comm=redis-server     mode=FILTER   target=0 nr/ret=-1 allow=0
[seccomp] ts=28340837258882 pid=649 tgid=649 comm=redis-server     mode=FILTER   target=0 nr/ret=0 allow=1
[seccomp] ts=28340837281757 pid=649 tgid=649 comm=redis-server     mode=FILTER   target=0 nr/ret=-1 allow=0
[seccomp] ts=28340837281757 pid=649 tgid=649 comm=redis-server     mode=FILTER   target=0 nr/ret=0 allow=1
[seccomp] ts=28340837711466 pid=649 tgid=649 comm=redis-server     mode=FILTER   target=0 nr/ret=-1 allow=0
[seccomp] ts=28340837711466 pid=649 tgid=649 comm=redis-server     mode=FILTER   target=0 nr/ret=0 allow=1
[seccomp] ts=28340938423216 pid=649 tgid=649 comm=redis-server     mode=FILTER   target=0 nr/ret=-1 allow=0
[seccomp] ts=28340938423216 pid=649 tgid=649 comm=redis-server     mode=FILTER   target=0 nr/ret=0 allow=1
[seccomp] ts=28340938527591 pid=649 tgid=649 comm=redis-server     mode=FILTER   target=0 nr/ret=-1 allow=0
[seccomp] ts=28340938527591 pid=649 tgid=649 comm=redis-server     mode=FILTER   target=0 nr/ret=0 allow=1
[seccomp] ts=28340938563632 pid=649 tgid=649 comm=redis-server     mode=FILTER   target=0 nr/ret=-1 allow=0
[seccomp] ts=28340938563632 pid=649 tgid=649 comm=redis-server     mode=FILTER   target=0 nr/ret=0 allow=1
[seccomp] ts=28340938964382 pid=649 tgid=649 comm=redis-server     mode=FILTER   target=0 nr/ret=-1 allow=0
[seccomp] ts=28340938964382 pid=649 tgid=649 comm=redis-server     mode=FILTER   target=0 nr/ret=0 allow=1
[seccomp] ts=28341043979132 pid=649 tgid=649 comm=redis-server     mode=FILTER   target=0 nr/ret=-1 allow=0
[seccomp] ts=28341043979132 pid=649 tgid=649 comm=redis-server     mode=FILTER   target=0 nr/ret=0 allow=1
[seccomp] ts=28341044946674 pid=649 tgid=649 comm=redis-server     mode=FILTER   target=0 nr/ret=-1 allow=0
[seccomp] ts=28341044946674 pid=649 tgid=649 comm=redis-server     mode=FILTER   target=0 nr/ret=0 allow=1
[seccomp] ts=28341045093091 pid=649 tgid=649 comm=redis-server     mode=FILTER   target=0 nr/ret=-1 allow=0
[seccomp] ts=28341045093091 pid=649 tgid=649 comm=redis-server     mode=FILTER   target=0 nr/ret=0 allow=1
[seccomp] ts=28341045829257 pid=649 tgid=649 comm=redis-server     mode=FILTER   target=0 nr/ret=-1 allow=0
[seccomp] ts=28341045829257 pid=649 tgid=649 comm=redis-server     mode=FILTER   target=0 nr/ret=0 allow=1
[seccomp] ts=28341148439007 pid=649 tgid=649 comm=redis-server     mode=FILTER   target=0 nr/ret=-1 allow=0
[seccomp] ts=28341148439007 pid=649 tgid=649 comm=redis-server     mode=FILTER   target=0 nr/ret=0 allow=1
[seccomp] ts=28341148516174 pid=649 tgid=649 comm=redis-server     mode=FILTER   target=0 nr/ret=-1 allow=0
[seccomp] ts=28341148516174 pid=649 tgid=649 comm=redis-server     mode=FILTER   target=0 nr/ret=0 allow=1
[seccomp] ts=28341148538091 pid=649 tgid=649 comm=redis-server     mode=FILTER   target=0 nr/ret=-1 allow=0
[seccomp] ts=28341148538091 pid=649 tgid=649 comm=redis-server     mode=FILTER   target=0 nr/ret=0 allow=1
[seccomp] ts=28341148978841 pid=649 tgid=649 comm=redis-server     mode=FILTER   target=0 nr/ret=-1 allow=0
[seccomp] ts=28341148978841 pid=649 tgid=649 comm=redis-server     mode=FILTER   target=0 nr/ret=0 allow=1
[seccomp] ts=28341254860674 pid=649 tgid=649 comm=redis-server     mode=FILTER   target=0 nr/ret=-1 allow=0
[seccomp] ts=28341254860674 pid=649 tgid=649 comm=redis-server     mode=FILTER   target=0 nr/ret=0 allow=1
[seccomp] ts=28341254992466 pid=649 tgid=649 comm=redis-server     mode=FILTER   target=0 nr/ret=-1 allow=0
[seccomp] ts=28341254992466 pid=649 tgid=649 comm=redis-server     mode=FILTER   target=0 nr/ret=0 allow=1
[seccomp] ts=28341255054466 pid=649 tgid=649 comm=redis-server     mode=FILTER   target=0 nr/ret=-1 allow=0
[seccomp] ts=28341255054466 pid=649 tgid=649 comm=redis-server     mode=FILTER   target=0 nr/ret=0 allow=1
[seccomp] ts=28341255833466 pid=649 tgid=649 comm=redis-server     mode=FILTER   target=0 nr/ret=-1 allow=0
[seccomp] ts=28341255833466 pid=649 tgid=649 comm=redis-server     mode=FILTER   target=0 nr/ret=0 allow=1
[seccomp] ts=28341351081091 pid=843 tgid=843 comm=postgres         mode=FILTER   target=0 nr/ret=-1 allow=0
[seccomp] ts=28341351081091 pid=843 tgid=843 comm=postgres         mode=FILTER   target=0 nr/ret=0 allow=1
[seccomp] ts=28341359276049 pid=649 tgid=649 comm=redis-server     mode=FILTER   target=0 nr/ret=-1 allow=0
[seccomp] ts=28341359276049 pid=649 tgid=649 comm=redis-server     mode=FILTER   target=0 nr/ret=0 allow=1
[seccomp] ts=28341359461716 pid=649 tgid=649 comm=redis-server     mode=FILTER   target=0 nr/ret=-1 allow=0
[seccomp] ts=28341359461716 pid=649 tgid=649 comm=redis-server     mode=FILTER   target=0 nr/ret=0 allow=1
[seccomp] ts=28341359514632 pid=649 tgid=649 comm=redis-server     mode=FILTER   target=0 nr/ret=-1 allow=0
[seccomp] ts=28341359514632 pid=649 tgid=649 comm=redis-server     mode=FILTER   target=0 nr/ret=0 allow=1
[seccomp] ts=28341360322132 pid=649 tgid=649 comm=redis-server     mode=FILTER   target=0 nr/ret=-1 allow=0
[seccomp] ts=28341360322132 pid=649 tgid=649 comm=redis-server     mode=FILTER   target=0 nr/ret=0 allow=1
[seccomp] ts=28341435461966 pid=91691 tgid=91691 comm=runc:[2:INIT]    mode=FILTER   target=0 nr/ret=-1 allow=0
[seccomp] ts=28341435461966 pid=91691 tgid=91691 comm=runc:[2:INIT]    mode=FILTER   target=0 nr/ret=0 allow=1
[seccomp] ts=28341435490007 pid=91691 tgid=91691 comm=runc:[2:INIT]    mode=FILTER   target=0 nr/ret=-1 allow=0
[seccomp] ts=28341435490007 pid=91691 tgid=91691 comm=runc:[2:INIT]    mode=FILTER   target=0 nr/ret=0 allow=1
[seccomp] ts=28341435492007 pid=91691 tgid=91691 comm=runc:[2:INIT]    mode=FILTER   target=0 nr/ret=-1 allow=0
[seccomp] ts=28341435492007 pid=91691 tgid=91691 comm=runc:[2:INIT]    mode=FILTER   target=0 nr/ret=0 allow=1
[seccomp] ts=28341435493841 pid=91691 tgid=91691 comm=runc:[2:INIT]    mode=FILTER   target=0 nr/ret=-1 allow=0
[seccomp] ts=28341435493841 pid=91691 tgid=91691 comm=runc:[2:INIT]    mode=FILTER   target=0 nr/ret=0 allow=1
[seccomp] ts=28341435495757 pid=91691 tgid=91691 comm=runc:[2:INIT]    mode=FILTER   target=0 nr/ret=-1 allow=0
[seccomp] ts=28341435495757 pid=91691 tgid=91691 comm=runc:[2:INIT]    mode=FILTER   target=0 nr/ret=0 allow=1
[seccomp] ts=28341435509091 pid=91691 tgid=91691 comm=runc:[2:INIT]    mode=FILTER   target=0 nr/ret=-1 allow=0
[seccomp] ts=28341435509091 pid=91691 tgid=91691 comm=runc:[2:INIT]    mode=FILTER   target=0 nr/ret=0 allow=1
[seccomp] ts=28341435518216 pid=91691 tgid=91691 comm=runc:[2:INIT]    mode=FILTER   target=0 nr/ret=-1 allow=0
[seccomp] ts=28341435518216 pid=91691 tgid=91691 comm=runc:[2:INIT]    mode=FILTER   target=0 nr/ret=0 allow=1
[seccomp] ts=28341435519716 pid=91691 tgid=91691 comm=runc:[2:INIT]    mode=FILTER   target=0 nr/ret=-1 allow=0
[seccomp] ts=28341435519716 pid=91691 tgid=91691 comm=runc:[2:INIT]    mode=FILTER   target=0 nr/ret=0 allow=1
[seccomp] ts=28341435521632 pid=91691 tgid=91691 comm=runc:[2:INIT]    mode=FILTER   target=0 nr/ret=-1 allow=0
[seccomp] ts=28341435521632 pid=91691 tgid=91691 comm=runc:[2:INIT]    mode=FILTER   target=0 nr/ret=0 allow=1
[seccomp] ts=28341435523257 pid=91691 tgid=91691 comm=runc:[2:INIT]    mode=FILTER   target=0 nr/ret=-1 allow=0
[seccomp] ts=28341435523257 pid=91691 tgid=91691 comm=runc:[2:INIT]    mode=FILTER   target=0 nr/ret=0 allow=1
[seccomp] ts=28341435524591 pid=91691 tgid=91691 comm=runc:[2:INIT]    mode=FILTER   target=0 nr/ret=-1 allow=0
[seccomp] ts=28341435524591 pid=91691 tgid=91691 comm=runc:[2:INIT]    mode=FILTER   target=0 nr/ret=0 allow=1
[seccomp] ts=28341435528841 pid=91691 tgid=91691 comm=runc:[2:INIT]    mode=FILTER   target=0 nr/ret=-1 allow=0
[seccomp] ts=28341435528841 pid=91691 tgid=91691 comm=runc:[2:INIT]    mode=FILTER   target=0 nr/ret=0 allow=1
[seccomp] ts=28341435546966 pid=91691 tgid=91691 comm=runc:[2:INIT]    mode=FILTER   target=0 nr/ret=-1 allow=0
[seccomp] ts=28341435546966 pid=91691 tgid=91691 comm=runc:[2:INIT]    mode=FILTER   target=0 nr/ret=0 allow=1
[seccomp] ts=28341435566466 pid=91691 tgid=91691 comm=runc:[2:INIT]    mode=FILTER   target=0 nr/ret=-1 allow=0
[seccomp] ts=28341435566466 pid=91691 tgid=91691 comm=runc:[2:INIT]    mode=FILTER   target=0 nr/ret=0 allow=1
[seccomp] ts=28341435576549 pid=91691 tgid=91691 comm=runc:[2:INIT]    mode=FILTER   target=0 nr/ret=-1 allow=0
[seccomp] ts=28341435576549 pid=91691 tgid=91691 comm=runc:[2:INIT]    mode=FILTER   target=0 nr/ret=0 allow=1
[seccomp] ts=28341435592549 pid=91691 tgid=91691 comm=runc:[2:INIT]    mode=FILTER   target=0 nr/ret=-1 allow=0
[seccomp] ts=28341435592549 pid=91691 tgid=91691 comm=runc:[2:INIT]    mode=FILTER   target=0 nr/ret=0 allow=1
[seccomp] ts=28341435615966 pid=91691 tgid=91691 comm=runc:[2:INIT]    mode=FILTER   target=0 nr/ret=-1 allow=0
[seccomp] ts=28341435615966 pid=91691 tgid=91691 comm=runc:[2:INIT]    mode=FILTER   target=0 nr/ret=0 allow=1
[seccomp] ts=28341435617591 pid=91691 tgid=91691 comm=runc:[2:INIT]    mode=FILTER   target=0 nr/ret=-1 allow=0
[seccomp] ts=28341435617591 pid=91691 tgid=91691 comm=runc:[2:INIT]    mode=FILTER   target=0 nr/ret=0 allow=1
[seccomp] ts=28341435620549 pid=91691 tgid=91691 comm=runc:[2:INIT]    mode=FILTER   target=0 nr/ret=-1 allow=0
[seccomp] ts=28341435620549 pid=91691 tgid=91691 comm=runc:[2:INIT]    mode=FILTER   target=0 nr/ret=0 allow=1
[seccomp] ts=28341435624841 pid=91691 tgid=91691 comm=runc:[2:INIT]    mode=FILTER   target=0 nr/ret=-1 allow=0
[seccomp] ts=28341435624841 pid=91691 tgid=91691 comm=runc:[2:INIT]    mode=FILTER   target=0 nr/ret=0 allow=1
[seccomp] ts=28341435626924 pid=91691 tgid=91691 comm=runc:[2:INIT]    mode=FILTER   target=0 nr/ret=-1 allow=0
[seccomp] ts=28341435626924 pid=91691 tgid=91691 comm=runc:[2:INIT]    mode=FILTER   target=0 nr/ret=0 allow=1
[seccomp] ts=28341435644799 pid=91691 tgid=91691 comm=runc:[2:INIT]    mode=FILTER   target=0 nr/ret=-1 allow=0
[seccomp] ts=28341435644799 pid=91691 tgid=91691 comm=runc:[2:INIT]    mode=FILTER   target=0 nr/ret=0 allow=1
[seccomp] ts=28341435687049 pid=91691 tgid=91691 comm=runc:[2:INIT]    mode=FILTER   target=0 nr/ret=-1 allow=0
[seccomp] ts=28341435687049 pid=91691 tgid=91691 comm=runc:[2:INIT]    mode=FILTER   target=0 nr/ret=0 allow=1
[seccomp] ts=28341435689216 pid=91691 tgid=91691 comm=runc:[2:INIT]    mode=FILTER   target=0 nr/ret=-1 allow=0
[seccomp] ts=28341435689216 pid=91691 tgid=91691 comm=runc:[2:INIT]    mode=FILTER   target=0 nr/ret=0 allow=1
[seccomp] ts=28341435692591 pid=91691 tgid=91691 comm=runc:[2:INIT]    mode=FILTER   target=0 nr/ret=-1 allow=0
[seccomp] ts=28341435692591 pid=91691 tgid=91691 comm=runc:[2:INIT]    mode=FILTER   target=0 nr/ret=0 allow=1
[seccomp] ts=28341435694257 pid=91691 tgid=91691 comm=runc:[2:INIT]    mode=FILTER   target=0 nr/ret=-1 allow=0
[seccomp] ts=28341435694257 pid=91691 tgid=91691 comm=runc:[2:INIT]    mode=FILTER   target=0 nr/ret=0 allow=1
[seccomp] ts=28341435695716 pid=91691 tgid=91691 comm=runc:[2:INIT]    mode=FILTER   target=0 nr/ret=-1 allow=0
[seccomp] ts=28341435695716 pid=91691 tgid=91691 comm=runc:[2:INIT]    mode=FILTER   target=0 nr/ret=0 allow=1
[seccomp] ts=28341435697299 pid=91691 tgid=91691 comm=runc:[2:INIT]    mode=FILTER   target=0 nr/ret=-1 allow=0
[seccomp] ts=28341435697299 pid=91691 tgid=91691 comm=runc:[2:INIT]    mode=FILTER   target=0 nr/ret=0 allow=1
[seccomp] ts=28341435698632 pid=91691 tgid=91691 comm=runc:[2:INIT]    mode=FILTER   target=0 nr/ret=-1 allow=0
[seccomp] ts=28341435698632 pid=91691 tgid=91691 comm=runc:[2:INIT]    mode=FILTER   target=0 nr/ret=0 allow=1
[seccomp] ts=28341435699966 pid=91691 tgid=91691 comm=runc:[2:INIT]    mode=FILTER   target=0 nr/ret=-1 allow=0
[seccomp] ts=28341435699966 pid=91691 tgid=91691 comm=runc:[2:INIT]    mode=FILTER   target=0 nr/ret=0 allow=1
[seccomp] ts=28341435701341 pid=91691 tgid=91691 comm=runc:[2:INIT]    mode=FILTER   target=0 nr/ret=-1 allow=0
[seccomp] ts=28341435701341 pid=91691 tgid=91691 comm=runc:[2:INIT]    mode=FILTER   target=0 nr/ret=0 allow=1
[seccomp] ts=28341435702757 pid=91691 tgid=91691 comm=runc:[2:INIT]    mode=FILTER   target=0 nr/ret=-1 allow=0
[seccomp] ts=28341435702757 pid=91691 tgid=91691 comm=runc:[2:INIT]    mode=FILTER   target=0 nr/ret=0 allow=1
[seccomp] ts=28341435704299 pid=91691 tgid=91691 comm=runc:[2:INIT]    mode=FILTER   target=0 nr/ret=-1 allow=0
[seccomp] ts=28341435704299 pid=91691 tgid=91691 comm=runc:[2:INIT]    mode=FILTER   target=0 nr/ret=0 allow=1
[seccomp] ts=28341435705674 pid=91691 tgid=91691 comm=runc:[2:INIT]    mode=FILTER   target=0 nr/ret=-1 allow=0
[seccomp] ts=28341435705674 pid=91691 tgid=91691 comm=runc:[2:INIT]    mode=FILTER   target=0 nr/ret=0 allow=1
[seccomp] ts=28341435707549 pid=91691 tgid=91691 comm=runc:[2:INIT]    mode=FILTER   target=0 nr/ret=-1 allow=0
[seccomp] ts=28341435707549 pid=91691 tgid=91691 comm=runc:[2:INIT]    mode=FILTER   target=0 nr/ret=0 allow=1
[seccomp] ts=28341435709132 pid=91691 tgid=91691 comm=runc:[2:INIT]    mode=FILTER   target=0 nr/ret=-1 allow=0
[seccomp] ts=28341435709132 pid=91691 tgid=91691 comm=runc:[2:INIT]    mode=FILTER   target=0 nr/ret=0 allow=1
[seccomp] ts=28341435710841 pid=91691 tgid=91691 comm=runc:[2:INIT]    mode=FILTER   target=0 nr/ret=-1 allow=0
[seccomp] ts=28341435710841 pid=91691 tgid=91691 comm=runc:[2:INIT]    mode=FILTER   target=0 nr/ret=0 allow=1
[seccomp] ts=28341435712716 pid=91691 tgid=91691 comm=runc:[2:INIT]    mode=FILTER   target=0 nr/ret=-1 allow=0
[seccomp] ts=28341435712716 pid=91691 tgid=91691 comm=runc:[2:INIT]    mode=FILTER   target=0 nr/ret=0 allow=1
[seccomp] ts=28341435714966 pid=91691 tgid=91691 comm=runc:[2:INIT]    mode=FILTER   target=0 nr/ret=-1 allow=0
[seccomp] ts=28341435714966 pid=91691 tgid=91691 comm=runc:[2:INIT]    mode=FILTER   target=0 nr/ret=0 allow=1
[seccomp] ts=28341435716632 pid=91691 tgid=91691 comm=runc:[2:INIT]    mode=FILTER   target=0 nr/ret=-1 allow=0
[seccomp] ts=28341435716632 pid=91691 tgid=91691 comm=runc:[2:INIT]    mode=FILTER   target=0 nr/ret=0 allow=1
[seccomp] ts=28341435718466 pid=91691 tgid=91691 comm=runc:[2:INIT]    mode=FILTER   target=0 nr/ret=-1 allow=0
[seccomp] ts=28341435718466 pid=91691 tgid=91691 comm=runc:[2:INIT]    mode=FILTER   target=0 nr/ret=0 allow=1
[seccomp] ts=28341435720299 pid=91691 tgid=91691 comm=runc:[2:INIT]    mode=FILTER   target=0 nr/ret=-1 allow=0
[seccomp] ts=28341435720299 pid=91691 tgid=91691 comm=runc:[2:INIT]    mode=FILTER   target=0 nr/ret=0 allow=1
[seccomp] ts=28341435721966 pid=91691 tgid=91691 comm=runc:[2:INIT]    mode=FILTER   target=0 nr/ret=-1 allow=0
[seccomp] ts=28341435721966 pid=91691 tgid=91691 comm=runc:[2:INIT]    mode=FILTER   target=0 nr/ret=0 allow=1
[seccomp] ts=28341435723424 pid=91691 tgid=91691 comm=runc:[2:INIT]    mode=FILTER   target=0 nr/ret=-1 allow=0
[seccomp] ts=28341435723424 pid=91691 tgid=91691 comm=runc:[2:INIT]    mode=FILTER   target=0 nr/ret=0 allow=1
[seccomp] ts=28341435724966 pid=91691 tgid=91691 comm=runc:[2:INIT]    mode=FILTER   target=0 nr/ret=-1 allow=0
[seccomp] ts=28341435724966 pid=91691 tgid=91691 comm=runc:[2:INIT]    mode=FILTER   target=0 nr/ret=0 allow=1
[seccomp] ts=28341435727049 pid=91691 tgid=91691 comm=runc:[2:INIT]    mode=FILTER   target=0 nr/ret=-1 allow=0
[seccomp] ts=28341435727049 pid=91691 tgid=91691 comm=runc:[2:INIT]    mode=FILTER   target=0 nr/ret=0 allow=1
[seccomp] ts=28341435728591 pid=91691 tgid=91691 comm=runc:[2:INIT]    mode=FILTER   target=0 nr/ret=-1 allow=0
[seccomp] ts=28341435728591 pid=91691 tgid=91691 comm=runc:[2:INIT]    mode=FILTER   target=0 nr/ret=0 allow=1
[seccomp] ts=28341435730132 pid=91691 tgid=91691 comm=runc:[2:INIT]    mode=FILTER   target=0 nr/ret=-1 allow=0
[seccomp] ts=28341435730132 pid=91691 tgid=91691 comm=runc:[2:INIT]    mode=FILTER   target=0 nr/ret=0 allow=1
[seccomp] ts=28341435731591 pid=91691 tgid=91691 comm=runc:[2:INIT]    mode=FILTER   target=0 nr/ret=-1 allow=0
[seccomp] ts=28341435731591 pid=91691 tgid=91691 comm=runc:[2:INIT]    mode=FILTER   target=0 nr/ret=0 allow=1
[seccomp] ts=28341435733132 pid=91691 tgid=91691 comm=runc:[2:INIT]    mode=FILTER   target=0 nr/ret=-1 allow=0
[seccomp] ts=28341435733132 pid=91691 tgid=91691 comm=runc:[2:INIT]    mode=FILTER   target=0 nr/ret=0 allow=1
[seccomp] ts=28341435735049 pid=91691 tgid=91691 comm=runc:[2:INIT]    mode=FILTER   target=0 nr/ret=-1 allow=0
[seccomp] ts=28341435735049 pid=91691 tgid=91691 comm=runc:[2:INIT]    mode=FILTER   target=0 nr/ret=0 allow=1
[seccomp] ts=28341435737424 pid=91691 tgid=91691 comm=runc:[2:INIT]    mode=FILTER   target=0 nr/ret=-1 allow=0
[seccomp] ts=28341435737424 pid=91691 tgid=91691 comm=runc:[2:INIT]    mode=FILTER   target=0 nr/ret=0 allow=1
[seccomp] ts=28341435740507 pid=91691 tgid=91691 comm=runc:[2:INIT]    mode=FILTER   target=0 nr/ret=-1 allow=0
[seccomp] ts=28341435740507 pid=91691 tgid=91691 comm=runc:[2:INIT]    mode=FILTER   target=0 nr/ret=0 allow=1
[seccomp] ts=28341435742841 pid=91691 tgid=91691 comm=runc:[2:INIT]    mode=FILTER   target=0 nr/ret=-1 allow=0
[seccomp] ts=28341435742841 pid=91691 tgid=91691 comm=runc:[2:INIT]    mode=FILTER   target=0 nr/ret=0 allow=1
[seccomp] ts=28341435752299 pid=91691 tgid=91691 comm=runc:[2:INIT]    mode=FILTER   target=0 nr/ret=-1 allow=0
[seccomp] ts=28341435752299 pid=91691 tgid=91691 comm=runc:[2:INIT]    mode=FILTER   target=0 nr/ret=-1 allow=0
[seccomp] ts=28341435761424 pid=91691 tgid=91691 comm=runc:[2:INIT]    mode=FILTER   target=0 nr/ret=-1 allow=0
[seccomp] ts=28341435761424 pid=91691 tgid=91691 comm=runc:[2:INIT]    mode=FILTER   target=0 nr/ret=0 allow=1
[seccomp] ts=28341435765049 pid=91691 tgid=91691 comm=runc:[2:INIT]    mode=FILTER   target=0 nr/ret=-1 allow=0
[seccomp] ts=28341435765049 pid=91691 tgid=91691 comm=runc:[2:INIT]    mode=FILTER   target=0 nr/ret=0 allow=1
[seccomp] ts=28341435766924 pid=91691 tgid=91691 comm=runc:[2:INIT]    mode=FILTER   target=0 nr/ret=-1 allow=0
[seccomp] ts=28341435766924 pid=91691 tgid=91691 comm=runc:[2:INIT]    mode=FILTER   target=0 nr/ret=0 allow=1
[seccomp] ts=28341435769632 pid=91691 tgid=91691 comm=runc:[2:INIT]    mode=FILTER   target=0 nr/ret=-1 allow=0
[seccomp] ts=28341435769632 pid=91691 tgid=91691 comm=runc:[2:INIT]    mode=FILTER   target=0 nr/ret=0 allow=1
[seccomp] ts=28341435772382 pid=91691 tgid=91691 comm=runc:[2:INIT]    mode=FILTER   target=0 nr/ret=-1 allow=0
[seccomp] ts=28341435772382 pid=91691 tgid=91691 comm=runc:[2:INIT]    mode=FILTER   target=0 nr/ret=0 allow=1
[seccomp] ts=28341435776049 pid=91691 tgid=91691 comm=runc:[2:INIT]    mode=FILTER   target=0 nr/ret=-1 allow=0
[seccomp] ts=28341435776049 pid=91691 tgid=91691 comm=runc:[2:INIT]    mode=FILTER   target=0 nr/ret=0 allow=1
[seccomp] ts=28341435781007 pid=91691 tgid=91691 comm=runc:[2:INIT]    mode=FILTER   target=0 nr/ret=-1 allow=0
[seccomp] ts=28341435781007 pid=91691 tgid=91691 comm=runc:[2:INIT]    mode=FILTER   target=0 nr/ret=0 allow=1
[seccomp] ts=28341435783341 pid=91691 tgid=91691 comm=runc:[2:INIT]    mode=FILTER   target=0 nr/ret=-1 allow=0
[seccomp] ts=28341435783341 pid=91691 tgid=91691 comm=runc:[2:INIT]    mode=FILTER   target=0 nr/ret=0 allow=1
[seccomp] ts=28341435785007 pid=91691 tgid=91691 comm=runc:[2:INIT]    mode=FILTER   target=0 nr/ret=-1 allow=0
[seccomp] ts=28341435785007 pid=91691 tgid=91691 comm=runc:[2:INIT]    mode=FILTER   target=0 nr/ret=0 allow=1
[seccomp] ts=28341435786966 pid=91691 tgid=91691 comm=runc:[2:INIT]    mode=FILTER   target=0 nr/ret=-1 allow=0
[seccomp] ts=28341435786966 pid=91691 tgid=91691 comm=runc:[2:INIT]    mode=FILTER   target=0 nr/ret=0 allow=1
[seccomp] ts=28341435788841 pid=91691 tgid=91691 comm=runc:[2:INIT]    mode=FILTER   target=0 nr/ret=-1 allow=0
[seccomp] ts=28341435788841 pid=91691 tgid=91691 comm=runc:[2:INIT]    mode=FILTER   target=0 nr/ret=0 allow=1
[seccomp] ts=28341435790799 pid=91691 tgid=91691 comm=runc:[2:INIT]    mode=FILTER   target=0 nr/ret=-1 allow=0
[seccomp] ts=28341435790799 pid=91691 tgid=91691 comm=runc:[2:INIT]    mode=FILTER   target=0 nr/ret=0 allow=1
[seccomp] ts=28341435794257 pid=91691 tgid=91691 comm=runc:[2:INIT]    mode=FILTER   target=0 nr/ret=-1 allow=0
[seccomp] ts=28341435794257 pid=91691 tgid=91691 comm=runc:[2:INIT]    mode=FILTER   target=0 nr/ret=0 allow=1
[seccomp] ts=28341435795882 pid=91691 tgid=91691 comm=runc:[2:INIT]    mode=FILTER   target=0 nr/ret=-1 allow=0
[seccomp] ts=28341435795882 pid=91691 tgid=91691 comm=runc:[2:INIT]    mode=FILTER   target=0 nr/ret=0 allow=1
[seccomp] ts=28341435797924 pid=91691 tgid=91691 comm=runc:[2:INIT]    mode=FILTER   target=0 nr/ret=-1 allow=0
[seccomp] ts=28341435797924 pid=91691 tgid=91691 comm=runc:[2:INIT]    mode=FILTER   target=0 nr/ret=0 allow=1
[seccomp] ts=28341435800299 pid=91691 tgid=91691 comm=runc:[2:INIT]    mode=FILTER   target=0 nr/ret=-1 allow=0
[seccomp] ts=28341435800299 pid=91691 tgid=91691 comm=runc:[2:INIT]    mode=FILTER   target=0 nr/ret=0 allow=1
[seccomp] ts=28341435802674 pid=91691 tgid=91691 comm=runc:[2:INIT]    mode=FILTER   target=0 nr/ret=-1 allow=0
[seccomp] ts=28341435802674 pid=91691 tgid=91691 comm=runc:[2:INIT]    mode=FILTER   target=0 nr/ret=0 allow=1
[seccomp] ts=28341435809799 pid=91691 tgid=91691 comm=runc:[2:INIT]    mode=FILTER   target=0 nr/ret=-1 allow=0
[seccomp] ts=28341435809799 pid=91691 tgid=91691 comm=runc:[2:INIT]    mode=FILTER   target=0 nr/ret=0 allow=1
[seccomp] ts=28341435813257 pid=91691 tgid=91691 comm=runc:[2:INIT]    mode=FILTER   target=0 nr/ret=-1 allow=0
[seccomp] ts=28341435813257 pid=91691 tgid=91691 comm=runc:[2:INIT]    mode=FILTER   target=0 nr/ret=0 allow=1
[seccomp] ts=28341435841966 pid=91691 tgid=91691 comm=runc:[2:INIT]    mode=FILTER   target=0 nr/ret=-1 allow=0
[seccomp] ts=28341435841966 pid=91691 tgid=91691 comm=runc:[2:INIT]    mode=FILTER   target=0 nr/ret=0 allow=1
[seccomp] ts=28341435843507 pid=91691 tgid=91691 comm=runc:[2:INIT]    mode=FILTER   target=0 nr/ret=-1 allow=0
[seccomp] ts=28341435843507 pid=91691 tgid=91691 comm=runc:[2:INIT]    mode=FILTER   target=0 nr/ret=0 allow=1
[seccomp] ts=28341435845549 pid=91691 tgid=91691 comm=runc:[2:INIT]    mode=FILTER   target=0 nr/ret=-1 allow=0
[seccomp] ts=28341435845549 pid=91691 tgid=91691 comm=runc:[2:INIT]    mode=FILTER   target=0 nr/ret=0 allow=1
[seccomp] ts=28341435847216 pid=91691 tgid=91691 comm=runc:[2:INIT]    mode=FILTER   target=0 nr/ret=-1 allow=0
[seccomp] ts=28341435847216 pid=91691 tgid=91691 comm=runc:[2:INIT]    mode=FILTER   target=0 nr/ret=0 allow=1
[seccomp] ts=28341435849466 pid=91691 tgid=91691 comm=runc:[2:INIT]    mode=FILTER   target=0 nr/ret=-1 allow=0
[seccomp] ts=28341435849466 pid=91691 tgid=91691 comm=runc:[2:INIT]    mode=FILTER   target=0 nr/ret=0 allow=1
[seccomp] ts=28341435852007 pid=91691 tgid=91691 comm=runc:[2:INIT]    mode=FILTER   target=0 nr/ret=-1 allow=0
[seccomp] ts=28341435852007 pid=91691 tgid=91691 comm=runc:[2:INIT]    mode=FILTER   target=0 nr/ret=0 allow=1
[seccomp] ts=28341435860466 pid=91691 tgid=91691 comm=runc:[2:INIT]    mode=FILTER   target=0 nr/ret=-1 allow=0
[seccomp] ts=28341435860466 pid=91691 tgid=91691 comm=runc:[2:INIT]    mode=FILTER   target=0 nr/ret=0 allow=1
[seccomp] ts=28341435862132 pid=91691 tgid=91691 comm=runc:[2:INIT]    mode=FILTER   target=0 nr/ret=-1 allow=0
[seccomp] ts=28341435862132 pid=91691 tgid=91691 comm=runc:[2:INIT]    mode=FILTER   target=0 nr/ret=0 allow=1
[seccomp] ts=28341435864049 pid=91691 tgid=91691 comm=runc:[2:INIT]    mode=FILTER   target=0 nr/ret=-1 allow=0
[seccomp] ts=28341435864049 pid=91691 tgid=91691 comm=runc:[2:INIT]    mode=FILTER   target=0 nr/ret=0 allow=1
[seccomp] ts=28341435866257 pid=91691 tgid=91691 comm=runc:[2:INIT]    mode=FILTER   target=0 nr/ret=-1 allow=0
[seccomp] ts=28341435866257 pid=91691 tgid=91691 comm=runc:[2:INIT]    mode=FILTER   target=0 nr/ret=0 allow=1
[seccomp] ts=28341435868174 pid=91691 tgid=91691 comm=runc:[2:INIT]    mode=FILTER   target=0 nr/ret=-1 allow=0
[seccomp] ts=28341435868174 pid=91691 tgid=91691 comm=runc:[2:INIT]    mode=FILTER   target=0 nr/ret=0 allow=1
[seccomp] ts=28341435872757 pid=91691 tgid=91691 comm=runc:[2:INIT]    mode=FILTER   target=0 nr/ret=-1 allow=0
[seccomp] ts=28341435872757 pid=91691 tgid=91691 comm=runc:[2:INIT]    mode=FILTER   target=0 nr/ret=0 allow=1
[seccomp] ts=28341435875591 pid=91691 tgid=91691 comm=runc:[2:INIT]    mode=FILTER   target=0 nr/ret=-1 allow=0
[seccomp] ts=28341435875591 pid=91691 tgid=91691 comm=runc:[2:INIT]    mode=FILTER   target=0 nr/ret=0 allow=1
[seccomp] ts=28341435879049 pid=91691 tgid=91691 comm=runc:[2:INIT]    mode=FILTER   target=0 nr/ret=-1 allow=0
[seccomp] ts=28341435879049 pid=91691 tgid=91691 comm=runc:[2:INIT]    mode=FILTER   target=0 nr/ret=0 allow=1
[seccomp] ts=28341435881591 pid=91691 tgid=91691 comm=runc:[2:INIT]    mode=FILTER   target=0 nr/ret=-1 allow=0
[seccomp] ts=28341435881591 pid=91691 tgid=91691 comm=runc:[2:INIT]    mode=FILTER   target=0 nr/ret=0 allow=1
[seccomp] ts=28341435886174 pid=91691 tgid=91691 comm=runc:[2:INIT]    mode=FILTER   target=0 nr/ret=-1 allow=0
[seccomp] ts=28341435886174 pid=91691 tgid=91691 comm=runc:[2:INIT]    mode=FILTER   target=0 nr/ret=0 allow=1
[seccomp] ts=28341435890257 pid=91691 tgid=91691 comm=runc:[2:INIT]    mode=FILTER   target=0 nr/ret=-1 allow=0
[seccomp] ts=28341435890257 pid=91691 tgid=91691 comm=runc:[2:INIT]    mode=FILTER   target=0 nr/ret=0 allow=1
[seccomp] ts=28341435892341 pid=91691 tgid=91691 comm=runc:[2:INIT]    mode=FILTER   target=0 nr/ret=-1 allow=0
[seccomp] ts=28341435892341 pid=91691 tgid=91691 comm=runc:[2:INIT]    mode=FILTER   target=0 nr/ret=0 allow=1
[seccomp] ts=28341435895091 pid=91691 tgid=91691 comm=runc:[2:INIT]    mode=FILTER   target=0 nr/ret=-1 allow=0
[seccomp] ts=28341435895091 pid=91691 tgid=91691 comm=runc:[2:INIT]    mode=FILTER   target=0 nr/ret=0 allow=1
[seccomp] ts=28341435897799 pid=91691 tgid=91691 comm=runc:[2:INIT]    mode=FILTER   target=0 nr/ret=-1 allow=0
[seccomp] ts=28341435897799 pid=91691 tgid=91691 comm=runc:[2:INIT]    mode=FILTER   target=0 nr/ret=0 allow=1
[seccomp] ts=28341435899882 pid=91691 tgid=91691 comm=runc:[2:INIT]    mode=FILTER   target=0 nr/ret=-1 allow=0
[seccomp] ts=28341435899882 pid=91691 tgid=91691 comm=runc:[2:INIT]    mode=FILTER   target=0 nr/ret=0 allow=1
[seccomp] ts=28341435902174 pid=91691 tgid=91691 comm=runc:[2:INIT]    mode=FILTER   target=0 nr/ret=-1 allow=0
[seccomp] ts=28341435902174 pid=91691 tgid=91691 comm=runc:[2:INIT]    mode=FILTER   target=0 nr/ret=0 allow=1
[seccomp] ts=28341435905924 pid=91691 tgid=91691 comm=runc:[2:INIT]    mode=FILTER   target=0 nr/ret=-1 allow=0
[seccomp] ts=28341435905924 pid=91691 tgid=91691 comm=runc:[2:INIT]    mode=FILTER   target=0 nr/ret=0 allow=1
[seccomp] ts=28341435907966 pid=91691 tgid=91691 comm=runc:[2:INIT]    mode=FILTER   target=0 nr/ret=-1 allow=0
[seccomp] ts=28341435907966 pid=91691 tgid=91691 comm=runc:[2:INIT]    mode=FILTER   target=0 nr/ret=0 allow=1
[seccomp] ts=28341435912091 pid=91691 tgid=91691 comm=runc:[2:INIT]    mode=FILTER   target=0 nr/ret=-1 allow=0
[seccomp] ts=28341435912091 pid=91691 tgid=91691 comm=runc:[2:INIT]    mode=FILTER   target=0 nr/ret=0 allow=1
[seccomp] ts=28341435919257 pid=91691 tgid=91691 comm=runc:[2:INIT]    mode=FILTER   target=0 nr/ret=-1 allow=0
[seccomp] ts=28341435919257 pid=91691 tgid=91691 comm=runc:[2:INIT]    mode=FILTER   target=0 nr/ret=0 allow=1
[seccomp] ts=28341435920966 pid=91691 tgid=91691 comm=runc:[2:INIT]    mode=FILTER   target=0 nr/ret=-1 allow=0
[seccomp] ts=28341435920966 pid=91691 tgid=91691 comm=runc:[2:INIT]    mode=FILTER   target=0 nr/ret=0 allow=1
[seccomp] ts=28341435934091 pid=91691 tgid=91691 comm=runc:[2:INIT]    mode=FILTER   target=0 nr/ret=-1 allow=0
[seccomp] ts=28341435934091 pid=91691 tgid=91691 comm=runc:[2:INIT]    mode=FILTER   target=0 nr/ret=0 allow=1
[seccomp] ts=28341435935757 pid=91691 tgid=91691 comm=runc:[2:INIT]    mode=FILTER   target=0 nr/ret=-1 allow=0
[seccomp] ts=28341435935757 pid=91691 tgid=91691 comm=runc:[2:INIT]    mode=FILTER   target=0 nr/ret=0 allow=1
[seccomp] ts=28341435946507 pid=91691 tgid=91691 comm=runc:[2:INIT]    mode=FILTER   target=0 nr/ret=-1 allow=0
[seccomp] ts=28341435946507 pid=91691 tgid=91691 comm=runc:[2:INIT]    mode=FILTER   target=0 nr/ret=0 allow=1
[seccomp] ts=28341435987341 pid=91691 tgid=91691 comm=runc:[2:INIT]    mode=FILTER   target=0 nr/ret=-1 allow=0
[seccomp] ts=28341435987341 pid=91691 tgid=91691 comm=runc:[2:INIT]    mode=FILTER   target=0 nr/ret=0 allow=1
[seccomp] ts=28341436019716 pid=91691 tgid=91691 comm=runc:[2:INIT]    mode=FILTER   target=0 nr/ret=-1 allow=0
[seccomp] ts=28341436019716 pid=91691 tgid=91691 comm=runc:[2:INIT]    mode=FILTER   target=0 nr/ret=0 allow=1
[seccomp] ts=28341436021216 pid=91691 tgid=91691 comm=runc:[2:INIT]    mode=FILTER   target=0 nr/ret=-1 allow=0
[seccomp] ts=28341436021216 pid=91691 tgid=91691 comm=runc:[2:INIT]    mode=FILTER   target=0 nr/ret=0 allow=1
[seccomp] ts=28341436038507 pid=91691 tgid=91691 comm=runc:[2:INIT]    mode=FILTER   target=0 nr/ret=-1 allow=0
[seccomp] ts=28341436038507 pid=91691 tgid=91691 comm=runc:[2:INIT]    mode=FILTER   target=0 nr/ret=0 allow=1
[seccomp] ts=28341436039882 pid=91691 tgid=91691 comm=runc:[2:INIT]    mode=FILTER   target=0 nr/ret=-1 allow=0
[seccomp] ts=28341436039882 pid=91691 tgid=91691 comm=runc:[2:INIT]    mode=FILTER   target=0 nr/ret=0 allow=1
[seccomp] ts=28341436050132 pid=91691 tgid=91691 comm=runc:[2:INIT]    mode=FILTER   target=0 nr/ret=-1 allow=0
[seccomp] ts=28341436050132 pid=91691 tgid=91691 comm=runc:[2:INIT]    mode=FILTER   target=0 nr/ret=0 allow=1
[seccomp] ts=28341436258632 pid=91691 tgid=91691 comm=runc:[2:INIT]    mode=FILTER   target=0 nr/ret=-1 allow=0
[seccomp] ts=28341436258632 pid=91691 tgid=91691 comm=runc:[2:INIT]    mode=FILTER   target=0 nr/ret=0 allow=1
[seccomp] ts=28341436295132 pid=91691 tgid=91691 comm=runc:[2:INIT]    mode=FILTER   target=0 nr/ret=-1 allow=0
[seccomp] ts=28341436295132 pid=91691 tgid=91691 comm=runc:[2:INIT]    mode=FILTER   target=0 nr/ret=0 allow=1
[seccomp] ts=28341436296841 pid=91691 tgid=91691 comm=runc:[2:INIT]    mode=FILTER   target=0 nr/ret=-1 allow=0
[seccomp] ts=28341436296841 pid=91691 tgid=91691 comm=runc:[2:INIT]    mode=FILTER   target=0 nr/ret=0 allow=1
[seccomp] ts=28341436313591 pid=91691 tgid=91691 comm=runc:[2:INIT]    mode=FILTER   target=0 nr/ret=-1 allow=0
[seccomp] ts=28341436313591 pid=91691 tgid=91691 comm=runc:[2:INIT]    mode=FILTER   target=0 nr/ret=0 allow=1
[seccomp] ts=28341436315091 pid=91691 tgid=91691 comm=runc:[2:INIT]    mode=FILTER   target=0 nr/ret=-1 allow=0
[seccomp] ts=28341436315091 pid=91691 tgid=91691 comm=runc:[2:INIT]    mode=FILTER   target=0 nr/ret=0 allow=1
[seccomp] ts=28341436332632 pid=91691 tgid=91691 comm=runc:[2:INIT]    mode=FILTER   target=0 nr/ret=-1 allow=0
[seccomp] ts=28341436332632 pid=91691 tgid=91691 comm=runc:[2:INIT]    mode=FILTER   target=0 nr/ret=0 allow=1
[seccomp] ts=28341436422882 pid=91691 tgid=91691 comm=runc:[2:INIT]    mode=FILTER   target=0 nr/ret=-1 allow=0
[seccomp] ts=28341436422882 pid=91691 tgid=91691 comm=runc:[2:INIT]    mode=FILTER   target=0 nr/ret=0 allow=1
[seccomp] ts=28341436450507 pid=91691 tgid=91691 comm=runc:[2:INIT]    mode=FILTER   target=0 nr/ret=-1 allow=0
[seccomp] ts=28341436450507 pid=91691 tgid=91691 comm=runc:[2:INIT]    mode=FILTER   target=0 nr/ret=0 allow=1
[seccomp] ts=28341436452257 pid=91691 tgid=91691 comm=runc:[2:INIT]    mode=FILTER   target=0 nr/ret=-1 allow=0
[seccomp] ts=28341436452257 pid=91691 tgid=91691 comm=runc:[2:INIT]    mode=FILTER   target=0 nr/ret=0 allow=1
[seccomp] ts=28341436464757 pid=91691 tgid=91691 comm=runc:[2:INIT]    mode=FILTER   target=0 nr/ret=-1 allow=0
[seccomp] ts=28341436464757 pid=91691 tgid=91691 comm=runc:[2:INIT]    mode=FILTER   target=0 nr/ret=0 allow=1
[seccomp] ts=28341436481757 pid=91691 tgid=91691 comm=runc:[2:INIT]    mode=FILTER   target=0 nr/ret=-1 allow=0
[seccomp] ts=28341436481757 pid=91691 tgid=91691 comm=runc:[2:INIT]    mode=FILTER   target=0 nr/ret=0 allow=1
[seccomp] ts=28341436490882 pid=91691 tgid=91691 comm=runc:[2:INIT]    mode=FILTER   target=0 nr/ret=-1 allow=0
[seccomp] ts=28341436490882 pid=91691 tgid=91691 comm=runc:[2:INIT]    mode=FILTER   target=0 nr/ret=0 allow=1
[seccomp] ts=28341436581841 pid=91691 tgid=91691 comm=runc:[2:INIT]    mode=FILTER   target=0 nr/ret=-1 allow=0
[seccomp] ts=28341436581841 pid=91691 tgid=91691 comm=runc:[2:INIT]    mode=FILTER   target=0 nr/ret=0 allow=1
[seccomp] ts=28341436609507 pid=91691 tgid=91691 comm=runc:[2:INIT]    mode=FILTER   target=0 nr/ret=-1 allow=0
[seccomp] ts=28341436609507 pid=91691 tgid=91691 comm=runc:[2:INIT]    mode=FILTER   target=0 nr/ret=0 allow=1
[seccomp] ts=28341436612007 pid=91691 tgid=91691 comm=runc:[2:INIT]    mode=FILTER   target=0 nr/ret=-1 allow=0
[seccomp] ts=28341436612007 pid=91691 tgid=91691 comm=runc:[2:INIT]    mode=FILTER   target=0 nr/ret=0 allow=1
[seccomp] ts=28341436615382 pid=91691 tgid=91691 comm=runc:[2:INIT]    mode=FILTER   target=0 nr/ret=-1 allow=0
[seccomp] ts=28341436615382 pid=91691 tgid=91691 comm=runc:[2:INIT]    mode=FILTER   target=0 nr/ret=0 allow=1
[seccomp] ts=28341436617132 pid=91691 tgid=91691 comm=runc:[2:INIT]    mode=FILTER   target=0 nr/ret=-1 allow=0
[seccomp] ts=28341436617132 pid=91691 tgid=91691 comm=runc:[2:INIT]    mode=FILTER   target=0 nr/ret=0 allow=1
[seccomp] ts=28341436618674 pid=91691 tgid=91691 comm=runc:[2:INIT]    mode=FILTER   target=0 nr/ret=-1 allow=0
[seccomp] ts=28341436618674 pid=91691 tgid=91691 comm=runc:[2:INIT]    mode=FILTER   target=0 nr/ret=0 allow=1
[seccomp] ts=28341436620049 pid=91691 tgid=91691 comm=runc:[2:INIT]    mode=FILTER   target=0 nr/ret=-1 allow=0
[seccomp] ts=28341436620049 pid=91691 tgid=91691 comm=runc:[2:INIT]    mode=FILTER   target=0 nr/ret=0 allow=1
[seccomp] ts=28341436621716 pid=91691 tgid=91691 comm=runc:[2:INIT]    mode=FILTER   target=0 nr/ret=-1 allow=0
[seccomp] ts=28341436621716 pid=91691 tgid=91691 comm=runc:[2:INIT]    mode=FILTER   target=0 nr/ret=0 allow=1
[seccomp] ts=28341436623132 pid=91691 tgid=91691 comm=runc:[2:INIT]    mode=FILTER   target=0 nr/ret=-1 allow=0
[seccomp] ts=28341436623132 pid=91691 tgid=91691 comm=runc:[2:INIT]    mode=FILTER   target=0 nr/ret=0 allow=1
[seccomp] ts=28341436625549 pid=91691 tgid=91691 comm=runc:[2:INIT]    mode=FILTER   target=0 nr/ret=-1 allow=0
[seccomp] ts=28341436625549 pid=91691 tgid=91691 comm=runc:[2:INIT]    mode=FILTER   target=0 nr/ret=0 allow=1
[seccomp] ts=28341436627007 pid=91691 tgid=91691 comm=runc:[2:INIT]    mode=FILTER   target=0 nr/ret=-1 allow=0
[seccomp] ts=28341436627007 pid=91691 tgid=91691 comm=runc:[2:INIT]    mode=FILTER   target=0 nr/ret=0 allow=1
[seccomp] ts=28341436628591 pid=91691 tgid=91691 comm=runc:[2:INIT]    mode=FILTER   target=0 nr/ret=-1 allow=0
[seccomp] ts=28341436628591 pid=91691 tgid=91691 comm=runc:[2:INIT]    mode=FILTER   target=0 nr/ret=0 allow=1
[seccomp] ts=28341436630091 pid=91691 tgid=91691 comm=runc:[2:INIT]    mode=FILTER   target=0 nr/ret=-1 allow=0
[seccomp] ts=28341436630091 pid=91691 tgid=91691 comm=runc:[2:INIT]    mode=FILTER   target=0 nr/ret=0 allow=1
[seccomp] ts=28341436631757 pid=91691 tgid=91691 comm=runc:[2:INIT]    mode=FILTER   target=0 nr/ret=-1 allow=0
[seccomp] ts=28341436631757 pid=91691 tgid=91691 comm=runc:[2:INIT]    mode=FILTER   target=0 nr/ret=0 allow=1
[seccomp] ts=28341436633466 pid=91691 tgid=91691 comm=runc:[2:INIT]    mode=FILTER   target=0 nr/ret=-1 allow=0
[seccomp] ts=28341436633466 pid=91691 tgid=91691 comm=runc:[2:INIT]    mode=FILTER   target=0 nr/ret=0 allow=1
[seccomp] ts=28341436635174 pid=91691 tgid=91691 comm=runc:[2:INIT]    mode=FILTER   target=0 nr/ret=-1 allow=0
[seccomp] ts=28341436635174 pid=91691 tgid=91691 comm=runc:[2:INIT]    mode=FILTER   target=0 nr/ret=0 allow=1
[seccomp] ts=28341436636757 pid=91691 tgid=91691 comm=runc:[2:INIT]    mode=FILTER   target=0 nr/ret=-1 allow=0
[seccomp] ts=28341436636757 pid=91691 tgid=91691 comm=runc:[2:INIT]    mode=FILTER   target=0 nr/ret=0 allow=1
[seccomp] ts=28341436638341 pid=91691 tgid=91691 comm=runc:[2:INIT]    mode=FILTER   target=0 nr/ret=-1 allow=0
[seccomp] ts=28341436638341 pid=91691 tgid=91691 comm=runc:[2:INIT]    mode=FILTER   target=0 nr/ret=0 allow=1
[seccomp] ts=28341436640007 pid=91691 tgid=91691 comm=runc:[2:INIT]    mode=FILTER   target=0 nr/ret=-1 allow=0
[seccomp] ts=28341436640007 pid=91691 tgid=91691 comm=runc:[2:INIT]    mode=FILTER   target=0 nr/ret=0 allow=1
[seccomp] ts=28341436641466 pid=91691 tgid=91691 comm=runc:[2:INIT]    mode=FILTER   target=0 nr/ret=-1 allow=0
[seccomp] ts=28341436641466 pid=91691 tgid=91691 comm=runc:[2:INIT]    mode=FILTER   target=0 nr/ret=0 allow=1
[seccomp] ts=28341436643257 pid=91691 tgid=91691 comm=runc:[2:INIT]    mode=FILTER   target=0 nr/ret=-1 allow=0
[seccomp] ts=28341436643257 pid=91691 tgid=91691 comm=runc:[2:INIT]    mode=FILTER   target=0 nr/ret=0 allow=1
[seccomp] ts=28341436644882 pid=91691 tgid=91691 comm=runc:[2:INIT]    mode=FILTER   target=0 nr/ret=-1 allow=0
[seccomp] ts=28341436644882 pid=91691 tgid=91691 comm=runc:[2:INIT]    mode=FILTER   target=0 nr/ret=0 allow=1
[seccomp] ts=28341436646341 pid=91691 tgid=91691 comm=runc:[2:INIT]    mode=FILTER   target=0 nr/ret=-1 allow=0
[seccomp] ts=28341436646341 pid=91691 tgid=91691 comm=runc:[2:INIT]    mode=FILTER   target=0 nr/ret=0 allow=1
[seccomp] ts=28341436647841 pid=91691 tgid=91691 comm=runc:[2:INIT]    mode=FILTER   target=0 nr/ret=-1 allow=0
[seccomp] ts=28341436647841 pid=91691 tgid=91691 comm=runc:[2:INIT]    mode=FILTER   target=0 nr/ret=0 allow=1
[seccomp] ts=28341436649257 pid=91691 tgid=91691 comm=runc:[2:INIT]    mode=FILTER   target=0 nr/ret=-1 allow=0
[seccomp] ts=28341436649257 pid=91691 tgid=91691 comm=runc:[2:INIT]    mode=FILTER   target=0 nr/ret=0 allow=1
[seccomp] ts=28341436650757 pid=91691 tgid=91691 comm=runc:[2:INIT]    mode=FILTER   target=0 nr/ret=-1 allow=0
[seccomp] ts=28341436650757 pid=91691 tgid=91691 comm=runc:[2:INIT]    mode=FILTER   target=0 nr/ret=0 allow=1
[seccomp] ts=28341436652132 pid=91691 tgid=91691 comm=runc:[2:INIT]    mode=FILTER   target=0 nr/ret=-1 allow=0
[seccomp] ts=28341436652132 pid=91691 tgid=91691 comm=runc:[2:INIT]    mode=FILTER   target=0 nr/ret=0 allow=1
[seccomp] ts=28341436653507 pid=91691 tgid=91691 comm=runc:[2:INIT]    mode=FILTER   target=0 nr/ret=-1 allow=0
[seccomp] ts=28341436653507 pid=91691 tgid=91691 comm=runc:[2:INIT]    mode=FILTER   target=0 nr/ret=0 allow=1
[seccomp] ts=28341436654966 pid=91691 tgid=91691 comm=runc:[2:INIT]    mode=FILTER   target=0 nr/ret=-1 allow=0
[seccomp] ts=28341436654966 pid=91691 tgid=91691 comm=runc:[2:INIT]    mode=FILTER   target=0 nr/ret=0 allow=1
[seccomp] ts=28341436657132 pid=91691 tgid=91691 comm=runc:[2:INIT]    mode=FILTER   target=0 nr/ret=-1 allow=0
[seccomp] ts=28341436657132 pid=91691 tgid=91691 comm=runc:[2:INIT]    mode=FILTER   target=0 nr/ret=0 allow=1
[seccomp] ts=28341436658924 pid=91691 tgid=91691 comm=runc:[2:INIT]    mode=FILTER   target=0 nr/ret=-1 allow=0
[seccomp] ts=28341436658924 pid=91691 tgid=91691 comm=runc:[2:INIT]    mode=FILTER   target=0 nr/ret=0 allow=1
[seccomp] ts=28341436660591 pid=91691 tgid=91691 comm=runc:[2:INIT]    mode=FILTER   target=0 nr/ret=-1 allow=0
[seccomp] ts=28341436660591 pid=91691 tgid=91691 comm=runc:[2:INIT]    mode=FILTER   target=0 nr/ret=0 allow=1
[seccomp] ts=28341436662757 pid=91691 tgid=91691 comm=runc:[2:INIT]    mode=FILTER   target=0 nr/ret=-1 allow=0
[seccomp] ts=28341436662757 pid=91691 tgid=91691 comm=runc:[2:INIT]    mode=FILTER   target=0 nr/ret=0 allow=1
[seccomp] ts=28341436666549 pid=91691 tgid=91691 comm=runc:[2:INIT]    mode=FILTER   target=0 nr/ret=-1 allow=0
[seccomp] ts=28341436666549 pid=91691 tgid=91691 comm=runc:[2:INIT]    mode=FILTER   target=0 nr/ret=0 allow=1
[seccomp] ts=28341436679882 pid=91691 tgid=91691 comm=runc:[2:INIT]    mode=FILTER   target=0 nr/ret=-1 allow=0
[seccomp] ts=28341436679882 pid=91691 tgid=91691 comm=runc:[2:INIT]    mode=FILTER   target=0 nr/ret=0 allow=1
[seccomp] ts=28341436684132 pid=91691 tgid=91691 comm=runc:[2:INIT]    mode=FILTER   target=0 nr/ret=-1 allow=0
[seccomp] ts=28341436684132 pid=91691 tgid=91691 comm=runc:[2:INIT]    mode=FILTER   target=0 nr/ret=0 allow=1
[seccomp] ts=28341436759591 pid=91691 tgid=91691 comm=runc:[2:INIT]    mode=FILTER   target=0 nr/ret=-1 allow=0
[seccomp] ts=28341436759591 pid=91691 tgid=91691 comm=runc:[2:INIT]    mode=FILTER   target=0 nr/ret=0 allow=1
[seccomp] ts=28341436795424 pid=91691 tgid=91691 comm=runc:[2:INIT]    mode=FILTER   target=0 nr/ret=-1 allow=0
[seccomp] ts=28341436795424 pid=91691 tgid=91691 comm=runc:[2:INIT]    mode=FILTER   target=0 nr/ret=0 allow=1
[seccomp] ts=28341436799966 pid=91691 tgid=91691 comm=runc:[2:INIT]    mode=FILTER   target=0 nr/ret=-1 allow=0
[seccomp] ts=28341436799966 pid=91691 tgid=91691 comm=runc:[2:INIT]    mode=FILTER   target=0 nr/ret=0 allow=1
[seccomp] ts=28341436801549 pid=91691 tgid=91691 comm=runc:[2:INIT]    mode=FILTER   target=0 nr/ret=-1 allow=0
[seccomp] ts=28341436801549 pid=91691 tgid=91691 comm=runc:[2:INIT]    mode=FILTER   target=0 nr/ret=0 allow=1
[seccomp] ts=28341436803674 pid=91691 tgid=91691 comm=runc:[2:INIT]    mode=FILTER   target=0 nr/ret=-1 allow=0
[seccomp] ts=28341436803674 pid=91691 tgid=91691 comm=runc:[2:INIT]    mode=FILTER   target=0 nr/ret=0 allow=1
[seccomp] ts=28341436805466 pid=91691 tgid=91691 comm=runc:[2:INIT]    mode=FILTER   target=0 nr/ret=-1 allow=0
[seccomp] ts=28341436805466 pid=91691 tgid=91691 comm=runc:[2:INIT]    mode=FILTER   target=0 nr/ret=0 allow=1
[seccomp] ts=28341436808091 pid=91691 tgid=91691 comm=runc:[2:INIT]    mode=FILTER   target=0 nr/ret=-1 allow=0
[seccomp] ts=28341436808091 pid=91691 tgid=91691 comm=runc:[2:INIT]    mode=FILTER   target=0 nr/ret=0 allow=1
[seccomp] ts=28341436811841 pid=91691 tgid=91691 comm=runc:[2:INIT]    mode=FILTER   target=0 nr/ret=-1 allow=0
[seccomp] ts=28341436811841 pid=91691 tgid=91691 comm=runc:[2:INIT]    mode=FILTER   target=0 nr/ret=0 allow=1
[seccomp] ts=28341436813174 pid=91691 tgid=91691 comm=runc:[2:INIT]    mode=FILTER   target=0 nr/ret=-1 allow=0
[seccomp] ts=28341436813174 pid=91691 tgid=91691 comm=runc:[2:INIT]    mode=FILTER   target=0 nr/ret=0 allow=1
[seccomp] ts=28341436814716 pid=91691 tgid=91691 comm=runc:[2:INIT]    mode=FILTER   target=0 nr/ret=-1 allow=0
[seccomp] ts=28341436814716 pid=91691 tgid=91691 comm=runc:[2:INIT]    mode=FILTER   target=0 nr/ret=0 allow=1
[seccomp] ts=28341436816799 pid=91691 tgid=91691 comm=runc:[2:INIT]    mode=FILTER   target=0 nr/ret=-1 allow=0
[seccomp] ts=28341436816799 pid=91691 tgid=91691 comm=runc:[2:INIT]    mode=FILTER   target=0 nr/ret=0 allow=1
[seccomp] ts=28341436818632 pid=91691 tgid=91691 comm=runc:[2:INIT]    mode=FILTER   target=0 nr/ret=-1 allow=0
[seccomp] ts=28341436818632 pid=91691 tgid=91691 comm=runc:[2:INIT]    mode=FILTER   target=0 nr/ret=0 allow=1
[seccomp] ts=28341436823299 pid=91691 tgid=91691 comm=runc:[2:INIT]    mode=FILTER   target=0 nr/ret=-1 allow=0
[seccomp] ts=28341436823299 pid=91691 tgid=91691 comm=runc:[2:INIT]    mode=FILTER   target=0 nr/ret=0 allow=1
[seccomp] ts=28341436826091 pid=91691 tgid=91691 comm=runc:[2:INIT]    mode=FILTER   target=0 nr/ret=-1 allow=0
[seccomp] ts=28341436826091 pid=91691 tgid=91691 comm=runc:[2:INIT]    mode=FILTER   target=0 nr/ret=0 allow=1
[seccomp] ts=28341436828049 pid=91691 tgid=91691 comm=runc:[2:INIT]    mode=FILTER   target=0 nr/ret=-1 allow=0
[seccomp] ts=28341436828049 pid=91691 tgid=91691 comm=runc:[2:INIT]    mode=FILTER   target=0 nr/ret=0 allow=1
[seccomp] ts=28341436829257 pid=91691 tgid=91691 comm=runc:[2:INIT]    mode=FILTER   target=0 nr/ret=-1 allow=0
[seccomp] ts=28341436829257 pid=91691 tgid=91691 comm=runc:[2:INIT]    mode=FILTER   target=0 nr/ret=0 allow=1
[seccomp] ts=28341436830674 pid=91691 tgid=91691 comm=runc:[2:INIT]    mode=FILTER   target=0 nr/ret=-1 allow=0
[seccomp] ts=28341436830674 pid=91691 tgid=91691 comm=runc:[2:INIT]    mode=FILTER   target=0 nr/ret=0 allow=1
[seccomp] ts=28341436832132 pid=91691 tgid=91691 comm=runc:[2:INIT]    mode=FILTER   target=0 nr/ret=-1 allow=0
[seccomp] ts=28341436832132 pid=91691 tgid=91691 comm=runc:[2:INIT]    mode=FILTER   target=0 nr/ret=0 allow=1
[seccomp] ts=28341436833799 pid=91691 tgid=91691 comm=runc:[2:INIT]    mode=FILTER   target=0 nr/ret=-1 allow=0
[seccomp] ts=28341436833799 pid=91691 tgid=91691 comm=runc:[2:INIT]    mode=FILTER   target=0 nr/ret=0 allow=1
[seccomp] ts=28341436835591 pid=91691 tgid=91691 comm=runc:[2:INIT]    mode=FILTER   target=0 nr/ret=-1 allow=0
[seccomp] ts=28341436835591 pid=91691 tgid=91691 comm=runc:[2:INIT]    mode=FILTER   target=0 nr/ret=0 allow=1
[seccomp] ts=28341436836882 pid=91691 tgid=91691 comm=runc:[2:INIT]    mode=FILTER   target=0 nr/ret=-1 allow=0
[seccomp] ts=28341436836882 pid=91691 tgid=91691 comm=runc:[2:INIT]    mode=FILTER   target=0 nr/ret=0 allow=1
[seccomp] ts=28341436838299 pid=91691 tgid=91691 comm=runc:[2:INIT]    mode=FILTER   target=0 nr/ret=-1 allow=0
[seccomp] ts=28341436838299 pid=91691 tgid=91691 comm=runc:[2:INIT]    mode=FILTER   target=0 nr/ret=0 allow=1
[seccomp] ts=28341436840007 pid=91691 tgid=91691 comm=runc:[2:INIT]    mode=FILTER   target=0 nr/ret=-1 allow=0
[seccomp] ts=28341436840007 pid=91691 tgid=91691 comm=runc:[2:INIT]    mode=FILTER   target=0 nr/ret=0 allow=1
[seccomp] ts=28341436841424 pid=91691 tgid=91691 comm=runc:[2:INIT]    mode=FILTER   target=0 nr/ret=-1 allow=0
[seccomp] ts=28341436841424 pid=91691 tgid=91691 comm=runc:[2:INIT]    mode=FILTER   target=0 nr/ret=0 allow=1
[seccomp] ts=28341436843549 pid=91691 tgid=91691 comm=runc:[2:INIT]    mode=FILTER   target=0 nr/ret=-1 allow=0
[seccomp] ts=28341436843549 pid=91691 tgid=91691 comm=runc:[2:INIT]    mode=FILTER   target=0 nr/ret=0 allow=1
[seccomp] ts=28341436845591 pid=91691 tgid=91691 comm=runc:[2:INIT]    mode=FILTER   target=0 nr/ret=-1 allow=0
[seccomp] ts=28341436845591 pid=91691 tgid=91691 comm=runc:[2:INIT]    mode=FILTER   target=0 nr/ret=0 allow=1
[seccomp] ts=28341436847882 pid=91691 tgid=91691 comm=runc:[2:INIT]    mode=FILTER   target=0 nr/ret=-1 allow=0
[seccomp] ts=28341436847882 pid=91691 tgid=91691 comm=runc:[2:INIT]    mode=FILTER   target=0 nr/ret=0 allow=1
[seccomp] ts=28341436852007 pid=91691 tgid=91691 comm=runc:[2:INIT]    mode=FILTER   target=0 nr/ret=-1 allow=0
[seccomp] ts=28341436852007 pid=91691 tgid=91691 comm=runc:[2:INIT]    mode=FILTER   target=0 nr/ret=0 allow=1
[seccomp] ts=28341436854882 pid=91691 tgid=91691 comm=runc:[2:INIT]    mode=FILTER   target=0 nr/ret=-1 allow=0
[seccomp] ts=28341436854882 pid=91691 tgid=91691 comm=runc:[2:INIT]    mode=FILTER   target=0 nr/ret=0 allow=1
[seccomp] ts=28341436856757 pid=91691 tgid=91691 comm=runc:[2:INIT]    mode=FILTER   target=0 nr/ret=-1 allow=0
[seccomp] ts=28341436856757 pid=91691 tgid=91691 comm=runc:[2:INIT]    mode=FILTER   target=0 nr/ret=0 allow=1
[seccomp] ts=28341436859007 pid=91691 tgid=91691 comm=runc:[2:INIT]    mode=FILTER   target=0 nr/ret=-1 allow=0
[seccomp] ts=28341436859007 pid=91691 tgid=91691 comm=runc:[2:INIT]    mode=FILTER   target=0 nr/ret=0 allow=1
[seccomp] ts=28341436861216 pid=91691 tgid=91691 comm=runc:[2:INIT]    mode=FILTER   target=0 nr/ret=-1 allow=0
[seccomp] ts=28341436861216 pid=91691 tgid=91691 comm=runc:[2:INIT]    mode=FILTER   target=0 nr/ret=0 allow=1
[seccomp] ts=28341436862882 pid=91691 tgid=91691 comm=runc:[2:INIT]    mode=FILTER   target=0 nr/ret=-1 allow=0
[seccomp] ts=28341436862882 pid=91691 tgid=91691 comm=runc:[2:INIT]    mode=FILTER   target=0 nr/ret=0 allow=1
[seccomp] ts=28341436867049 pid=91691 tgid=91691 comm=runc:[2:INIT]    mode=FILTER   target=0 nr/ret=-1 allow=0
[seccomp] ts=28341436867049 pid=91691 tgid=91691 comm=runc:[2:INIT]    mode=FILTER   target=0 nr/ret=0 allow=1
[seccomp] ts=28341436883841 pid=91691 tgid=91691 comm=runc:[2:INIT]    mode=FILTER   target=0 nr/ret=-1 allow=0
[seccomp] ts=28341436883841 pid=91691 tgid=91691 comm=runc:[2:INIT]    mode=FILTER   target=0 nr/ret=0 allow=1
[seccomp] ts=28341436886674 pid=91691 tgid=91691 comm=runc:[2:INIT]    mode=FILTER   target=0 nr/ret=-1 allow=0
[seccomp] ts=28341436886674 pid=91691 tgid=91691 comm=runc:[2:INIT]    mode=FILTER   target=0 nr/ret=0 allow=1
[seccomp] ts=28341436890841 pid=91691 tgid=91691 comm=runc:[2:INIT]    mode=FILTER   target=0 nr/ret=-1 allow=0
[seccomp] ts=28341436890841 pid=91691 tgid=91691 comm=runc:[2:INIT]    mode=FILTER   target=0 nr/ret=0 allow=1
[seccomp] ts=28341436893257 pid=91691 tgid=91691 comm=runc:[2:INIT]    mode=FILTER   target=0 nr/ret=-1 allow=0
[seccomp] ts=28341436893257 pid=91691 tgid=91691 comm=runc:[2:INIT]    mode=FILTER   target=0 nr/ret=0 allow=1
[seccomp] ts=28341436895132 pid=91691 tgid=91691 comm=runc:[2:INIT]    mode=FILTER   target=0 nr/ret=-1 allow=0
[seccomp] ts=28341436895132 pid=91691 tgid=91691 comm=runc:[2:INIT]    mode=FILTER   target=0 nr/ret=0 allow=1
[seccomp] ts=28341436899841 pid=91691 tgid=91691 comm=runc:[2:INIT]    mode=FILTER   target=0 nr/ret=-1 allow=0
[seccomp] ts=28341436899841 pid=91691 tgid=91691 comm=runc:[2:INIT]    mode=FILTER   target=0 nr/ret=0 allow=1
[seccomp] ts=28341437665091 pid=91691 tgid=91691 comm=sh               mode=FILTER   target=0 nr/ret=-1 allow=0
[seccomp] ts=28341437665091 pid=91691 tgid=91691 comm=sh               mode=FILTER   target=0 nr/ret=0 allow=1
[seccomp] ts=28341437701716 pid=91691 tgid=91691 comm=sh               mode=FILTER   target=0 nr/ret=-1 allow=0
[seccomp] ts=28341437701716 pid=91691 tgid=91691 comm=sh               mode=FILTER   target=0 nr/ret=0 allow=1
[seccomp] ts=28341437703007 pid=91691 tgid=91691 comm=sh               mode=FILTER   target=0 nr/ret=-1 allow=0
[seccomp] ts=28341437703007 pid=91691 tgid=91691 comm=sh               mode=FILTER   target=0 nr/ret=0 allow=1
[seccomp] ts=28341437708049 pid=91691 tgid=91691 comm=sh               mode=FILTER   target=0 nr/ret=-1 allow=0
[seccomp] ts=28341437708049 pid=91691 tgid=91691 comm=sh               mode=FILTER   target=0 nr/ret=0 allow=1
[seccomp] ts=28341437730924 pid=91691 tgid=91691 comm=sh               mode=FILTER   target=0 nr/ret=-1 allow=0
[seccomp] ts=28341437730924 pid=91691 tgid=91691 comm=sh               mode=FILTER   target=0 nr/ret=0 allow=1
[seccomp] ts=28341437885257 pid=91691 tgid=91691 comm=sh               mode=FILTER   target=0 nr/ret=-1 allow=0
[seccomp] ts=28341437885257 pid=91691 tgid=91691 comm=sh               mode=FILTER   target=0 nr/ret=0 allow=1
[seccomp] ts=28341437943549 pid=91691 tgid=91691 comm=sh               mode=FILTER   target=0 nr/ret=-1 allow=0
[seccomp] ts=28341437943549 pid=91691 tgid=91691 comm=sh               mode=FILTER   target=0 nr/ret=0 allow=1
[seccomp] ts=28341437997841 pid=91691 tgid=91691 comm=sh               mode=FILTER   target=0 nr/ret=-1 allow=0
[seccomp] ts=28341437997841 pid=91691 tgid=91691 comm=sh               mode=FILTER   target=0 nr/ret=0 allow=1
[seccomp] ts=28341438138924 pid=91691 tgid=91691 comm=sh               mode=FILTER   target=0 nr/ret=-1 allow=0
[seccomp] ts=28341438138924 pid=91691 tgid=91691 comm=sh               mode=FILTER   target=0 nr/ret=0 allow=1
[seccomp] ts=28341438166466 pid=91691 tgid=91691 comm=sh               mode=FILTER   target=0 nr/ret=-1 allow=0
[seccomp] ts=28341438166466 pid=91691 tgid=91691 comm=sh               mode=FILTER   target=0 nr/ret=0 allow=1
[seccomp] ts=28341438171757 pid=91691 tgid=91691 comm=sh               mode=FILTER   target=0 nr/ret=-1 allow=0
[seccomp] ts=28341438171757 pid=91691 tgid=91691 comm=sh               mode=FILTER   target=0 nr/ret=0 allow=1
[seccomp] ts=28341438192132 pid=91691 tgid=91691 comm=sh               mode=FILTER   target=0 nr/ret=-1 allow=0
[seccomp] ts=28341438192132 pid=91691 tgid=91691 comm=sh               mode=FILTER   target=0 nr/ret=0 allow=1
[seccomp] ts=28341438193507 pid=91691 tgid=91691 comm=sh               mode=FILTER   target=0 nr/ret=-1 allow=0
[seccomp] ts=28341438193507 pid=91691 tgid=91691 comm=sh               mode=FILTER   target=0 nr/ret=0 allow=1
[seccomp] ts=28341438201341 pid=91691 tgid=91691 comm=sh               mode=FILTER   target=0 nr/ret=-1 allow=0
[seccomp] ts=28341438201341 pid=91691 tgid=91691 comm=sh               mode=FILTER   target=0 nr/ret=0 allow=1
[seccomp] ts=28341438206049 pid=91691 tgid=91691 comm=sh               mode=FILTER   target=0 nr/ret=-1 allow=0
[seccomp] ts=28341438206049 pid=91691 tgid=91691 comm=sh               mode=FILTER   target=0 nr/ret=0 allow=1
[seccomp] ts=28341438210799 pid=91691 tgid=91691 comm=sh               mode=FILTER   target=0 nr/ret=-1 allow=0
[seccomp] ts=28341438210799 pid=91691 tgid=91691 comm=sh               mode=FILTER   target=0 nr/ret=0 allow=1
[seccomp] ts=28341438266091 pid=91691 tgid=91691 comm=sh               mode=FILTER   target=0 nr/ret=-1 allow=0
[seccomp] ts=28341438266091 pid=91691 tgid=91691 comm=sh               mode=FILTER   target=0 nr/ret=0 allow=1
[seccomp] ts=28341438284591 pid=91691 tgid=91691 comm=sh               mode=FILTER   target=0 nr/ret=-1 allow=0
[seccomp] ts=28341438284591 pid=91691 tgid=91691 comm=sh               mode=FILTER   target=0 nr/ret=0 allow=1
[seccomp] ts=28341438285882 pid=91691 tgid=91691 comm=sh               mode=FILTER   target=0 nr/ret=-1 allow=0
[seccomp] ts=28341438285882 pid=91691 tgid=91691 comm=sh               mode=FILTER   target=0 nr/ret=0 allow=1
[seccomp] ts=28341438287007 pid=91691 tgid=91691 comm=sh               mode=FILTER   target=0 nr/ret=-1 allow=0
[seccomp] ts=28341438287007 pid=91691 tgid=91691 comm=sh               mode=FILTER   target=0 nr/ret=0 allow=1
[seccomp] ts=28341438288216 pid=91691 tgid=91691 comm=sh               mode=FILTER   target=0 nr/ret=-1 allow=0
[seccomp] ts=28341438288216 pid=91691 tgid=91691 comm=sh               mode=FILTER   target=0 nr/ret=0 allow=1
[seccomp] ts=28341438300507 pid=91691 tgid=91691 comm=sh               mode=FILTER   target=0 nr/ret=-1 allow=0
[seccomp] ts=28341438300507 pid=91691 tgid=91691 comm=sh               mode=FILTER   target=0 nr/ret=0 allow=1
[seccomp] ts=28341438305882 pid=91691 tgid=91691 comm=sh               mode=FILTER   target=0 nr/ret=-1 allow=0
[seccomp] ts=28341438305882 pid=91691 tgid=91691 comm=sh               mode=FILTER   target=0 nr/ret=0 allow=1
[seccomp] ts=28341438314716 pid=91691 tgid=91691 comm=sh               mode=FILTER   target=0 nr/ret=-1 allow=0
[seccomp] ts=28341438314716 pid=91691 tgid=91691 comm=sh               mode=FILTER   target=0 nr/ret=0 allow=1
[seccomp] ts=28341438472966 pid=91691 tgid=91691 comm=pg_isready       mode=FILTER   target=0 nr/ret=-1 allow=0
[seccomp] ts=28341438472966 pid=91691 tgid=91691 comm=pg_isready       mode=FILTER   target=0 nr/ret=0 allow=1
[seccomp] ts=28341438502966 pid=91691 tgid=91691 comm=pg_isready       mode=FILTER   target=0 nr/ret=-1 allow=0
[seccomp] ts=28341438502966 pid=91691 tgid=91691 comm=pg_isready       mode=FILTER   target=0 nr/ret=0 allow=1
[seccomp] ts=28341438504382 pid=91691 tgid=91691 comm=pg_isready       mode=FILTER   target=0 nr/ret=-1 allow=0
[seccomp] ts=28341438504382 pid=91691 tgid=91691 comm=pg_isready       mode=FILTER   target=0 nr/ret=0 allow=1
[seccomp] ts=28341438509299 pid=91691 tgid=91691 comm=pg_isready       mode=FILTER   target=0 nr/ret=-1 allow=0
[seccomp] ts=28341438509299 pid=91691 tgid=91691 comm=pg_isready       mode=FILTER   target=0 nr/ret=0 allow=1
[seccomp] ts=28341438526174 pid=91691 tgid=91691 comm=pg_isready       mode=FILTER   target=0 nr/ret=-1 allow=0
[seccomp] ts=28341438526174 pid=91691 tgid=91691 comm=pg_isready       mode=FILTER   target=0 nr/ret=0 allow=1
[seccomp] ts=28341438565424 pid=91691 tgid=91691 comm=pg_isready       mode=FILTER   target=0 nr/ret=-1 allow=0
[seccomp] ts=28341438565424 pid=91691 tgid=91691 comm=pg_isready       mode=FILTER   target=0 nr/ret=0 allow=1
[seccomp] ts=28341438568382 pid=91691 tgid=91691 comm=pg_isready       mode=FILTER   target=0 nr/ret=-1 allow=0
[seccomp] ts=28341438568382 pid=91691 tgid=91691 comm=pg_isready       mode=FILTER   target=0 nr/ret=0 allow=1
[seccomp] ts=28341438575424 pid=91691 tgid=91691 comm=pg_isready       mode=FILTER   target=0 nr/ret=-1 allow=0
[seccomp] ts=28341438575424 pid=91691 tgid=91691 comm=pg_isready       mode=FILTER   target=0 nr/ret=0 allow=1
[seccomp] ts=28341438577049 pid=91691 tgid=91691 comm=pg_isready       mode=FILTER   target=0 nr/ret=-1 allow=0
[seccomp] ts=28341438577049 pid=91691 tgid=91691 comm=pg_isready       mode=FILTER   target=0 nr/ret=0 allow=1
[seccomp] ts=28341438582257 pid=91691 tgid=91691 comm=pg_isready       mode=FILTER   target=0 nr/ret=-1 allow=0
[seccomp] ts=28341438582257 pid=91691 tgid=91691 comm=pg_isready       mode=FILTER   target=0 nr/ret=0 allow=1
[seccomp] ts=28341438585257 pid=91691 tgid=91691 comm=pg_isready       mode=FILTER   target=0 nr/ret=-1 allow=0
[seccomp] ts=28341438585257 pid=91691 tgid=91691 comm=pg_isready       mode=FILTER   target=0 nr/ret=0 allow=1
[seccomp] ts=28341438589507 pid=91691 tgid=91691 comm=pg_isready       mode=FILTER   target=0 nr/ret=-1 allow=0
[seccomp] ts=28341438589507 pid=91691 tgid=91691 comm=pg_isready       mode=FILTER   target=0 nr/ret=0 allow=1
[seccomp] ts=28341438599549 pid=91691 tgid=91691 comm=pg_isready       mode=FILTER   target=0 nr/ret=-1 allow=0
[seccomp] ts=28341438599549 pid=91691 tgid=91691 comm=pg_isready       mode=FILTER   target=0 nr/ret=0 allow=1
[seccomp] ts=28341438607049 pid=91691 tgid=91691 comm=pg_isready       mode=FILTER   target=0 nr/ret=-1 allow=0
[seccomp] ts=28341438607049 pid=91691 tgid=91691 comm=pg_isready       mode=FILTER   target=0 nr/ret=0 allow=1
[seccomp] ts=28341438630007 pid=91691 tgid=91691 comm=pg_isready       mode=FILTER   target=0 nr/ret=-1 allow=0
[seccomp] ts=28341438630007 pid=91691 tgid=91691 comm=pg_isready       mode=FILTER   target=0 nr/ret=0 allow=1
[seccomp] ts=28341438632757 pid=91691 tgid=91691 comm=pg_isready       mode=FILTER   target=0 nr/ret=-1 allow=0
[seccomp] ts=28341438632757 pid=91691 tgid=91691 comm=pg_isready       mode=FILTER   target=0 nr/ret=0 allow=1
[seccomp] ts=28341438640091 pid=91691 tgid=91691 comm=pg_isready       mode=FILTER   target=0 nr/ret=-1 allow=0
[seccomp] ts=28341438640091 pid=91691 tgid=91691 comm=pg_isready       mode=FILTER   target=0 nr/ret=0 allow=1
[seccomp] ts=28341438641674 pid=91691 tgid=91691 comm=pg_isready       mode=FILTER   target=0 nr/ret=-1 allow=0
[seccomp] ts=28341438641674 pid=91691 tgid=91691 comm=pg_isready       mode=FILTER   target=0 nr/ret=0 allow=1
[seccomp] ts=28341438643507 pid=91691 tgid=91691 comm=pg_isready       mode=FILTER   target=0 nr/ret=-1 allow=0
[seccomp] ts=28341438643507 pid=91691 tgid=91691 comm=pg_isready       mode=FILTER   target=0 nr/ret=0 allow=1
[seccomp] ts=28341438737549 pid=91691 tgid=91691 comm=pg_isready       mode=FILTER   target=0 nr/ret=-1 allow=0
[seccomp] ts=28341438737549 pid=91691 tgid=91691 comm=pg_isready       mode=FILTER   target=0 nr/ret=0 allow=1
[seccomp] ts=28341438767591 pid=91691 tgid=91691 comm=pg_isready       mode=FILTER   target=0 nr/ret=-1 allow=0
[seccomp] ts=28341438767591 pid=91691 tgid=91691 comm=pg_isready       mode=FILTER   target=0 nr/ret=0 allow=1
[seccomp] ts=28341438785132 pid=91691 tgid=91691 comm=pg_isready       mode=FILTER   target=0 nr/ret=-1 allow=0
[seccomp] ts=28341438785132 pid=91691 tgid=91691 comm=pg_isready       mode=FILTER   target=0 nr/ret=0 allow=1
[seccomp] ts=28341438798966 pid=91691 tgid=91691 comm=pg_isready       mode=FILTER   target=0 nr/ret=-1 allow=0
[seccomp] ts=28341438798966 pid=91691 tgid=91691 comm=pg_isready       mode=FILTER   target=0 nr/ret=0 allow=1
[seccomp] ts=28341438806674 pid=91691 tgid=91691 comm=pg_isready       mode=FILTER   target=0 nr/ret=-1 allow=0
[seccomp] ts=28341438806674 pid=91691 tgid=91691 comm=pg_isready       mode=FILTER   target=0 nr/ret=0 allow=1
[seccomp] ts=28341438811507 pid=91691 tgid=91691 comm=pg_isready       mode=FILTER   target=0 nr/ret=-1 allow=0
[seccomp] ts=28341438811507 pid=91691 tgid=91691 comm=pg_isready       mode=FILTER   target=0 nr/ret=0 allow=1
[seccomp] ts=28341438818007 pid=91691 tgid=91691 comm=pg_isready       mode=FILTER   target=0 nr/ret=-1 allow=0
[seccomp] ts=28341438818007 pid=91691 tgid=91691 comm=pg_isready       mode=FILTER   target=0 nr/ret=0 allow=1
[seccomp] ts=28341438819549 pid=91691 tgid=91691 comm=pg_isready       mode=FILTER   target=0 nr/ret=-1 allow=0
[seccomp] ts=28341438819549 pid=91691 tgid=91691 comm=pg_isready       mode=FILTER   target=0 nr/ret=0 allow=1
[seccomp] ts=28341438822674 pid=91691 tgid=91691 comm=pg_isready       mode=FILTER   target=0 nr/ret=-1 allow=0
[seccomp] ts=28341438822674 pid=91691 tgid=91691 comm=pg_isready       mode=FILTER   target=0 nr/ret=0 allow=1
[seccomp] ts=28341438825549 pid=91691 tgid=91691 comm=pg_isready       mode=FILTER   target=0 nr/ret=-1 allow=0
[seccomp] ts=28341438825549 pid=91691 tgid=91691 comm=pg_isready       mode=FILTER   target=0 nr/ret=0 allow=1
[seccomp] ts=28341438829424 pid=91691 tgid=91691 comm=pg_isready       mode=FILTER   target=0 nr/ret=-1 allow=0
[seccomp] ts=28341438829424 pid=91691 tgid=91691 comm=pg_isready       mode=FILTER   target=0 nr/ret=0 allow=1
[seccomp] ts=28341438836466 pid=91691 tgid=91691 comm=pg_isready       mode=FILTER   target=0 nr/ret=-1 allow=0
[seccomp] ts=28341438836466 pid=91691 tgid=91691 comm=pg_isready       mode=FILTER   target=0 nr/ret=0 allow=1
[seccomp] ts=28341438842841 pid=91691 tgid=91691 comm=pg_isready       mode=FILTER   target=0 nr/ret=-1 allow=0
[seccomp] ts=28341438842841 pid=91691 tgid=91691 comm=pg_isready       mode=FILTER   target=0 nr/ret=0 allow=1
[seccomp] ts=28341438850716 pid=91691 tgid=91691 comm=pg_isready       mode=FILTER   target=0 nr/ret=-1 allow=0
[seccomp] ts=28341438850716 pid=91691 tgid=91691 comm=pg_isready       mode=FILTER   target=0 nr/ret=0 allow=1
[seccomp] ts=28341438872299 pid=91691 tgid=91691 comm=pg_isready       mode=FILTER   target=0 nr/ret=-1 allow=0
[seccomp] ts=28341438872299 pid=91691 tgid=91691 comm=pg_isready       mode=FILTER   target=0 nr/ret=0 allow=1
[seccomp] ts=28341438874716 pid=91691 tgid=91691 comm=pg_isready       mode=FILTER   target=0 nr/ret=-1 allow=0
[seccomp] ts=28341438874716 pid=91691 tgid=91691 comm=pg_isready       mode=FILTER   target=0 nr/ret=0 allow=1
[seccomp] ts=28341438881174 pid=91691 tgid=91691 comm=pg_isready       mode=FILTER   target=0 nr/ret=-1 allow=0
[seccomp] ts=28341438881174 pid=91691 tgid=91691 comm=pg_isready       mode=FILTER   target=0 nr/ret=0 allow=1
[seccomp] ts=28341438882674 pid=91691 tgid=91691 comm=pg_isready       mode=FILTER   target=0 nr/ret=-1 allow=0
[seccomp] ts=28341438882674 pid=91691 tgid=91691 comm=pg_isready       mode=FILTER   target=0 nr/ret=0 allow=1
[seccomp] ts=28341438884674 pid=91691 tgid=91691 comm=pg_isready       mode=FILTER   target=0 nr/ret=-1 allow=0
[seccomp] ts=28341438884674 pid=91691 tgid=91691 comm=pg_isready       mode=FILTER   target=0 nr/ret=0 allow=1
[seccomp] ts=28341438887341 pid=91691 tgid=91691 comm=pg_isready       mode=FILTER   target=0 nr/ret=-1 allow=0
[seccomp] ts=28341438887341 pid=91691 tgid=91691 comm=pg_isready       mode=FILTER   target=0 nr/ret=0 allow=1
[seccomp] ts=28341438893716 pid=91691 tgid=91691 comm=pg_isready       mode=FILTER   target=0 nr/ret=-1 allow=0
[seccomp] ts=28341438893716 pid=91691 tgid=91691 comm=pg_isready       mode=FILTER   target=0 nr/ret=0 allow=1
[seccomp] ts=28341438902424 pid=91691 tgid=91691 comm=pg_isready       mode=FILTER   target=0 nr/ret=-1 allow=0
[seccomp] ts=28341438902424 pid=91691 tgid=91691 comm=pg_isready       mode=FILTER   target=0 nr/ret=0 allow=1
[seccomp] ts=28341438907216 pid=91691 tgid=91691 comm=pg_isready       mode=FILTER   target=0 nr/ret=-1 allow=0
[seccomp] ts=28341438907216 pid=91691 tgid=91691 comm=pg_isready       mode=FILTER   target=0 nr/ret=0 allow=1
[seccomp] ts=28341438910257 pid=91691 tgid=91691 comm=pg_isready       mode=FILTER   target=0 nr/ret=-1 allow=0
[seccomp] ts=28341438910257 pid=91691 tgid=91691 comm=pg_isready       mode=FILTER   target=0 nr/ret=0 allow=1
[seccomp] ts=28341438912966 pid=91691 tgid=91691 comm=pg_isready       mode=FILTER   target=0 nr/ret=-1 allow=0
[seccomp] ts=28341438912966 pid=91691 tgid=91691 comm=pg_isready       mode=FILTER   target=0 nr/ret=0 allow=1
[seccomp] ts=28341438919049 pid=91691 tgid=91691 comm=pg_isready       mode=FILTER   target=0 nr/ret=-1 allow=0
[seccomp] ts=28341438919049 pid=91691 tgid=91691 comm=pg_isready       mode=FILTER   target=0 nr/ret=0 allow=1
[seccomp] ts=28341438920216 pid=91691 tgid=91691 comm=pg_isready       mode=FILTER   target=0 nr/ret=-1 allow=0
[seccomp] ts=28341438920216 pid=91691 tgid=91691 comm=pg_isready       mode=FILTER   target=0 nr/ret=0 allow=1
[seccomp] ts=28341438921841 pid=91691 tgid=91691 comm=pg_isready       mode=FILTER   target=0 nr/ret=-1 allow=0
[seccomp] ts=28341438921841 pid=91691 tgid=91691 comm=pg_isready       mode=FILTER   target=0 nr/ret=0 allow=1
[seccomp] ts=28341438924424 pid=91691 tgid=91691 comm=pg_isready       mode=FILTER   target=0 nr/ret=-1 allow=0
[seccomp] ts=28341438924424 pid=91691 tgid=91691 comm=pg_isready       mode=FILTER   target=0 nr/ret=0 allow=1
[seccomp] ts=28341438928299 pid=91691 tgid=91691 comm=pg_isready       mode=FILTER   target=0 nr/ret=-1 allow=0
[seccomp] ts=28341438928299 pid=91691 tgid=91691 comm=pg_isready       mode=FILTER   target=0 nr/ret=0 allow=1
[seccomp] ts=28341438934924 pid=91691 tgid=91691 comm=pg_isready       mode=FILTER   target=0 nr/ret=-1 allow=0
[seccomp] ts=28341438934924 pid=91691 tgid=91691 comm=pg_isready       mode=FILTER   target=0 nr/ret=0 allow=1
[seccomp] ts=28341438944132 pid=91691 tgid=91691 comm=pg_isready       mode=FILTER   target=0 nr/ret=-1 allow=0
[seccomp] ts=28341438944132 pid=91691 tgid=91691 comm=pg_isready       mode=FILTER   target=0 nr/ret=0 allow=1
[seccomp] ts=28341438968216 pid=91691 tgid=91691 comm=pg_isready       mode=FILTER   target=0 nr/ret=-1 allow=0
[seccomp] ts=28341438968216 pid=91691 tgid=91691 comm=pg_isready       mode=FILTER   target=0 nr/ret=0 allow=1
[seccomp] ts=28341438989174 pid=91691 tgid=91691 comm=pg_isready       mode=FILTER   target=0 nr/ret=-1 allow=0
[seccomp] ts=28341438989174 pid=91691 tgid=91691 comm=pg_isready       mode=FILTER   target=0 nr/ret=0 allow=1
[seccomp] ts=28341438991507 pid=91691 tgid=91691 comm=pg_isready       mode=FILTER   target=0 nr/ret=-1 allow=0
[seccomp] ts=28341438991507 pid=91691 tgid=91691 comm=pg_isready       mode=FILTER   target=0 nr/ret=0 allow=1
[seccomp] ts=28341438996341 pid=91691 tgid=91691 comm=pg_isready       mode=FILTER   target=0 nr/ret=-1 allow=0
[seccomp] ts=28341438996341 pid=91691 tgid=91691 comm=pg_isready       mode=FILTER   target=0 nr/ret=0 allow=1
[seccomp] ts=28341438997632 pid=91691 tgid=91691 comm=pg_isready       mode=FILTER   target=0 nr/ret=-1 allow=0
[seccomp] ts=28341438997632 pid=91691 tgid=91691 comm=pg_isready       mode=FILTER   target=0 nr/ret=0 allow=1
[seccomp] ts=28341438999174 pid=91691 tgid=91691 comm=pg_isready       mode=FILTER   target=0 nr/ret=-1 allow=0
[seccomp] ts=28341438999174 pid=91691 tgid=91691 comm=pg_isready       mode=FILTER   target=0 nr/ret=0 allow=1
[seccomp] ts=28341439023049 pid=91691 tgid=91691 comm=pg_isready       mode=FILTER   target=0 nr/ret=-1 allow=0
[seccomp] ts=28341439023049 pid=91691 tgid=91691 comm=pg_isready       mode=FILTER   target=0 nr/ret=0 allow=1
[seccomp] ts=28341439027924 pid=91691 tgid=91691 comm=pg_isready       mode=FILTER   target=0 nr/ret=-1 allow=0
[seccomp] ts=28341439027924 pid=91691 tgid=91691 comm=pg_isready       mode=FILTER   target=0 nr/ret=0 allow=1
[seccomp] ts=28341439035341 pid=91691 tgid=91691 comm=pg_isready       mode=FILTER   target=0 nr/ret=-1 allow=0
[seccomp] ts=28341439035341 pid=91691 tgid=91691 comm=pg_isready       mode=FILTER   target=0 nr/ret=0 allow=1
[seccomp] ts=28341439043507 pid=91691 tgid=91691 comm=pg_isready       mode=FILTER   target=0 nr/ret=-1 allow=0
[seccomp] ts=28341439043507 pid=91691 tgid=91691 comm=pg_isready       mode=FILTER   target=0 nr/ret=0 allow=1
[seccomp] ts=28341439185382 pid=91691 tgid=91691 comm=pg_isready       mode=FILTER   target=0 nr/ret=-1 allow=0
[seccomp] ts=28341439185382 pid=91691 tgid=91691 comm=pg_isready       mode=FILTER   target=0 nr/ret=0 allow=1
[seccomp] ts=28341439215716 pid=91691 tgid=91691 comm=pg_isready       mode=FILTER   target=0 nr/ret=-1 allow=0
[seccomp] ts=28341439215716 pid=91691 tgid=91691 comm=pg_isready       mode=FILTER   target=0 nr/ret=0 allow=1
[seccomp] ts=28341439222382 pid=91691 tgid=91691 comm=pg_isready       mode=FILTER   target=0 nr/ret=-1 allow=0
[seccomp] ts=28341439222382 pid=91691 tgid=91691 comm=pg_isready       mode=FILTER   target=0 nr/ret=0 allow=1
[seccomp] ts=28341439247007 pid=91691 tgid=91691 comm=pg_isready       mode=FILTER   target=0 nr/ret=-1 allow=0
[seccomp] ts=28341439247007 pid=91691 tgid=91691 comm=pg_isready       mode=FILTER   target=0 nr/ret=0 allow=1
[seccomp] ts=28341439249216 pid=91691 tgid=91691 comm=pg_isready       mode=FILTER   target=0 nr/ret=-1 allow=0
[seccomp] ts=28341439249216 pid=91691 tgid=91691 comm=pg_isready       mode=FILTER   target=0 nr/ret=0 allow=1
[seccomp] ts=28341439253007 pid=91691 tgid=91691 comm=pg_isready       mode=FILTER   target=0 nr/ret=-1 allow=0
[seccomp] ts=28341439253007 pid=91691 tgid=91691 comm=pg_isready       mode=FILTER   target=0 nr/ret=0 allow=1
[seccomp] ts=28341439257591 pid=91691 tgid=91691 comm=pg_isready       mode=FILTER   target=0 nr/ret=-1 allow=0
[seccomp] ts=28341439257591 pid=91691 tgid=91691 comm=pg_isready       mode=FILTER   target=0 nr/ret=0 allow=1
[seccomp] ts=28341439274632 pid=91691 tgid=91691 comm=pg_isready       mode=FILTER   target=0 nr/ret=-1 allow=0
[seccomp] ts=28341439274632 pid=91691 tgid=91691 comm=pg_isready       mode=FILTER   target=0 nr/ret=0 allow=1
[seccomp] ts=28341439307174 pid=91691 tgid=91691 comm=pg_isready       mode=FILTER   target=0 nr/ret=-1 allow=0
[seccomp] ts=28341439307174 pid=91691 tgid=91691 comm=pg_isready       mode=FILTER   target=0 nr/ret=0 allow=1
[seccomp] ts=28341439316466 pid=91691 tgid=91691 comm=pg_isready       mode=FILTER   target=0 nr/ret=-1 allow=0
[seccomp] ts=28341439316466 pid=91691 tgid=91691 comm=pg_isready       mode=FILTER   target=0 nr/ret=0 allow=1
[seccomp] ts=28341439320424 pid=91691 tgid=91691 comm=pg_isready       mode=FILTER   target=0 nr/ret=-1 allow=0
[seccomp] ts=28341439320424 pid=91691 tgid=91691 comm=pg_isready       mode=FILTER   target=0 nr/ret=0 allow=1
[seccomp] ts=28341439323882 pid=91691 tgid=91691 comm=pg_isready       mode=FILTER   target=0 nr/ret=-1 allow=0
[seccomp] ts=28341439323882 pid=91691 tgid=91691 comm=pg_isready       mode=FILTER   target=0 nr/ret=0 allow=1
[seccomp] ts=28341439330966 pid=91691 tgid=91691 comm=pg_isready       mode=FILTER   target=0 nr/ret=-1 allow=0
[seccomp] ts=28341439330966 pid=91691 tgid=91691 comm=pg_isready       mode=FILTER   target=0 nr/ret=0 allow=1
[seccomp] ts=28341439365716 pid=91691 tgid=91691 comm=pg_isready       mode=FILTER   target=0 nr/ret=-1 allow=0
[seccomp] ts=28341439365716 pid=91691 tgid=91691 comm=pg_isready       mode=FILTER   target=0 nr/ret=0 allow=1
[seccomp] ts=28341439367924 pid=91691 tgid=91691 comm=pg_isready       mode=FILTER   target=0 nr/ret=-1 allow=0
[seccomp] ts=28341439367924 pid=91691 tgid=91691 comm=pg_isready       mode=FILTER   target=0 nr/ret=0 allow=1
[seccomp] ts=28341439370841 pid=91691 tgid=91691 comm=pg_isready       mode=FILTER   target=0 nr/ret=-1 allow=0
[seccomp] ts=28341439370841 pid=91691 tgid=91691 comm=pg_isready       mode=FILTER   target=0 nr/ret=0 allow=1
[seccomp] ts=28341439376132 pid=91691 tgid=91691 comm=pg_isready       mode=FILTER   target=0 nr/ret=-1 allow=0
[seccomp] ts=28341439376132 pid=91691 tgid=91691 comm=pg_isready       mode=FILTER   target=0 nr/ret=0 allow=1
[seccomp] ts=28341439415841 pid=91691 tgid=91691 comm=pg_isready       mode=FILTER   target=0 nr/ret=-1 allow=0
[seccomp] ts=28341439415841 pid=91691 tgid=91691 comm=pg_isready       mode=FILTER   target=0 nr/ret=0 allow=1
[seccomp] ts=28341439504549 pid=91691 tgid=91691 comm=pg_isready       mode=FILTER   target=0 nr/ret=-1 allow=0
[seccomp] ts=28341439504549 pid=91691 tgid=91691 comm=pg_isready       mode=FILTER   target=0 nr/ret=0 allow=1
[seccomp] ts=28341439524632 pid=91691 tgid=91691 comm=pg_isready       mode=FILTER   target=0 nr/ret=-1 allow=0
[seccomp] ts=28341439524632 pid=91691 tgid=91691 comm=pg_isready       mode=FILTER   target=0 nr/ret=0 allow=1
[seccomp] ts=28341439528049 pid=91691 tgid=91691 comm=pg_isready       mode=FILTER   target=0 nr/ret=-1 allow=0
[seccomp] ts=28341439528049 pid=91691 tgid=91691 comm=pg_isready       mode=FILTER   target=0 nr/ret=0 allow=1
[seccomp] ts=28341439533007 pid=91691 tgid=91691 comm=pg_isready       mode=FILTER   target=0 nr/ret=-1 allow=0
[seccomp] ts=28341439533007 pid=91691 tgid=91691 comm=pg_isready       mode=FILTER   target=0 nr/ret=0 allow=1
[seccomp] ts=28341439534341 pid=91691 tgid=91691 comm=pg_isready       mode=FILTER   target=0 nr/ret=-1 allow=0
[seccomp] ts=28341439534341 pid=91691 tgid=91691 comm=pg_isready       mode=FILTER   target=0 nr/ret=0 allow=1
[seccomp] ts=28341439540841 pid=91691 tgid=91691 comm=pg_isready       mode=FILTER   target=0 nr/ret=-1 allow=0
[seccomp] ts=28341439540841 pid=91691 tgid=91691 comm=pg_isready       mode=FILTER   target=0 nr/ret=0 allow=1
[seccomp] ts=28341439543591 pid=91691 tgid=91691 comm=pg_isready       mode=FILTER   target=0 nr/ret=-1 allow=0
[seccomp] ts=28341439543591 pid=91691 tgid=91691 comm=pg_isready       mode=FILTER   target=0 nr/ret=0 allow=1
[seccomp] ts=28341439550132 pid=91691 tgid=91691 comm=pg_isready       mode=FILTER   target=0 nr/ret=-1 allow=0
[seccomp] ts=28341439550132 pid=91691 tgid=91691 comm=pg_isready       mode=FILTER   target=0 nr/ret=0 allow=1
[seccomp] ts=28341439564424 pid=91691 tgid=91691 comm=pg_isready       mode=FILTER   target=0 nr/ret=-1 allow=0
[seccomp] ts=28341439564424 pid=91691 tgid=91691 comm=pg_isready       mode=FILTER   target=0 nr/ret=0 allow=1
[seccomp] ts=28341439587799 pid=91691 tgid=91691 comm=pg_isready       mode=FILTER   target=0 nr/ret=-1 allow=0
[seccomp] ts=28341439587799 pid=91691 tgid=91691 comm=pg_isready       mode=FILTER   target=0 nr/ret=0 allow=1
[seccomp] ts=28341439590466 pid=91691 tgid=91691 comm=pg_isready       mode=FILTER   target=0 nr/ret=-1 allow=0
[seccomp] ts=28341439590466 pid=91691 tgid=91691 comm=pg_isready       mode=FILTER   target=0 nr/ret=0 allow=1
[seccomp] ts=28341439592882 pid=91691 tgid=91691 comm=pg_isready       mode=FILTER   target=0 nr/ret=-1 allow=0
[seccomp] ts=28341439592882 pid=91691 tgid=91691 comm=pg_isready       mode=FILTER   target=0 nr/ret=0 allow=1
[seccomp] ts=28341439596424 pid=91691 tgid=91691 comm=pg_isready       mode=FILTER   target=0 nr/ret=-1 allow=0
[seccomp] ts=28341439596424 pid=91691 tgid=91691 comm=pg_isready       mode=FILTER   target=0 nr/ret=0 allow=1
[seccomp] ts=28341439597591 pid=91691 tgid=91691 comm=pg_isready       mode=FILTER   target=0 nr/ret=-1 allow=0
[seccomp] ts=28341439597591 pid=91691 tgid=91691 comm=pg_isready       mode=FILTER   target=0 nr/ret=0 allow=1
[seccomp] ts=28341439599257 pid=91691 tgid=91691 comm=pg_isready       mode=FILTER   target=0 nr/ret=-1 allow=0
[seccomp] ts=28341439599257 pid=91691 tgid=91691 comm=pg_isready       mode=FILTER   target=0 nr/ret=0 allow=1
[seccomp] ts=28341439601632 pid=91691 tgid=91691 comm=pg_isready       mode=FILTER   target=0 nr/ret=-1 allow=0
[seccomp] ts=28341439601632 pid=91691 tgid=91691 comm=pg_isready       mode=FILTER   target=0 nr/ret=0 allow=1
[seccomp] ts=28341439605341 pid=91691 tgid=91691 comm=pg_isready       mode=FILTER   target=0 nr/ret=-1 allow=0
[seccomp] ts=28341439605341 pid=91691 tgid=91691 comm=pg_isready       mode=FILTER   target=0 nr/ret=0 allow=1
[seccomp] ts=28341439618674 pid=91691 tgid=91691 comm=pg_isready       mode=FILTER   target=0 nr/ret=-1 allow=0
[seccomp] ts=28341439618674 pid=91691 tgid=91691 comm=pg_isready       mode=FILTER   target=0 nr/ret=0 allow=1
[seccomp] ts=28341439637632 pid=91691 tgid=91691 comm=pg_isready       mode=FILTER   target=0 nr/ret=-1 allow=0
[seccomp] ts=28341439637632 pid=91691 tgid=91691 comm=pg_isready       mode=FILTER   target=0 nr/ret=0 allow=1
[seccomp] ts=28341439640591 pid=91691 tgid=91691 comm=pg_isready       mode=FILTER   target=0 nr/ret=-1 allow=0
[seccomp] ts=28341439640591 pid=91691 tgid=91691 comm=pg_isready       mode=FILTER   target=0 nr/ret=0 allow=1
[seccomp] ts=28341439643299 pid=91691 tgid=91691 comm=pg_isready       mode=FILTER   target=0 nr/ret=-1 allow=0
[seccomp] ts=28341439643299 pid=91691 tgid=91691 comm=pg_isready       mode=FILTER   target=0 nr/ret=0 allow=1
[seccomp] ts=28341439646966 pid=91691 tgid=91691 comm=pg_isready       mode=FILTER   target=0 nr/ret=-1 allow=0
[seccomp] ts=28341439646966 pid=91691 tgid=91691 comm=pg_isready       mode=FILTER   target=0 nr/ret=0 allow=1
[seccomp] ts=28341439648132 pid=91691 tgid=91691 comm=pg_isready       mode=FILTER   target=0 nr/ret=-1 allow=0
[seccomp] ts=28341439648132 pid=91691 tgid=91691 comm=pg_isready       mode=FILTER   target=0 nr/ret=0 allow=1
[seccomp] ts=28341439649674 pid=91691 tgid=91691 comm=pg_isready       mode=FILTER   target=0 nr/ret=-1 allow=0
[seccomp] ts=28341439649674 pid=91691 tgid=91691 comm=pg_isready       mode=FILTER   target=0 nr/ret=0 allow=1
[seccomp] ts=28341439651632 pid=91691 tgid=91691 comm=pg_isready       mode=FILTER   target=0 nr/ret=-1 allow=0
[seccomp] ts=28341439651632 pid=91691 tgid=91691 comm=pg_isready       mode=FILTER   target=0 nr/ret=0 allow=1
[seccomp] ts=28341439655424 pid=91691 tgid=91691 comm=pg_isready       mode=FILTER   target=0 nr/ret=-1 allow=0
[seccomp] ts=28341439655424 pid=91691 tgid=91691 comm=pg_isready       mode=FILTER   target=0 nr/ret=0 allow=1
[seccomp] ts=28341439662049 pid=91691 tgid=91691 comm=pg_isready       mode=FILTER   target=0 nr/ret=-1 allow=0
[seccomp] ts=28341439662049 pid=91691 tgid=91691 comm=pg_isready       mode=FILTER   target=0 nr/ret=0 allow=1
[seccomp] ts=28341439699632 pid=91691 tgid=91691 comm=pg_isready       mode=FILTER   target=0 nr/ret=-1 allow=0
[seccomp] ts=28341439699632 pid=91691 tgid=91691 comm=pg_isready       mode=FILTER   target=0 nr/ret=0 allow=1
[seccomp] ts=28341439727257 pid=91691 tgid=91691 comm=pg_isready       mode=FILTER   target=0 nr/ret=-1 allow=0
[seccomp] ts=28341439727257 pid=91691 tgid=91691 comm=pg_isready       mode=FILTER   target=0 nr/ret=0 allow=1
[seccomp] ts=28341439729507 pid=91691 tgid=91691 comm=pg_isready       mode=FILTER   target=0 nr/ret=-1 allow=0
[seccomp] ts=28341439729507 pid=91691 tgid=91691 comm=pg_isready       mode=FILTER   target=0 nr/ret=0 allow=1
[seccomp] ts=28341439733341 pid=91691 tgid=91691 comm=pg_isready       mode=FILTER   target=0 nr/ret=-1 allow=0
[seccomp] ts=28341439733341 pid=91691 tgid=91691 comm=pg_isready       mode=FILTER   target=0 nr/ret=0 allow=1
[seccomp] ts=28341439734549 pid=91691 tgid=91691 comm=pg_isready       mode=FILTER   target=0 nr/ret=-1 allow=0
[seccomp] ts=28341439734549 pid=91691 tgid=91691 comm=pg_isready       mode=FILTER   target=0 nr/ret=0 allow=1
[seccomp] ts=28341439735966 pid=91691 tgid=91691 comm=pg_isready       mode=FILTER   target=0 nr/ret=-1 allow=0
[seccomp] ts=28341439735966 pid=91691 tgid=91691 comm=pg_isready       mode=FILTER   target=0 nr/ret=0 allow=1
[seccomp] ts=28341439738132 pid=91691 tgid=91691 comm=pg_isready       mode=FILTER   target=0 nr/ret=-1 allow=0
[seccomp] ts=28341439738132 pid=91691 tgid=91691 comm=pg_isready       mode=FILTER   target=0 nr/ret=0 allow=1
[seccomp] ts=28341439742091 pid=91691 tgid=91691 comm=pg_isready       mode=FILTER   target=0 nr/ret=-1 allow=0
[seccomp] ts=28341439742091 pid=91691 tgid=91691 comm=pg_isready       mode=FILTER   target=0 nr/ret=0 allow=1
[seccomp] ts=28341439753174 pid=91691 tgid=91691 comm=pg_isready       mode=FILTER   target=0 nr/ret=-1 allow=0
[seccomp] ts=28341439753174 pid=91691 tgid=91691 comm=pg_isready       mode=FILTER   target=0 nr/ret=0 allow=1
[seccomp] ts=28341439854132 pid=91691 tgid=91691 comm=pg_isready       mode=FILTER   target=0 nr/ret=-1 allow=0
[seccomp] ts=28341439854132 pid=91691 tgid=91691 comm=pg_isready       mode=FILTER   target=0 nr/ret=0 allow=1
[seccomp] ts=28341439875007 pid=91691 tgid=91691 comm=pg_isready       mode=FILTER   target=0 nr/ret=-1 allow=0
[seccomp] ts=28341439875007 pid=91691 tgid=91691 comm=pg_isready       mode=FILTER   target=0 nr/ret=0 allow=1
[seccomp] ts=28341440047716 pid=91691 tgid=91691 comm=pg_isready       mode=FILTER   target=0 nr/ret=-1 allow=0
[seccomp] ts=28341440047716 pid=91691 tgid=91691 comm=pg_isready       mode=FILTER   target=0 nr/ret=0 allow=1
[seccomp] ts=28341440383132 pid=91691 tgid=91691 comm=pg_isready       mode=FILTER   target=0 nr/ret=-1 allow=0
[seccomp] ts=28341440383132 pid=91691 tgid=91691 comm=pg_isready       mode=FILTER   target=0 nr/ret=0 allow=1
[seccomp] ts=28341440504841 pid=91691 tgid=91691 comm=pg_isready       mode=FILTER   target=0 nr/ret=-1 allow=0
[seccomp] ts=28341440504841 pid=91691 tgid=91691 comm=pg_isready       mode=FILTER   target=0 nr/ret=0 allow=1
[seccomp] ts=28341440638132 pid=91691 tgid=91691 comm=pg_isready       mode=FILTER   target=0 nr/ret=-1 allow=0
[seccomp] ts=28341440638132 pid=91691 tgid=91691 comm=pg_isready       mode=FILTER   target=0 nr/ret=0 allow=1
[seccomp] ts=28341440806299 pid=91691 tgid=91691 comm=pg_isready       mode=FILTER   target=0 nr/ret=-1 allow=0
[seccomp] ts=28341440806299 pid=91691 tgid=91691 comm=pg_isready       mode=FILTER   target=0 nr/ret=0 allow=1
[seccomp] ts=28341440849424 pid=91691 tgid=91691 comm=pg_isready       mode=FILTER   target=0 nr/ret=-1 allow=0
[seccomp] ts=28341440849424 pid=91691 tgid=91691 comm=pg_isready       mode=FILTER   target=0 nr/ret=0 allow=1
[seccomp] ts=28341440873091 pid=91691 tgid=91691 comm=pg_isready       mode=FILTER   target=0 nr/ret=-1 allow=0
[seccomp] ts=28341440873091 pid=91691 tgid=91691 comm=pg_isready       mode=FILTER   target=0 nr/ret=0 allow=1
[seccomp] ts=28341440911007 pid=91691 tgid=91691 comm=pg_isready       mode=FILTER   target=0 nr/ret=-1 allow=0
[seccomp] ts=28341440911007 pid=91691 tgid=91691 comm=pg_isready       mode=FILTER   target=0 nr/ret=0 allow=1
[seccomp] ts=28341440965841 pid=91691 tgid=91691 comm=pg_isready       mode=FILTER   target=0 nr/ret=-1 allow=0
[seccomp] ts=28341440965841 pid=91691 tgid=91691 comm=pg_isready       mode=FILTER   target=0 nr/ret=0 allow=1
[seccomp] ts=28341441077841 pid=91691 tgid=91691 comm=pg_isready       mode=FILTER   target=0 nr/ret=-1 allow=0
[seccomp] ts=28341441077841 pid=91691 tgid=91691 comm=pg_isready       mode=FILTER   target=0 nr/ret=0 allow=1
[seccomp] ts=28341441114382 pid=91691 tgid=91691 comm=pg_isready       mode=FILTER   target=0 nr/ret=-1 allow=0
[seccomp] ts=28341441114382 pid=91691 tgid=91691 comm=pg_isready       mode=FILTER   target=0 nr/ret=0 allow=1
[seccomp] ts=28341441202132 pid=91691 tgid=91691 comm=pg_isready       mode=FILTER   target=0 nr/ret=-1 allow=0
[seccomp] ts=28341441202132 pid=91691 tgid=91691 comm=pg_isready       mode=FILTER   target=0 nr/ret=0 allow=1
[seccomp] ts=28341441244341 pid=91691 tgid=91691 comm=pg_isready       mode=FILTER   target=0 nr/ret=-1 allow=0
[seccomp] ts=28341441244341 pid=91691 tgid=91691 comm=pg_isready       mode=FILTER   target=0 nr/ret=0 allow=1
[seccomp] ts=28341441268882 pid=91691 tgid=91691 comm=pg_isready       mode=FILTER   target=0 nr/ret=-1 allow=0
[seccomp] ts=28341441268882 pid=91691 tgid=91691 comm=pg_isready       mode=FILTER   target=0 nr/ret=0 allow=1
[seccomp] ts=28341441272924 pid=91691 tgid=91691 comm=pg_isready       mode=FILTER   target=0 nr/ret=-1 allow=0
[seccomp] ts=28341441272924 pid=91691 tgid=91691 comm=pg_isready       mode=FILTER   target=0 nr/ret=0 allow=1
[seccomp] ts=28341441275966 pid=91691 tgid=91691 comm=pg_isready       mode=FILTER   target=0 nr/ret=-1 allow=0
[seccomp] ts=28341441275966 pid=91691 tgid=91691 comm=pg_isready       mode=FILTER   target=0 nr/ret=0 allow=1
[seccomp] ts=28341441277799 pid=91691 tgid=91691 comm=pg_isready       mode=FILTER   target=0 nr/ret=-1 allow=0
[seccomp] ts=28341441277799 pid=91691 tgid=91691 comm=pg_isready       mode=FILTER   target=0 nr/ret=0 allow=1
[seccomp] ts=28341441282674 pid=91691 tgid=91691 comm=pg_isready       mode=FILTER   target=0 nr/ret=-1 allow=0
[seccomp] ts=28341441282674 pid=91691 tgid=91691 comm=pg_isready       mode=FILTER   target=0 nr/ret=0 allow=1
[seccomp] ts=28341441284216 pid=91691 tgid=91691 comm=pg_isready       mode=FILTER   target=0 nr/ret=-1 allow=0
[seccomp] ts=28341441284216 pid=91691 tgid=91691 comm=pg_isready       mode=FILTER   target=0 nr/ret=0 allow=1
[seccomp] ts=28341441285632 pid=91691 tgid=91691 comm=pg_isready       mode=FILTER   target=0 nr/ret=-1 allow=0
[seccomp] ts=28341441285632 pid=91691 tgid=91691 comm=pg_isready       mode=FILTER   target=0 nr/ret=0 allow=1
[seccomp] ts=28341441287049 pid=91691 tgid=91691 comm=pg_isready       mode=FILTER   target=0 nr/ret=-1 allow=0
[seccomp] ts=28341441287049 pid=91691 tgid=91691 comm=pg_isready       mode=FILTER   target=0 nr/ret=0 allow=1
[seccomp] ts=28341441302382 pid=91691 tgid=91691 comm=pg_isready       mode=FILTER   target=0 nr/ret=-1 allow=0
[seccomp] ts=28341441302382 pid=91691 tgid=91691 comm=pg_isready       mode=FILTER   target=0 nr/ret=0 allow=1
[seccomp] ts=28341441326674 pid=91691 tgid=91691 comm=pg_isready       mode=FILTER   target=0 nr/ret=-1 allow=0
[seccomp] ts=28341441326674 pid=91691 tgid=91691 comm=pg_isready       mode=FILTER   target=0 nr/ret=0 allow=1
[seccomp] ts=28341441329591 pid=91691 tgid=91691 comm=pg_isready       mode=FILTER   target=0 nr/ret=-1 allow=0
[seccomp] ts=28341441329591 pid=91691 tgid=91691 comm=pg_isready       mode=FILTER   target=0 nr/ret=0 allow=1
[seccomp] ts=28341441333507 pid=91691 tgid=91691 comm=pg_isready       mode=FILTER   target=0 nr/ret=-1 allow=0
[seccomp] ts=28341441333507 pid=91691 tgid=91691 comm=pg_isready       mode=FILTER   target=0 nr/ret=0 allow=1
[seccomp] ts=28341441334924 pid=91691 tgid=91691 comm=pg_isready       mode=FILTER   target=0 nr/ret=-1 allow=0
[seccomp] ts=28341441334924 pid=91691 tgid=91691 comm=pg_isready       mode=FILTER   target=0 nr/ret=0 allow=1
[seccomp] ts=28341441338841 pid=91691 tgid=91691 comm=pg_isready       mode=FILTER   target=0 nr/ret=-1 allow=0
[seccomp] ts=28341441338841 pid=91691 tgid=91691 comm=pg_isready       mode=FILTER   target=0 nr/ret=0 allow=1
[seccomp] ts=28341441341007 pid=91691 tgid=91691 comm=pg_isready       mode=FILTER   target=0 nr/ret=-1 allow=0
[seccomp] ts=28341441341007 pid=91691 tgid=91691 comm=pg_isready       mode=FILTER   target=0 nr/ret=0 allow=1
[seccomp] ts=28341441344091 pid=91691 tgid=91691 comm=pg_isready       mode=FILTER   target=0 nr/ret=-1 allow=0
[seccomp] ts=28341441344091 pid=91691 tgid=91691 comm=pg_isready       mode=FILTER   target=0 nr/ret=0 allow=1
[seccomp] ts=28341441345591 pid=91691 tgid=91691 comm=pg_isready       mode=FILTER   target=0 nr/ret=-1 allow=0
[seccomp] ts=28341441345591 pid=91691 tgid=91691 comm=pg_isready       mode=FILTER   target=0 nr/ret=0 allow=1
[seccomp] ts=28341441347966 pid=91691 tgid=91691 comm=pg_isready       mode=FILTER   target=0 nr/ret=-1 allow=0
[seccomp] ts=28341441347966 pid=91691 tgid=91691 comm=pg_isready       mode=FILTER   target=0 nr/ret=0 allow=1
[seccomp] ts=28341441364216 pid=91691 tgid=91691 comm=pg_isready       mode=FILTER   target=0 nr/ret=-1 allow=0
[seccomp] ts=28341441364216 pid=91691 tgid=91691 comm=pg_isready       mode=FILTER   target=0 nr/ret=0 allow=1
[seccomp] ts=28341441381882 pid=91691 tgid=91691 comm=pg_isready       mode=FILTER   target=0 nr/ret=-1 allow=0
[seccomp] ts=28341441381882 pid=91691 tgid=91691 comm=pg_isready       mode=FILTER   target=0 nr/ret=0 allow=1
[seccomp] ts=28341441385841 pid=91691 tgid=91691 comm=pg_isready       mode=FILTER   target=0 nr/ret=-1 allow=0
[seccomp] ts=28341441385841 pid=91691 tgid=91691 comm=pg_isready       mode=FILTER   target=0 nr/ret=0 allow=1
[seccomp] ts=28341441422174 pid=91691 tgid=91691 comm=pg_isready       mode=FILTER   target=0 nr/ret=-1 allow=0
[seccomp] ts=28341441422174 pid=91691 tgid=91691 comm=pg_isready       mode=FILTER   target=0 nr/ret=0 allow=1
[seccomp] ts=28341441469716 pid=91691 tgid=91691 comm=pg_isready       mode=FILTER   target=0 nr/ret=-1 allow=0
[seccomp] ts=28341441469716 pid=91691 tgid=91691 comm=pg_isready       mode=FILTER   target=0 nr/ret=0 allow=1
[seccomp] ts=28341441482132 pid=91691 tgid=91691 comm=pg_isready       mode=FILTER   target=0 nr/ret=-1 allow=0
[seccomp] ts=28341441482132 pid=91691 tgid=91691 comm=pg_isready       mode=FILTER   target=0 nr/ret=0 allow=1
[seccomp] ts=28341441580424 pid=648 tgid=648 comm=postgres         mode=FILTER   target=0 nr/ret=-1 allow=0
[seccomp] ts=28341441583882 pid=91691 tgid=91691 comm=pg_isready       mode=FILTER   target=0 nr/ret=-1 allow=0
[seccomp] ts=28341441580424 pid=648 tgid=648 comm=postgres         mode=FILTER   target=0 nr/ret=0 allow=1
[seccomp] ts=28341441583882 pid=91691 tgid=91691 comm=pg_isready       mode=FILTER   target=0 nr/ret=0 allow=1
[seccomp] ts=28341441605674 pid=648 tgid=648 comm=postgres         mode=FILTER   target=0 nr/ret=-1 allow=0
[seccomp] ts=28341441605674 pid=648 tgid=648 comm=postgres         mode=FILTER   target=0 nr/ret=0 allow=1
[seccomp] ts=28341441610132 pid=91691 tgid=91691 comm=pg_isready       mode=FILTER   target=0 nr/ret=-1 allow=0
[seccomp] ts=28341441610132 pid=91691 tgid=91691 comm=pg_isready       mode=FILTER   target=0 nr/ret=0 allow=1
[seccomp] ts=28341441618091 pid=91691 tgid=91691 comm=pg_isready       mode=FILTER   target=0 nr/ret=-1 allow=0
[seccomp] ts=28341441622966 pid=648 tgid=648 comm=postgres         mode=FILTER   target=0 nr/ret=-1 allow=0
[seccomp] ts=28341441622966 pid=648 tgid=648 comm=postgres         mode=FILTER   target=0 nr/ret=0 allow=1
[seccomp] ts=28341441618091 pid=91691 tgid=91691 comm=pg_isready       mode=FILTER   target=0 nr/ret=0 allow=1
[seccomp] ts=28341441639591 pid=648 tgid=648 comm=postgres         mode=FILTER   target=0 nr/ret=-1 allow=0
[seccomp] ts=28341441639591 pid=648 tgid=648 comm=postgres         mode=FILTER   target=0 nr/ret=0 allow=1
[seccomp] ts=28341441640091 pid=91691 tgid=91691 comm=pg_isready       mode=FILTER   target=0 nr/ret=-1 allow=0
[seccomp] ts=28341441640091 pid=91691 tgid=91691 comm=pg_isready       mode=FILTER   target=0 nr/ret=0 allow=1
[seccomp] ts=28341441641674 pid=648 tgid=648 comm=postgres         mode=FILTER   target=0 nr/ret=-1 allow=0
[seccomp] ts=28341441641674 pid=648 tgid=648 comm=postgres         mode=FILTER   target=0 nr/ret=0 allow=1
[seccomp] ts=28341441643132 pid=648 tgid=648 comm=postgres         mode=FILTER   target=0 nr/ret=-1 allow=0
[seccomp] ts=28341441643132 pid=648 tgid=648 comm=postgres         mode=FILTER   target=0 nr/ret=0 allow=1
[seccomp] ts=28341441644216 pid=648 tgid=648 comm=postgres         mode=FILTER   target=0 nr/ret=-1 allow=0
[seccomp] ts=28341441644674 pid=91691 tgid=91691 comm=pg_isready       mode=FILTER   target=0 nr/ret=-1 allow=0
[seccomp] ts=28341441644674 pid=91691 tgid=91691 comm=pg_isready       mode=FILTER   target=0 nr/ret=0 allow=1
[seccomp] ts=28341441644216 pid=648 tgid=648 comm=postgres         mode=FILTER   target=0 nr/ret=0 allow=1
[seccomp] ts=28341441792841 pid=648 tgid=648 comm=postgres         mode=FILTER   target=0 nr/ret=-1 allow=0
[seccomp] ts=28341441792841 pid=648 tgid=648 comm=postgres         mode=FILTER   target=0 nr/ret=0 allow=1
[seccomp] ts=28341441805257 pid=648 tgid=648 comm=postgres         mode=FILTER   target=0 nr/ret=-1 allow=0
[seccomp] ts=28341441805257 pid=648 tgid=648 comm=postgres         mode=FILTER   target=0 nr/ret=0 allow=1
[seccomp] ts=28341441813341 pid=648 tgid=648 comm=postgres         mode=FILTER   target=0 nr/ret=-1 allow=0
[seccomp] ts=28341441813341 pid=648 tgid=648 comm=postgres         mode=FILTER   target=0 nr/ret=0 allow=1
[seccomp] ts=28341441813799 pid=91697 tgid=91697 comm=postgres         mode=FILTER   target=0 nr/ret=-1 allow=0
[seccomp] ts=28341441813799 pid=91697 tgid=91697 comm=postgres         mode=FILTER   target=0 nr/ret=0 allow=1
[seccomp] ts=28341441821174 pid=648 tgid=648 comm=postgres         mode=FILTER   target=0 nr/ret=-1 allow=0
[seccomp] ts=28341441824466 pid=91697 tgid=91697 comm=postgres         mode=FILTER   target=0 nr/ret=-1 allow=0
[seccomp] ts=28341441824466 pid=91697 tgid=91697 comm=postgres         mode=FILTER   target=0 nr/ret=0 allow=1
[seccomp] ts=28341441827007 pid=91697 tgid=91697 comm=postgres         mode=FILTER   target=0 nr/ret=-1 allow=0
[seccomp] ts=28341441827007 pid=91697 tgid=91697 comm=postgres         mode=FILTER   target=0 nr/ret=0 allow=1
[seccomp] ts=28341441833466 pid=91697 tgid=91697 comm=postgres         mode=FILTER   target=0 nr/ret=-1 allow=0
[seccomp] ts=28341441833466 pid=91697 tgid=91697 comm=postgres         mode=FILTER   target=0 nr/ret=0 allow=1
[seccomp] ts=28341441821174 pid=648 tgid=648 comm=postgres         mode=FILTER   target=0 nr/ret=0 allow=1
[seccomp] ts=28341441849549 pid=648 tgid=648 comm=postgres         mode=FILTER   target=0 nr/ret=-1 allow=0
[seccomp] ts=28341441849549 pid=648 tgid=648 comm=postgres         mode=FILTER   target=0 nr/ret=0 allow=1
[seccomp] ts=28341441898216 pid=91697 tgid=91697 comm=postgres         mode=FILTER   target=0 nr/ret=-1 allow=0
[seccomp] ts=28341441898216 pid=91697 tgid=91697 comm=postgres         mode=FILTER   target=0 nr/ret=0 allow=1
[seccomp] ts=28341441954049 pid=91697 tgid=91697 comm=postgres         mode=FILTER   target=0 nr/ret=-1 allow=0
[seccomp] ts=28341441954049 pid=91697 tgid=91697 comm=postgres         mode=FILTER   target=0 nr/ret=0 allow=1
[seccomp] ts=28341441981091 pid=91697 tgid=91697 comm=postgres         mode=FILTER   target=0 nr/ret=-1 allow=0
[seccomp] ts=28341441981091 pid=91697 tgid=91697 comm=postgres         mode=FILTER   target=0 nr/ret=0 allow=1
[seccomp] ts=28341441982841 pid=91697 tgid=91697 comm=postgres         mode=FILTER   target=0 nr/ret=-1 allow=0
[seccomp] ts=28341441982841 pid=91697 tgid=91697 comm=postgres         mode=FILTER   target=0 nr/ret=0 allow=1
[seccomp] ts=28341442023924 pid=91697 tgid=91697 comm=postgres         mode=FILTER   target=0 nr/ret=-1 allow=0
[seccomp] ts=28341442023924 pid=91697 tgid=91697 comm=postgres         mode=FILTER   target=0 nr/ret=0 allow=1
[seccomp] ts=28341442041841 pid=91697 tgid=91697 comm=postgres         mode=FILTER   target=0 nr/ret=-1 allow=0
[seccomp] ts=28341442041841 pid=91697 tgid=91697 comm=postgres         mode=FILTER   target=0 nr/ret=0 allow=1
[seccomp] ts=28341442050882 pid=91697 tgid=91697 comm=postgres         mode=FILTER   target=0 nr/ret=-1 allow=0
[seccomp] ts=28341442050882 pid=91697 tgid=91697 comm=postgres         mode=FILTER   target=0 nr/ret=0 allow=1
[seccomp] ts=28341442148257 pid=91697 tgid=91697 comm=postgres         mode=FILTER   target=0 nr/ret=-1 allow=0
[seccomp] ts=28341442148257 pid=91697 tgid=91697 comm=postgres         mode=FILTER   target=0 nr/ret=0 allow=1
[seccomp] ts=28341442167674 pid=91697 tgid=91697 comm=postgres         mode=FILTER   target=0 nr/ret=-1 allow=0
[seccomp] ts=28341442167674 pid=91697 tgid=91697 comm=postgres         mode=FILTER   target=0 nr/ret=0 allow=1
[seccomp] ts=28341442202549 pid=91697 tgid=91697 comm=postgres         mode=FILTER   target=0 nr/ret=-1 allow=0
[seccomp] ts=28341442202549 pid=91697 tgid=91697 comm=postgres         mode=FILTER   target=0 nr/ret=0 allow=1
[seccomp] ts=28341442233382 pid=91697 tgid=91697 comm=postgres         mode=FILTER   target=0 nr/ret=-1 allow=0
[seccomp] ts=28341442233382 pid=91697 tgid=91697 comm=postgres         mode=FILTER   target=0 nr/ret=0 allow=1
[seccomp] ts=28341442235091 pid=91697 tgid=91697 comm=postgres         mode=FILTER   target=0 nr/ret=-1 allow=0
[seccomp] ts=28341442235091 pid=91697 tgid=91697 comm=postgres         mode=FILTER   target=0 nr/ret=0 allow=1
[seccomp] ts=28341442236382 pid=91697 tgid=91697 comm=postgres         mode=FILTER   target=0 nr/ret=-1 allow=0
[seccomp] ts=28341442236382 pid=91697 tgid=91697 comm=postgres         mode=FILTER   target=0 nr/ret=0 allow=1
[seccomp] ts=28341442237799 pid=91697 tgid=91697 comm=postgres         mode=FILTER   target=0 nr/ret=-1 allow=0
[seccomp] ts=28341442237799 pid=91697 tgid=91697 comm=postgres         mode=FILTER   target=0 nr/ret=0 allow=1
[seccomp] ts=28341442239591 pid=91697 tgid=91697 comm=postgres         mode=FILTER   target=0 nr/ret=-1 allow=0
[seccomp] ts=28341442239591 pid=91697 tgid=91697 comm=postgres         mode=FILTER   target=0 nr/ret=0 allow=1
[seccomp] ts=28341442242632 pid=91697 tgid=91697 comm=postgres         mode=FILTER   target=0 nr/ret=-1 allow=0
[seccomp] ts=28341442242632 pid=91697 tgid=91697 comm=postgres         mode=FILTER   target=0 nr/ret=0 allow=1
[seccomp] ts=28341442256549 pid=91697 tgid=91697 comm=postgres         mode=FILTER   target=0 nr/ret=-1 allow=0
[seccomp] ts=28341442256549 pid=91697 tgid=91697 comm=postgres         mode=FILTER   target=0 nr/ret=0 allow=1
[seccomp] ts=28341442286091 pid=91697 tgid=91697 comm=postgres         mode=FILTER   target=0 nr/ret=-1 allow=0
[seccomp] ts=28341442286091 pid=91697 tgid=91697 comm=postgres         mode=FILTER   target=0 nr/ret=0 allow=1
[seccomp] ts=28341442287591 pid=91697 tgid=91697 comm=postgres         mode=FILTER   target=0 nr/ret=-1 allow=0
[seccomp] ts=28341442287591 pid=91697 tgid=91697 comm=postgres         mode=FILTER   target=0 nr/ret=0 allow=1
[seccomp] ts=28341442289049 pid=91697 tgid=91697 comm=postgres         mode=FILTER   target=0 nr/ret=-1 allow=0
[seccomp] ts=28341442289049 pid=91697 tgid=91697 comm=postgres         mode=FILTER   target=0 nr/ret=0 allow=1
[seccomp] ts=28341442303216 pid=91697 tgid=91697 comm=postgres         mode=FILTER   target=0 nr/ret=-1 allow=0
[seccomp] ts=28341442303216 pid=91697 tgid=91697 comm=postgres         mode=FILTER   target=0 nr/ret=0 allow=1
[seccomp] ts=28341442325132 pid=91697 tgid=91697 comm=postgres         mode=FILTER   target=0 nr/ret=-1 allow=0
[seccomp] ts=28341442325132 pid=91697 tgid=91697 comm=postgres         mode=FILTER   target=0 nr/ret=0 allow=1
[seccomp] ts=28341442326507 pid=91697 tgid=91697 comm=postgres         mode=FILTER   target=0 nr/ret=-1 allow=0
[seccomp] ts=28341442326507 pid=91697 tgid=91697 comm=postgres         mode=FILTER   target=0 nr/ret=0 allow=1
[seccomp] ts=28341442327716 pid=91697 tgid=91697 comm=postgres         mode=FILTER   target=0 nr/ret=-1 allow=0
[seccomp] ts=28341442327716 pid=91697 tgid=91697 comm=postgres         mode=FILTER   target=0 nr/ret=0 allow=1
[seccomp] ts=28341442329757 pid=91697 tgid=91697 comm=postgres         mode=FILTER   target=0 nr/ret=-1 allow=0
[seccomp] ts=28341442329757 pid=91697 tgid=91697 comm=postgres         mode=FILTER   target=0 nr/ret=0 allow=1
[seccomp] ts=28341442331716 pid=91697 tgid=91697 comm=postgres         mode=FILTER   target=0 nr/ret=-1 allow=0
[seccomp] ts=28341442331716 pid=91697 tgid=91697 comm=postgres         mode=FILTER   target=0 nr/ret=0 allow=1
[seccomp] ts=28341442333549 pid=91697 tgid=91697 comm=postgres         mode=FILTER   target=0 nr/ret=-1 allow=0
[seccomp] ts=28341442333549 pid=91697 tgid=91697 comm=postgres         mode=FILTER   target=0 nr/ret=0 allow=1
[seccomp] ts=28341442334924 pid=91697 tgid=91697 comm=postgres         mode=FILTER   target=0 nr/ret=-1 allow=0
[seccomp] ts=28341442334924 pid=91697 tgid=91697 comm=postgres         mode=FILTER   target=0 nr/ret=0 allow=1
[seccomp] ts=28341442337216 pid=91697 tgid=91697 comm=postgres         mode=FILTER   target=0 nr/ret=-1 allow=0
[seccomp] ts=28341442337216 pid=91697 tgid=91697 comm=postgres         mode=FILTER   target=0 nr/ret=0 allow=1
[seccomp] ts=28341442338674 pid=91697 tgid=91697 comm=postgres         mode=FILTER   target=0 nr/ret=-1 allow=0
[seccomp] ts=28341442338674 pid=91697 tgid=91697 comm=postgres         mode=FILTER   target=0 nr/ret=0 allow=1
[seccomp] ts=28341442339757 pid=91697 tgid=91697 comm=postgres         mode=FILTER   target=0 nr/ret=-1 allow=0
[seccomp] ts=28341442339757 pid=91697 tgid=91697 comm=postgres         mode=FILTER   target=0 nr/ret=0 allow=1
[seccomp] ts=28341442348341 pid=91697 tgid=91697 comm=postgres         mode=FILTER   target=0 nr/ret=-1 allow=0
[seccomp] ts=28341442348341 pid=91697 tgid=91697 comm=postgres         mode=FILTER   target=0 nr/ret=0 allow=1
[seccomp] ts=28341442353091 pid=91697 tgid=91697 comm=postgres         mode=FILTER   target=0 nr/ret=-1 allow=0
[seccomp] ts=28341442353091 pid=91697 tgid=91697 comm=postgres         mode=FILTER   target=0 nr/ret=0 allow=1
[seccomp] ts=28341442361591 pid=91697 tgid=91697 comm=postgres         mode=FILTER   target=0 nr/ret=-1 allow=0
[seccomp] ts=28341442361591 pid=91697 tgid=91697 comm=postgres         mode=FILTER   target=0 nr/ret=0 allow=1
[seccomp] ts=28341442389507 pid=91697 tgid=91697 comm=postgres         mode=FILTER   target=0 nr/ret=-1 allow=0
[seccomp] ts=28341442389507 pid=91697 tgid=91697 comm=postgres         mode=FILTER   target=0 nr/ret=0 allow=1
[seccomp] ts=28341442418424 pid=91697 tgid=91697 comm=postgres         mode=FILTER   target=0 nr/ret=-1 allow=0
[seccomp] ts=28341442418424 pid=91697 tgid=91697 comm=postgres         mode=FILTER   target=0 nr/ret=0 allow=1
[seccomp] ts=28341442461174 pid=91697 tgid=91697 comm=postgres         mode=FILTER   target=0 nr/ret=-1 allow=0
[seccomp] ts=28341442461174 pid=91697 tgid=91697 comm=postgres         mode=FILTER   target=0 nr/ret=0 allow=1
[seccomp] ts=28341442473132 pid=91697 tgid=91697 comm=postgres         mode=FILTER   target=0 nr/ret=-1 allow=0
[seccomp] ts=28341442473132 pid=91697 tgid=91697 comm=postgres         mode=FILTER   target=0 nr/ret=0 allow=1
[seccomp] ts=28341442474299 pid=91697 tgid=91697 comm=postgres         mode=FILTER   target=0 nr/ret=-1 allow=0
[seccomp] ts=28341442474299 pid=91697 tgid=91697 comm=postgres         mode=FILTER   target=0 nr/ret=0 allow=1
[seccomp] ts=28341442475549 pid=91697 tgid=91697 comm=postgres         mode=FILTER   target=0 nr/ret=-1 allow=0
[seccomp] ts=28341442475549 pid=91697 tgid=91697 comm=postgres         mode=FILTER   target=0 nr/ret=0 allow=1
[seccomp] ts=28341442476632 pid=91697 tgid=91697 comm=postgres         mode=FILTER   target=0 nr/ret=-1 allow=0
[seccomp] ts=28341442476632 pid=91697 tgid=91697 comm=postgres         mode=FILTER   target=0 nr/ret=0 allow=1
[seccomp] ts=28341442477841 pid=91697 tgid=91697 comm=postgres         mode=FILTER   target=0 nr/ret=-1 allow=0
[seccomp] ts=28341442477841 pid=91697 tgid=91697 comm=postgres         mode=FILTER   target=0 nr/ret=0 allow=1
[seccomp] ts=28341442478966 pid=91697 tgid=91697 comm=postgres         mode=FILTER   target=0 nr/ret=-1 allow=0
[seccomp] ts=28341442478966 pid=91697 tgid=91697 comm=postgres         mode=FILTER   target=0 nr/ret=0 allow=1
[seccomp] ts=28341442480049 pid=91697 tgid=91697 comm=postgres         mode=FILTER   target=0 nr/ret=-1 allow=0
[seccomp] ts=28341442480049 pid=91697 tgid=91697 comm=postgres         mode=FILTER   target=0 nr/ret=0 allow=1
[seccomp] ts=28341442481132 pid=91697 tgid=91697 comm=postgres         mode=FILTER   target=0 nr/ret=-1 allow=0
[seccomp] ts=28341442481132 pid=91697 tgid=91697 comm=postgres         mode=FILTER   target=0 nr/ret=0 allow=1
[seccomp] ts=28341442492257 pid=91697 tgid=91697 comm=postgres         mode=FILTER   target=0 nr/ret=-1 allow=0
[seccomp] ts=28341442492257 pid=91697 tgid=91697 comm=postgres         mode=FILTER   target=0 nr/ret=0 allow=1
[seccomp] ts=28341442549257 pid=91697 tgid=91697 comm=postgres         mode=FILTER   target=0 nr/ret=-1 allow=0
[seccomp] ts=28341442549257 pid=91697 tgid=91697 comm=postgres         mode=FILTER   target=0 nr/ret=0 allow=1
[seccomp] ts=28341442561424 pid=91697 tgid=91697 comm=postgres         mode=FILTER   target=0 nr/ret=-1 allow=0
[seccomp] ts=28341442561424 pid=91697 tgid=91697 comm=postgres         mode=FILTER   target=0 nr/ret=0 allow=1
[seccomp] ts=28341442681799 pid=91697 tgid=91697 comm=postgres         mode=FILTER   target=0 nr/ret=-1 allow=0
[seccomp] ts=28341442681799 pid=91697 tgid=91697 comm=postgres         mode=FILTER   target=0 nr/ret=0 allow=1
[seccomp] ts=28341442741466 pid=91697 tgid=91697 comm=postgres         mode=FILTER   target=0 nr/ret=-1 allow=0
[seccomp] ts=28341442741466 pid=91697 tgid=91697 comm=postgres         mode=FILTER   target=0 nr/ret=0 allow=1
[seccomp] ts=28341442769632 pid=91697 tgid=91697 comm=postgres         mode=FILTER   target=0 nr/ret=-1 allow=0
[seccomp] ts=28341442769632 pid=91697 tgid=91697 comm=postgres         mode=FILTER   target=0 nr/ret=0 allow=1
[seccomp] ts=28341442777174 pid=91697 tgid=91697 comm=postgres         mode=FILTER   target=0 nr/ret=-1 allow=0
[seccomp] ts=28341442777174 pid=91697 tgid=91697 comm=postgres         mode=FILTER   target=0 nr/ret=0 allow=1
[seccomp] ts=28341442817924 pid=91697 tgid=91697 comm=postgres         mode=FILTER   target=0 nr/ret=-1 allow=0
[seccomp] ts=28341442817924 pid=91697 tgid=91697 comm=postgres         mode=FILTER   target=0 nr/ret=0 allow=1
[seccomp] ts=28341442902716 pid=91697 tgid=91697 comm=postgres         mode=FILTER   target=0 nr/ret=-1 allow=0
[seccomp] ts=28341442902716 pid=91697 tgid=91697 comm=postgres         mode=FILTER   target=0 nr/ret=0 allow=1
[seccomp] ts=28341442928424 pid=91697 tgid=91697 comm=postgres         mode=FILTER   target=0 nr/ret=-1 allow=0
[seccomp] ts=28341442928424 pid=91697 tgid=91697 comm=postgres         mode=FILTER   target=0 nr/ret=0 allow=1
[seccomp] ts=28341442931507 pid=91697 tgid=91697 comm=postgres         mode=FILTER   target=0 nr/ret=-1 allow=0
[seccomp] ts=28341442931507 pid=91697 tgid=91697 comm=postgres         mode=FILTER   target=0 nr/ret=0 allow=1
[seccomp] ts=28341442935091 pid=91697 tgid=91697 comm=postgres         mode=FILTER   target=0 nr/ret=-1 allow=0
[seccomp] ts=28341442935091 pid=91697 tgid=91697 comm=postgres         mode=FILTER   target=0 nr/ret=0 allow=1
[seccomp] ts=28341442943049 pid=91697 tgid=91697 comm=postgres         mode=FILTER   target=0 nr/ret=-1 allow=0
[seccomp] ts=28341442943049 pid=91697 tgid=91697 comm=postgres         mode=FILTER   target=0 nr/ret=0 allow=1
[seccomp] ts=28341442983341 pid=91697 tgid=91697 comm=postgres         mode=FILTER   target=0 nr/ret=-1 allow=0
[seccomp] ts=28341442983341 pid=91697 tgid=91697 comm=postgres         mode=FILTER   target=0 nr/ret=0 allow=1
[seccomp] ts=28341442993507 pid=91697 tgid=91697 comm=postgres         mode=FILTER   target=0 nr/ret=-1 allow=0
[seccomp] ts=28341442993507 pid=91697 tgid=91697 comm=postgres         mode=FILTER   target=0 nr/ret=0 allow=1
[seccomp] ts=28341443090841 pid=91697 tgid=91697 comm=postgres         mode=FILTER   target=0 nr/ret=-1 allow=0
[seccomp] ts=28341443090841 pid=91697 tgid=91697 comm=postgres         mode=FILTER   target=0 nr/ret=0 allow=1
[seccomp] ts=28341443116257 pid=91697 tgid=91697 comm=postgres         mode=FILTER   target=0 nr/ret=-1 allow=0
[seccomp] ts=28341443116257 pid=91697 tgid=91697 comm=postgres         mode=FILTER   target=0 nr/ret=0 allow=1
[seccomp] ts=28341443120424 pid=91697 tgid=91697 comm=postgres         mode=FILTER   target=0 nr/ret=-1 allow=0
[seccomp] ts=28341443120424 pid=91697 tgid=91697 comm=postgres         mode=FILTER   target=0 nr/ret=0 allow=1
[seccomp] ts=28341443132132 pid=91697 tgid=91697 comm=postgres         mode=FILTER   target=0 nr/ret=-1 allow=0
[seccomp] ts=28341443132132 pid=91697 tgid=91697 comm=postgres         mode=FILTER   target=0 nr/ret=0 allow=1
[seccomp] ts=28341443136007 pid=91697 tgid=91697 comm=postgres         mode=FILTER   target=0 nr/ret=-1 allow=0
[seccomp] ts=28341443136007 pid=91697 tgid=91697 comm=postgres         mode=FILTER   target=0 nr/ret=0 allow=1
[seccomp] ts=28341443138091 pid=91697 tgid=91697 comm=postgres         mode=FILTER   target=0 nr/ret=-1 allow=0
[seccomp] ts=28341443138091 pid=91697 tgid=91697 comm=postgres         mode=FILTER   target=0 nr/ret=0 allow=1
[seccomp] ts=28341443140216 pid=91697 tgid=91697 comm=postgres         mode=FILTER   target=0 nr/ret=-1 allow=0
[seccomp] ts=28341443140216 pid=91697 tgid=91697 comm=postgres         mode=FILTER   target=0 nr/ret=0 allow=1
[seccomp] ts=28341443142216 pid=91697 tgid=91697 comm=postgres         mode=FILTER   target=0 nr/ret=-1 allow=0
[seccomp] ts=28341443142216 pid=91697 tgid=91697 comm=postgres         mode=FILTER   target=0 nr/ret=0 allow=1
[seccomp] ts=28341443144341 pid=91697 tgid=91697 comm=postgres         mode=FILTER   target=0 nr/ret=-1 allow=0
[seccomp] ts=28341443144341 pid=91697 tgid=91697 comm=postgres         mode=FILTER   target=0 nr/ret=0 allow=1
[seccomp] ts=28341443181507 pid=91697 tgid=91697 comm=postgres         mode=FILTER   target=0 nr/ret=-1 allow=0
[seccomp] ts=28341443181507 pid=91697 tgid=91697 comm=postgres         mode=FILTER   target=0 nr/ret=0 allow=1
[seccomp] ts=28341443210299 pid=91697 tgid=91697 comm=postgres         mode=FILTER   target=0 nr/ret=-1 allow=0
[seccomp] ts=28341443210299 pid=91697 tgid=91697 comm=postgres         mode=FILTER   target=0 nr/ret=0 allow=1
[seccomp] ts=28341443212841 pid=91697 tgid=91697 comm=postgres         mode=FILTER   target=0 nr/ret=-1 allow=0
[seccomp] ts=28341443212841 pid=91697 tgid=91697 comm=postgres         mode=FILTER   target=0 nr/ret=0 allow=1
[seccomp] ts=28341443222757 pid=91697 tgid=91697 comm=postgres         mode=FILTER   target=0 nr/ret=-1 allow=0
[seccomp] ts=28341443222757 pid=91697 tgid=91697 comm=postgres         mode=FILTER   target=0 nr/ret=0 allow=1
[seccomp] ts=28341443226549 pid=91697 tgid=91697 comm=postgres         mode=FILTER   target=0 nr/ret=-1 allow=0
[seccomp] ts=28341443226549 pid=91697 tgid=91697 comm=postgres         mode=FILTER   target=0 nr/ret=0 allow=1
[seccomp] ts=28341443275466 pid=91697 tgid=91697 comm=postgres         mode=FILTER   target=0 nr/ret=-1 allow=0
[seccomp] ts=28341443275466 pid=91697 tgid=91697 comm=postgres         mode=FILTER   target=0 nr/ret=0 allow=1
[seccomp] ts=28341443303216 pid=91697 tgid=91697 comm=postgres         mode=FILTER   target=0 nr/ret=-1 allow=0
[seccomp] ts=28341443303216 pid=91697 tgid=91697 comm=postgres         mode=FILTER   target=0 nr/ret=0 allow=1
[seccomp] ts=28341443308049 pid=91697 tgid=91697 comm=postgres         mode=FILTER   target=0 nr/ret=-1 allow=0
[seccomp] ts=28341443308049 pid=91697 tgid=91697 comm=postgres         mode=FILTER   target=0 nr/ret=0 allow=1
[seccomp] ts=28341443311341 pid=91697 tgid=91697 comm=postgres         mode=FILTER   target=0 nr/ret=-1 allow=0
[seccomp] ts=28341443311341 pid=91697 tgid=91697 comm=postgres         mode=FILTER   target=0 nr/ret=0 allow=1
[seccomp] ts=28341443314466 pid=91697 tgid=91697 comm=postgres         mode=FILTER   target=0 nr/ret=-1 allow=0
[seccomp] ts=28341443314466 pid=91697 tgid=91697 comm=postgres         mode=FILTER   target=0 nr/ret=0 allow=1
[seccomp] ts=28341443316424 pid=91697 tgid=91697 comm=postgres         mode=FILTER   target=0 nr/ret=-1 allow=0
[seccomp] ts=28341443316424 pid=91697 tgid=91697 comm=postgres         mode=FILTER   target=0 nr/ret=0 allow=1
[seccomp] ts=28341443318007 pid=91697 tgid=91697 comm=postgres         mode=FILTER   target=0 nr/ret=-1 allow=0
[seccomp] ts=28341443318007 pid=91697 tgid=91697 comm=postgres         mode=FILTER   target=0 nr/ret=0 allow=1
[seccomp] ts=28341443320716 pid=91697 tgid=91697 comm=postgres         mode=FILTER   target=0 nr/ret=-1 allow=0
[seccomp] ts=28341443320716 pid=91697 tgid=91697 comm=postgres         mode=FILTER   target=0 nr/ret=0 allow=1
[seccomp] ts=28341443322549 pid=91697 tgid=91697 comm=postgres         mode=FILTER   target=0 nr/ret=-1 allow=0
[seccomp] ts=28341443322549 pid=91697 tgid=91697 comm=postgres         mode=FILTER   target=0 nr/ret=0 allow=1
[seccomp] ts=28341443325132 pid=91697 tgid=91697 comm=postgres         mode=FILTER   target=0 nr/ret=-1 allow=0
[seccomp] ts=28341443325132 pid=91697 tgid=91697 comm=postgres         mode=FILTER   target=0 nr/ret=0 allow=1
[seccomp] ts=28341443328007 pid=91697 tgid=91697 comm=postgres         mode=FILTER   target=0 nr/ret=-1 allow=0
[seccomp] ts=28341443328007 pid=91697 tgid=91697 comm=postgres         mode=FILTER   target=0 nr/ret=0 allow=1
[seccomp] ts=28341443330799 pid=91697 tgid=91697 comm=postgres         mode=FILTER   target=0 nr/ret=-1 allow=0
[seccomp] ts=28341443330799 pid=91697 tgid=91697 comm=postgres         mode=FILTER   target=0 nr/ret=0 allow=1
[seccomp] ts=28341443332507 pid=91697 tgid=91697 comm=postgres         mode=FILTER   target=0 nr/ret=-1 allow=0
[seccomp] ts=28341443332507 pid=91697 tgid=91697 comm=postgres         mode=FILTER   target=0 nr/ret=0 allow=1
[seccomp] ts=28341443367257 pid=91697 tgid=91697 comm=postgres         mode=FILTER   target=0 nr/ret=-1 allow=0
[seccomp] ts=28341443367257 pid=91697 tgid=91697 comm=postgres         mode=FILTER   target=0 nr/ret=0 allow=1
[seccomp] ts=28341443369091 pid=91697 tgid=91697 comm=postgres         mode=FILTER   target=0 nr/ret=-1 allow=0
[seccomp] ts=28341443369091 pid=91697 tgid=91697 comm=postgres         mode=FILTER   target=0 nr/ret=0 allow=1
[seccomp] ts=28341443371466 pid=91697 tgid=91697 comm=postgres         mode=FILTER   target=0 nr/ret=-1 allow=0
[seccomp] ts=28341443371466 pid=91697 tgid=91697 comm=postgres         mode=FILTER   target=0 nr/ret=0 allow=1
[seccomp] ts=28341443376841 pid=91697 tgid=91697 comm=postgres         mode=FILTER   target=0 nr/ret=-1 allow=0
[seccomp] ts=28341443376841 pid=91697 tgid=91697 comm=postgres         mode=FILTER   target=0 nr/ret=0 allow=1
[seccomp] ts=28341443402716 pid=91697 tgid=91697 comm=postgres         mode=FILTER   target=0 nr/ret=-1 allow=0
[seccomp] ts=28341443402716 pid=91697 tgid=91697 comm=postgres         mode=FILTER   target=0 nr/ret=0 allow=1
[seccomp] ts=28341443433466 pid=91697 tgid=91697 comm=postgres         mode=FILTER   target=0 nr/ret=-1 allow=0
[seccomp] ts=28341443433466 pid=91697 tgid=91697 comm=postgres         mode=FILTER   target=0 nr/ret=0 allow=1
[seccomp] ts=28341443450007 pid=91697 tgid=91697 comm=postgres         mode=FILTER   target=0 nr/ret=-1 allow=0
[seccomp] ts=28341443450007 pid=91697 tgid=91697 comm=postgres         mode=FILTER   target=0 nr/ret=0 allow=1
[seccomp] ts=28341443563674 pid=91697 tgid=91697 comm=postgres         mode=FILTER   target=0 nr/ret=-1 allow=0
[seccomp] ts=28341443563674 pid=91697 tgid=91697 comm=postgres         mode=FILTER   target=0 nr/ret=0 allow=1
[seccomp] ts=28341443602257 pid=91697 tgid=91697 comm=postgres         mode=FILTER   target=0 nr/ret=-1 allow=0
[seccomp] ts=28341443602257 pid=91697 tgid=91697 comm=postgres         mode=FILTER   target=0 nr/ret=0 allow=1
[seccomp] ts=28341443639924 pid=91697 tgid=91697 comm=postgres         mode=FILTER   target=0 nr/ret=-1 allow=0
[seccomp] ts=28341443639924 pid=91697 tgid=91697 comm=postgres         mode=FILTER   target=0 nr/ret=0 allow=1
[seccomp] ts=28341443643632 pid=91697 tgid=91697 comm=postgres         mode=FILTER   target=0 nr/ret=-1 allow=0
[seccomp] ts=28341443643632 pid=91697 tgid=91697 comm=postgres         mode=FILTER   target=0 nr/ret=0 allow=1
[seccomp] ts=28341443727257 pid=91697 tgid=91697 comm=postgres         mode=FILTER   target=0 nr/ret=-1 allow=0
[seccomp] ts=28341443727257 pid=91697 tgid=91697 comm=postgres         mode=FILTER   target=0 nr/ret=0 allow=1
[seccomp] ts=28341443760091 pid=91697 tgid=91697 comm=postgres         mode=FILTER   target=0 nr/ret=-1 allow=0
[seccomp] ts=28341443760091 pid=91697 tgid=91697 comm=postgres         mode=FILTER   target=0 nr/ret=0 allow=1
[seccomp] ts=28341443762007 pid=91697 tgid=91697 comm=postgres         mode=FILTER   target=0 nr/ret=-1 allow=0
[seccomp] ts=28341443762007 pid=91697 tgid=91697 comm=postgres         mode=FILTER   target=0 nr/ret=0 allow=1
[seccomp] ts=28341443764507 pid=91697 tgid=91697 comm=postgres         mode=FILTER   target=0 nr/ret=-1 allow=0
[seccomp] ts=28341443764507 pid=91697 tgid=91697 comm=postgres         mode=FILTER   target=0 nr/ret=0 allow=1
[seccomp] ts=28341443770632 pid=91697 tgid=91697 comm=postgres         mode=FILTER   target=0 nr/ret=-1 allow=0
[seccomp] ts=28341443770632 pid=91697 tgid=91697 comm=postgres         mode=FILTER   target=0 nr/ret=0 allow=1
[seccomp] ts=28341443859757 pid=91697 tgid=91697 comm=postgres         mode=FILTER   target=0 nr/ret=-1 allow=0
[seccomp] ts=28341443859757 pid=91697 tgid=91697 comm=postgres         mode=FILTER   target=0 nr/ret=0 allow=1
[seccomp] ts=28341443932757 pid=91697 tgid=91697 comm=postgres         mode=FILTER   target=0 nr/ret=-1 allow=0
[seccomp] ts=28341443932757 pid=91697 tgid=91697 comm=postgres         mode=FILTER   target=0 nr/ret=0 allow=1
[seccomp] ts=28341444030799 pid=91697 tgid=91697 comm=postgres         mode=FILTER   target=0 nr/ret=-1 allow=0
[seccomp] ts=28341444030799 pid=91697 tgid=91697 comm=postgres         mode=FILTER   target=0 nr/ret=0 allow=1
[seccomp] ts=28341444070674 pid=91697 tgid=91697 comm=postgres         mode=FILTER   target=0 nr/ret=-1 allow=0
[seccomp] ts=28341444070674 pid=91697 tgid=91697 comm=postgres         mode=FILTER   target=0 nr/ret=0 allow=1
[seccomp] ts=28341444111424 pid=91697 tgid=91697 comm=postgres         mode=FILTER   target=0 nr/ret=-1 allow=0
[seccomp] ts=28341444111424 pid=91697 tgid=91697 comm=postgres         mode=FILTER   target=0 nr/ret=0 allow=1
[seccomp] ts=28341444141174 pid=91697 tgid=91697 comm=postgres         mode=FILTER   target=0 nr/ret=-1 allow=0
[seccomp] ts=28341444141174 pid=91697 tgid=91697 comm=postgres         mode=FILTER   target=0 nr/ret=0 allow=1
[seccomp] ts=28341444159674 pid=91697 tgid=91697 comm=postgres         mode=FILTER   target=0 nr/ret=-1 allow=0
[seccomp] ts=28341444159674 pid=91697 tgid=91697 comm=postgres         mode=FILTER   target=0 nr/ret=0 allow=1
[seccomp] ts=28341444195382 pid=91697 tgid=91697 comm=postgres         mode=FILTER   target=0 nr/ret=-1 allow=0
[seccomp] ts=28341444195382 pid=91697 tgid=91697 comm=postgres         mode=FILTER   target=0 nr/ret=0 allow=1
[seccomp] ts=28341444202174 pid=91697 tgid=91697 comm=postgres         mode=FILTER   target=0 nr/ret=-1 allow=0
[seccomp] ts=28341444202174 pid=91697 tgid=91697 comm=postgres         mode=FILTER   target=0 nr/ret=0 allow=1
[seccomp] ts=28341444215632 pid=91697 tgid=91697 comm=postgres         mode=FILTER   target=0 nr/ret=-1 allow=0
[seccomp] ts=28341444215632 pid=91697 tgid=91697 comm=postgres         mode=FILTER   target=0 nr/ret=0 allow=1
[seccomp] ts=28341444242132 pid=91697 tgid=91697 comm=postgres         mode=FILTER   target=0 nr/ret=-1 allow=0
[seccomp] ts=28341444242132 pid=91697 tgid=91697 comm=postgres         mode=FILTER   target=0 nr/ret=0 allow=1
[seccomp] ts=28341444246716 pid=91697 tgid=91697 comm=postgres         mode=FILTER   target=0 nr/ret=-1 allow=0
[seccomp] ts=28341444246716 pid=91697 tgid=91697 comm=postgres         mode=FILTER   target=0 nr/ret=0 allow=1
[seccomp] ts=28341444249591 pid=91697 tgid=91697 comm=postgres         mode=FILTER   target=0 nr/ret=-1 allow=0
[seccomp] ts=28341444249591 pid=91697 tgid=91697 comm=postgres         mode=FILTER   target=0 nr/ret=0 allow=1
[seccomp] ts=28341444251007 pid=91697 tgid=91697 comm=postgres         mode=FILTER   target=0 nr/ret=-1 allow=0
[seccomp] ts=28341444251007 pid=91697 tgid=91697 comm=postgres         mode=FILTER   target=0 nr/ret=0 allow=1
[seccomp] ts=28341444253549 pid=91697 tgid=91697 comm=postgres         mode=FILTER   target=0 nr/ret=-1 allow=0
[seccomp] ts=28341444253549 pid=91697 tgid=91697 comm=postgres         mode=FILTER   target=0 nr/ret=0 allow=1
[seccomp] ts=28341444256216 pid=91697 tgid=91697 comm=postgres         mode=FILTER   target=0 nr/ret=-1 allow=0
[seccomp] ts=28341444256216 pid=91697 tgid=91697 comm=postgres         mode=FILTER   target=0 nr/ret=0 allow=1
[seccomp] ts=28341444257966 pid=91697 tgid=91697 comm=postgres         mode=FILTER   target=0 nr/ret=-1 allow=0
[seccomp] ts=28341444257966 pid=91697 tgid=91697 comm=postgres         mode=FILTER   target=0 nr/ret=0 allow=1
[seccomp] ts=28341444259799 pid=91697 tgid=91697 comm=postgres         mode=FILTER   target=0 nr/ret=-1 allow=0
[seccomp] ts=28341444259799 pid=91697 tgid=91697 comm=postgres         mode=FILTER   target=0 nr/ret=0 allow=1
[seccomp] ts=28341444262132 pid=91697 tgid=91697 comm=postgres         mode=FILTER   target=0 nr/ret=-1 allow=0
[seccomp] ts=28341444262132 pid=91697 tgid=91697 comm=postgres         mode=FILTER   target=0 nr/ret=0 allow=1
[seccomp] ts=28341444265549 pid=91697 tgid=91697 comm=postgres         mode=FILTER   target=0 nr/ret=-1 allow=0
[seccomp] ts=28341444265549 pid=91697 tgid=91697 comm=postgres         mode=FILTER   target=0 nr/ret=0 allow=1
[seccomp] ts=28341444268216 pid=91697 tgid=91697 comm=postgres         mode=FILTER   target=0 nr/ret=-1 allow=0
[seccomp] ts=28341444268216 pid=91697 tgid=91697 comm=postgres         mode=FILTER   target=0 nr/ret=0 allow=1
[seccomp] ts=28341444270924 pid=91697 tgid=91697 comm=postgres         mode=FILTER   target=0 nr/ret=-1 allow=0
[seccomp] ts=28341444270924 pid=91697 tgid=91697 comm=postgres         mode=FILTER   target=0 nr/ret=0 allow=1
[seccomp] ts=28341444300299 pid=91697 tgid=91697 comm=postgres         mode=FILTER   target=0 nr/ret=-1 allow=0
[seccomp] ts=28341444300299 pid=91697 tgid=91697 comm=postgres         mode=FILTER   target=0 nr/ret=0 allow=1
[seccomp] ts=28341444316799 pid=91697 tgid=91697 comm=postgres         mode=FILTER   target=0 nr/ret=-1 allow=0
[seccomp] ts=28341444316799 pid=91697 tgid=91697 comm=postgres         mode=FILTER   target=0 nr/ret=0 allow=1
[seccomp] ts=28341444321049 pid=91697 tgid=91697 comm=postgres         mode=FILTER   target=0 nr/ret=-1 allow=0
[seccomp] ts=28341444321049 pid=91697 tgid=91697 comm=postgres         mode=FILTER   target=0 nr/ret=0 allow=1
[seccomp] ts=28341444322882 pid=91697 tgid=91697 comm=postgres         mode=FILTER   target=0 nr/ret=-1 allow=0
[seccomp] ts=28341444322882 pid=91697 tgid=91697 comm=postgres         mode=FILTER   target=0 nr/ret=0 allow=1
[seccomp] ts=28341444324882 pid=91697 tgid=91697 comm=postgres         mode=FILTER   target=0 nr/ret=-1 allow=0
[seccomp] ts=28341444324882 pid=91697 tgid=91697 comm=postgres         mode=FILTER   target=0 nr/ret=0 allow=1
[seccomp] ts=28341444329382 pid=91697 tgid=91697 comm=postgres         mode=FILTER   target=0 nr/ret=-1 allow=0
[seccomp] ts=28341444329382 pid=91697 tgid=91697 comm=postgres         mode=FILTER   target=0 nr/ret=0 allow=1
[seccomp] ts=28341444331341 pid=91697 tgid=91697 comm=postgres         mode=FILTER   target=0 nr/ret=-1 allow=0
[seccomp] ts=28341444331341 pid=91697 tgid=91697 comm=postgres         mode=FILTER   target=0 nr/ret=0 allow=1
[seccomp] ts=28341444333299 pid=91697 tgid=91697 comm=postgres         mode=FILTER   target=0 nr/ret=-1 allow=0
[seccomp] ts=28341444333299 pid=91697 tgid=91697 comm=postgres         mode=FILTER   target=0 nr/ret=0 allow=1
[seccomp] ts=28341444335091 pid=91697 tgid=91697 comm=postgres         mode=FILTER   target=0 nr/ret=-1 allow=0
[seccomp] ts=28341444335091 pid=91697 tgid=91697 comm=postgres         mode=FILTER   target=0 nr/ret=0 allow=1
[seccomp] ts=28341444345341 pid=91697 tgid=91697 comm=postgres         mode=FILTER   target=0 nr/ret=-1 allow=0
[seccomp] ts=28341444345341 pid=91697 tgid=91697 comm=postgres         mode=FILTER   target=0 nr/ret=0 allow=1
[seccomp] ts=28341444371716 pid=91697 tgid=91697 comm=postgres         mode=FILTER   target=0 nr/ret=-1 allow=0
[seccomp] ts=28341444371716 pid=91697 tgid=91697 comm=postgres         mode=FILTER   target=0 nr/ret=0 allow=1
[seccomp] ts=28341444373924 pid=91697 tgid=91697 comm=postgres         mode=FILTER   target=0 nr/ret=-1 allow=0
[seccomp] ts=28341444373924 pid=91697 tgid=91697 comm=postgres         mode=FILTER   target=0 nr/ret=0 allow=1
[seccomp] ts=28341444375424 pid=91697 tgid=91697 comm=postgres         mode=FILTER   target=0 nr/ret=-1 allow=0
[seccomp] ts=28341444375424 pid=91697 tgid=91697 comm=postgres         mode=FILTER   target=0 nr/ret=0 allow=1
[seccomp] ts=28341444378091 pid=91697 tgid=91697 comm=postgres         mode=FILTER   target=0 nr/ret=-1 allow=0
[seccomp] ts=28341444378091 pid=91697 tgid=91697 comm=postgres         mode=FILTER   target=0 nr/ret=0 allow=1
[seccomp] ts=28341444379966 pid=91697 tgid=91697 comm=postgres         mode=FILTER   target=0 nr/ret=-1 allow=0
[seccomp] ts=28341444379966 pid=91697 tgid=91697 comm=postgres         mode=FILTER   target=0 nr/ret=0 allow=1
[seccomp] ts=28341444381549 pid=91697 tgid=91697 comm=postgres         mode=FILTER   target=0 nr/ret=-1 allow=0
[seccomp] ts=28341444381549 pid=91697 tgid=91697 comm=postgres         mode=FILTER   target=0 nr/ret=0 allow=1
[seccomp] ts=28341444384216 pid=91697 tgid=91697 comm=postgres         mode=FILTER   target=0 nr/ret=-1 allow=0
[seccomp] ts=28341444384216 pid=91697 tgid=91697 comm=postgres         mode=FILTER   target=0 nr/ret=0 allow=1
[seccomp] ts=28341444386924 pid=91697 tgid=91697 comm=postgres         mode=FILTER   target=0 nr/ret=-1 allow=0
[seccomp] ts=28341444386924 pid=91697 tgid=91697 comm=postgres         mode=FILTER   target=0 nr/ret=0 allow=1
[seccomp] ts=28341444388591 pid=91697 tgid=91697 comm=postgres         mode=FILTER   target=0 nr/ret=-1 allow=0
[seccomp] ts=28341444388591 pid=91697 tgid=91697 comm=postgres         mode=FILTER   target=0 nr/ret=0 allow=1
[seccomp] ts=28341444391507 pid=91697 tgid=91697 comm=postgres         mode=FILTER   target=0 nr/ret=-1 allow=0
[seccomp] ts=28341444391507 pid=91697 tgid=91697 comm=postgres         mode=FILTER   target=0 nr/ret=0 allow=1
[seccomp] ts=28341444393132 pid=91697 tgid=91697 comm=postgres         mode=FILTER   target=0 nr/ret=-1 allow=0
[seccomp] ts=28341444393132 pid=91697 tgid=91697 comm=postgres         mode=FILTER   target=0 nr/ret=0 allow=1
[seccomp] ts=28341444394799 pid=91697 tgid=91697 comm=postgres         mode=FILTER   target=0 nr/ret=-1 allow=0
[seccomp] ts=28341444394799 pid=91697 tgid=91697 comm=postgres         mode=FILTER   target=0 nr/ret=0 allow=1
[seccomp] ts=28341444396466 pid=91697 tgid=91697 comm=postgres         mode=FILTER   target=0 nr/ret=-1 allow=0
[seccomp] ts=28341444396466 pid=91697 tgid=91697 comm=postgres         mode=FILTER   target=0 nr/ret=0 allow=1
[seccomp] ts=28341444399882 pid=91697 tgid=91697 comm=postgres         mode=FILTER   target=0 nr/ret=-1 allow=0
[seccomp] ts=28341444399882 pid=91697 tgid=91697 comm=postgres         mode=FILTER   target=0 nr/ret=0 allow=1
[seccomp] ts=28341444406299 pid=91697 tgid=91697 comm=postgres         mode=FILTER   target=0 nr/ret=-1 allow=0
[seccomp] ts=28341444406299 pid=91697 tgid=91697 comm=postgres         mode=FILTER   target=0 nr/ret=0 allow=1
[seccomp] ts=28341444421257 pid=91697 tgid=91697 comm=postgres         mode=FILTER   target=0 nr/ret=-1 allow=0
[seccomp] ts=28341444421257 pid=91697 tgid=91697 comm=postgres         mode=FILTER   target=0 nr/ret=0 allow=1
[seccomp] ts=28341444423049 pid=91697 tgid=91697 comm=postgres         mode=FILTER   target=0 nr/ret=-1 allow=0
[seccomp] ts=28341444423049 pid=91697 tgid=91697 comm=postgres         mode=FILTER   target=0 nr/ret=0 allow=1
[seccomp] ts=28341444427841 pid=91697 tgid=91697 comm=postgres         mode=FILTER   target=0 nr/ret=-1 allow=0
[seccomp] ts=28341444427841 pid=91697 tgid=91697 comm=postgres         mode=FILTER   target=0 nr/ret=0 allow=1
[seccomp] ts=28341444429341 pid=91697 tgid=91697 comm=postgres         mode=FILTER   target=0 nr/ret=-1 allow=0
[seccomp] ts=28341444429341 pid=91697 tgid=91697 comm=postgres         mode=FILTER   target=0 nr/ret=0 allow=1
[seccomp] ts=28341444430757 pid=91697 tgid=91697 comm=postgres         mode=FILTER   target=0 nr/ret=-1 allow=0
[seccomp] ts=28341444430757 pid=91697 tgid=91697 comm=postgres         mode=FILTER   target=0 nr/ret=0 allow=1
[seccomp] ts=28341444433674 pid=91697 tgid=91697 comm=postgres         mode=FILTER   target=0 nr/ret=-1 allow=0
[seccomp] ts=28341444433674 pid=91697 tgid=91697 comm=postgres         mode=FILTER   target=0 nr/ret=0 allow=1
[seccomp] ts=28341444435174 pid=91697 tgid=91697 comm=postgres         mode=FILTER   target=0 nr/ret=-1 allow=0
[seccomp] ts=28341444435174 pid=91697 tgid=91697 comm=postgres         mode=FILTER   target=0 nr/ret=0 allow=1
[seccomp] ts=28341444437591 pid=91697 tgid=91697 comm=postgres         mode=FILTER   target=0 nr/ret=-1 allow=0
[seccomp] ts=28341444437591 pid=91697 tgid=91697 comm=postgres         mode=FILTER   target=0 nr/ret=0 allow=1
[seccomp] ts=28341444439466 pid=91697 tgid=91697 comm=postgres         mode=FILTER   target=0 nr/ret=-1 allow=0
[seccomp] ts=28341444439466 pid=91697 tgid=91697 comm=postgres         mode=FILTER   target=0 nr/ret=0 allow=1
[seccomp] ts=28341444441257 pid=91697 tgid=91697 comm=postgres         mode=FILTER   target=0 nr/ret=-1 allow=0
[seccomp] ts=28341444441257 pid=91697 tgid=91697 comm=postgres         mode=FILTER   target=0 nr/ret=0 allow=1
[seccomp] ts=28341444443591 pid=91697 tgid=91697 comm=postgres         mode=FILTER   target=0 nr/ret=-1 allow=0
[seccomp] ts=28341444443591 pid=91697 tgid=91697 comm=postgres         mode=FILTER   target=0 nr/ret=0 allow=1
[seccomp] ts=28341444447299 pid=91697 tgid=91697 comm=postgres         mode=FILTER   target=0 nr/ret=-1 allow=0
[seccomp] ts=28341444447299 pid=91697 tgid=91697 comm=postgres         mode=FILTER   target=0 nr/ret=0 allow=1
[seccomp] ts=28341444449007 pid=91697 tgid=91697 comm=postgres         mode=FILTER   target=0 nr/ret=-1 allow=0
[seccomp] ts=28341444449007 pid=91697 tgid=91697 comm=postgres         mode=FILTER   target=0 nr/ret=0 allow=1
[seccomp] ts=28341444451966 pid=91697 tgid=91697 comm=postgres         mode=FILTER   target=0 nr/ret=-1 allow=0
[seccomp] ts=28341444451966 pid=91697 tgid=91697 comm=postgres         mode=FILTER   target=0 nr/ret=0 allow=1
[seccomp] ts=28341444454299 pid=91697 tgid=91697 comm=postgres         mode=FILTER   target=0 nr/ret=-1 allow=0
[seccomp] ts=28341444454299 pid=91697 tgid=91697 comm=postgres         mode=FILTER   target=0 nr/ret=0 allow=1
[seccomp] ts=28341444455966 pid=91697 tgid=91697 comm=postgres         mode=FILTER   target=0 nr/ret=-1 allow=0
[seccomp] ts=28341444455966 pid=91697 tgid=91697 comm=postgres         mode=FILTER   target=0 nr/ret=0 allow=1
[seccomp] ts=28341444457716 pid=91697 tgid=91697 comm=postgres         mode=FILTER   target=0 nr/ret=-1 allow=0
[seccomp] ts=28341444457716 pid=91697 tgid=91697 comm=postgres         mode=FILTER   target=0 nr/ret=0 allow=1
[seccomp] ts=28341444508549 pid=91697 tgid=91697 comm=postgres         mode=FILTER   target=0 nr/ret=-1 allow=0
[seccomp] ts=28341444508549 pid=91697 tgid=91697 comm=postgres         mode=FILTER   target=0 nr/ret=0 allow=1
[seccomp] ts=28341444522341 pid=91697 tgid=91697 comm=postgres         mode=FILTER   target=0 nr/ret=-1 allow=0
[seccomp] ts=28341444522341 pid=91697 tgid=91697 comm=postgres         mode=FILTER   target=0 nr/ret=0 allow=1
[seccomp] ts=28341444523716 pid=91697 tgid=91697 comm=postgres         mode=FILTER   target=0 nr/ret=-1 allow=0
[seccomp] ts=28341444523716 pid=91697 tgid=91697 comm=postgres         mode=FILTER   target=0 nr/ret=0 allow=1
[seccomp] ts=28341444531299 pid=91697 tgid=91697 comm=postgres         mode=FILTER   target=0 nr/ret=-1 allow=0
[seccomp] ts=28341444531299 pid=91697 tgid=91697 comm=postgres         mode=FILTER   target=0 nr/ret=0 allow=1
[seccomp] ts=28341444556674 pid=91697 tgid=91697 comm=postgres         mode=FILTER   target=0 nr/ret=-1 allow=0
[seccomp] ts=28341444556674 pid=91697 tgid=91697 comm=postgres         mode=FILTER   target=0 nr/ret=0 allow=1
[seccomp] ts=28341444566174 pid=91697 tgid=91697 comm=postgres         mode=FILTER   target=0 nr/ret=-1 allow=0
[seccomp] ts=28341444566174 pid=91697 tgid=91697 comm=postgres         mode=FILTER   target=0 nr/ret=0 allow=1
[seccomp] ts=28341444567799 pid=91697 tgid=91697 comm=postgres         mode=FILTER   target=0 nr/ret=-1 allow=0
[seccomp] ts=28341444567799 pid=91697 tgid=91697 comm=postgres         mode=FILTER   target=0 nr/ret=0 allow=1
[seccomp] ts=28341444572091 pid=91697 tgid=91697 comm=postgres         mode=FILTER   target=0 nr/ret=-1 allow=0
[seccomp] ts=28341444572091 pid=91697 tgid=91697 comm=postgres         mode=FILTER   target=0 nr/ret=0 allow=1
[seccomp] ts=28341444575174 pid=91697 tgid=91697 comm=postgres         mode=FILTER   target=0 nr/ret=-1 allow=0
[seccomp] ts=28341444575174 pid=91697 tgid=91697 comm=postgres         mode=FILTER   target=0 nr/ret=0 allow=1
[seccomp] ts=28341444577549 pid=91697 tgid=91697 comm=postgres         mode=FILTER   target=0 nr/ret=-1 allow=0
[seccomp] ts=28341444577549 pid=91697 tgid=91697 comm=postgres         mode=FILTER   target=0 nr/ret=0 allow=1
[seccomp] ts=28341444579007 pid=91697 tgid=91697 comm=postgres         mode=FILTER   target=0 nr/ret=-1 allow=0
[seccomp] ts=28341444579007 pid=91697 tgid=91697 comm=postgres         mode=FILTER   target=0 nr/ret=0 allow=1
[seccomp] ts=28341444580299 pid=91697 tgid=91697 comm=postgres         mode=FILTER   target=0 nr/ret=-1 allow=0
[seccomp] ts=28341444580299 pid=91697 tgid=91697 comm=postgres         mode=FILTER   target=0 nr/ret=0 allow=1
[seccomp] ts=28341444581591 pid=91697 tgid=91697 comm=postgres         mode=FILTER   target=0 nr/ret=-1 allow=0
[seccomp] ts=28341444581591 pid=91697 tgid=91697 comm=postgres         mode=FILTER   target=0 nr/ret=0 allow=1
[seccomp] ts=28341444585466 pid=91697 tgid=91697 comm=postgres         mode=FILTER   target=0 nr/ret=-1 allow=0
[seccomp] ts=28341444585466 pid=91697 tgid=91697 comm=postgres         mode=FILTER   target=0 nr/ret=0 allow=1
[seccomp] ts=28341444586841 pid=91697 tgid=91697 comm=postgres         mode=FILTER   target=0 nr/ret=-1 allow=0
[seccomp] ts=28341444586841 pid=91697 tgid=91697 comm=postgres         mode=FILTER   target=0 nr/ret=0 allow=1
[seccomp] ts=28341444588924 pid=91697 tgid=91697 comm=postgres         mode=FILTER   target=0 nr/ret=-1 allow=0
[seccomp] ts=28341444588924 pid=91697 tgid=91697 comm=postgres         mode=FILTER   target=0 nr/ret=0 allow=1
[seccomp] ts=28341444590216 pid=91697 tgid=91697 comm=postgres         mode=FILTER   target=0 nr/ret=-1 allow=0
[seccomp] ts=28341444590216 pid=91697 tgid=91697 comm=postgres         mode=FILTER   target=0 nr/ret=0 allow=1
[seccomp] ts=28341444591632 pid=91697 tgid=91697 comm=postgres         mode=FILTER   target=0 nr/ret=-1 allow=0
[seccomp] ts=28341444591632 pid=91697 tgid=91697 comm=postgres         mode=FILTER   target=0 nr/ret=0 allow=1
[seccomp] ts=28341444594049 pid=91697 tgid=91697 comm=postgres         mode=FILTER   target=0 nr/ret=-1 allow=0
[seccomp] ts=28341444594049 pid=91697 tgid=91697 comm=postgres         mode=FILTER   target=0 nr/ret=0 allow=1
[seccomp] ts=28341444600549 pid=91697 tgid=91697 comm=postgres         mode=FILTER   target=0 nr/ret=-1 allow=0
[seccomp] ts=28341444600549 pid=91697 tgid=91697 comm=postgres         mode=FILTER   target=0 nr/ret=0 allow=1
[seccomp] ts=28341444622132 pid=91697 tgid=91697 comm=postgres         mode=FILTER   target=0 nr/ret=-1 allow=0
[seccomp] ts=28341444622132 pid=91697 tgid=91697 comm=postgres         mode=FILTER   target=0 nr/ret=0 allow=1
[seccomp] ts=28341444635466 pid=91697 tgid=91697 comm=postgres         mode=FILTER   target=0 nr/ret=-1 allow=0
[seccomp] ts=28341444635466 pid=91697 tgid=91697 comm=postgres         mode=FILTER   target=0 nr/ret=0 allow=1
[seccomp] ts=28341444637299 pid=91697 tgid=91697 comm=postgres         mode=FILTER   target=0 nr/ret=-1 allow=0
[seccomp] ts=28341444637299 pid=91697 tgid=91697 comm=postgres         mode=FILTER   target=0 nr/ret=0 allow=1
[seccomp] ts=28341444639174 pid=91697 tgid=91697 comm=postgres         mode=FILTER   target=0 nr/ret=-1 allow=0
[seccomp] ts=28341444639174 pid=91697 tgid=91697 comm=postgres         mode=FILTER   target=0 nr/ret=0 allow=1
[seccomp] ts=28341444641924 pid=91697 tgid=91697 comm=postgres         mode=FILTER   target=0 nr/ret=-1 allow=0
[seccomp] ts=28341444641924 pid=91697 tgid=91697 comm=postgres         mode=FILTER   target=0 nr/ret=0 allow=1
[seccomp] ts=28341444643591 pid=91697 tgid=91697 comm=postgres         mode=FILTER   target=0 nr/ret=-1 allow=0
[seccomp] ts=28341444643591 pid=91697 tgid=91697 comm=postgres         mode=FILTER   target=0 nr/ret=0 allow=1
[seccomp] ts=28341444645216 pid=91697 tgid=91697 comm=postgres         mode=FILTER   target=0 nr/ret=-1 allow=0
[seccomp] ts=28341444645216 pid=91697 tgid=91697 comm=postgres         mode=FILTER   target=0 nr/ret=0 allow=1
[seccomp] ts=28341444646591 pid=91697 tgid=91697 comm=postgres         mode=FILTER   target=0 nr/ret=-1 allow=0
[seccomp] ts=28341444646591 pid=91697 tgid=91697 comm=postgres         mode=FILTER   target=0 nr/ret=0 allow=1
[seccomp] ts=28341444650966 pid=91697 tgid=91697 comm=postgres         mode=FILTER   target=0 nr/ret=-1 allow=0
[seccomp] ts=28341444650966 pid=91697 tgid=91697 comm=postgres         mode=FILTER   target=0 nr/ret=0 allow=1
[seccomp] ts=28341444652466 pid=91697 tgid=91697 comm=postgres         mode=FILTER   target=0 nr/ret=-1 allow=0
[seccomp] ts=28341444652466 pid=91697 tgid=91697 comm=postgres         mode=FILTER   target=0 nr/ret=0 allow=1
[seccomp] ts=28341444655007 pid=91697 tgid=91697 comm=postgres         mode=FILTER   target=0 nr/ret=-1 allow=0
[seccomp] ts=28341444655007 pid=91697 tgid=91697 comm=postgres         mode=FILTER   target=0 nr/ret=0 allow=1
[seccomp] ts=28341444656341 pid=91697 tgid=91697 comm=postgres         mode=FILTER   target=0 nr/ret=-1 allow=0
[seccomp] ts=28341444656341 pid=91697 tgid=91697 comm=postgres         mode=FILTER   target=0 nr/ret=0 allow=1
[seccomp] ts=28341444658049 pid=91697 tgid=91697 comm=postgres         mode=FILTER   target=0 nr/ret=-1 allow=0
[seccomp] ts=28341444658049 pid=91697 tgid=91697 comm=postgres         mode=FILTER   target=0 nr/ret=0 allow=1
[seccomp] ts=28341444660924 pid=91697 tgid=91697 comm=postgres         mode=FILTER   target=0 nr/ret=-1 allow=0
[seccomp] ts=28341444660924 pid=91697 tgid=91697 comm=postgres         mode=FILTER   target=0 nr/ret=0 allow=1
[seccomp] ts=28341444662841 pid=91697 tgid=91697 comm=postgres         mode=FILTER   target=0 nr/ret=-1 allow=0
[seccomp] ts=28341444662841 pid=91697 tgid=91697 comm=postgres         mode=FILTER   target=0 nr/ret=0 allow=1
[seccomp] ts=28341444667757 pid=91697 tgid=91697 comm=postgres         mode=FILTER   target=0 nr/ret=-1 allow=0
[seccomp] ts=28341444667757 pid=91697 tgid=91697 comm=postgres         mode=FILTER   target=0 nr/ret=0 allow=1
[seccomp] ts=28341444669132 pid=91697 tgid=91697 comm=postgres         mode=FILTER   target=0 nr/ret=-1 allow=0
[seccomp] ts=28341444669132 pid=91697 tgid=91697 comm=postgres         mode=FILTER   target=0 nr/ret=0 allow=1
[seccomp] ts=28341444672132 pid=91697 tgid=91697 comm=postgres         mode=FILTER   target=0 nr/ret=-1 allow=0
[seccomp] ts=28341444672132 pid=91697 tgid=91697 comm=postgres         mode=FILTER   target=0 nr/ret=0 allow=1
[seccomp] ts=28341444675091 pid=91697 tgid=91697 comm=postgres         mode=FILTER   target=0 nr/ret=-1 allow=0
[seccomp] ts=28341444675091 pid=91697 tgid=91697 comm=postgres         mode=FILTER   target=0 nr/ret=0 allow=1
[seccomp] ts=28341444700174 pid=91697 tgid=91697 comm=postgres         mode=FILTER   target=0 nr/ret=-1 allow=0
[seccomp] ts=28341444700174 pid=91697 tgid=91697 comm=postgres         mode=FILTER   target=0 nr/ret=0 allow=1
[seccomp] ts=28341444701674 pid=91697 tgid=91697 comm=postgres         mode=FILTER   target=0 nr/ret=-1 allow=0
[seccomp] ts=28341444701674 pid=91697 tgid=91697 comm=postgres         mode=FILTER   target=0 nr/ret=0 allow=1
[seccomp] ts=28341444704799 pid=91697 tgid=91697 comm=postgres         mode=FILTER   target=0 nr/ret=-1 allow=0
[seccomp] ts=28341444704799 pid=91697 tgid=91697 comm=postgres         mode=FILTER   target=0 nr/ret=0 allow=1
[seccomp] ts=28341444706257 pid=91697 tgid=91697 comm=postgres         mode=FILTER   target=0 nr/ret=-1 allow=0
[seccomp] ts=28341444706257 pid=91697 tgid=91697 comm=postgres         mode=FILTER   target=0 nr/ret=0 allow=1
[seccomp] ts=28341444709424 pid=91697 tgid=91697 comm=postgres         mode=FILTER   target=0 nr/ret=-1 allow=0
[seccomp] ts=28341444709424 pid=91697 tgid=91697 comm=postgres         mode=FILTER   target=0 nr/ret=0 allow=1
[seccomp] ts=28341444723174 pid=91697 tgid=91697 comm=postgres         mode=FILTER   target=0 nr/ret=-1 allow=0
[seccomp] ts=28341444723174 pid=91697 tgid=91697 comm=postgres         mode=FILTER   target=0 nr/ret=0 allow=1
[seccomp] ts=28341444725841 pid=91697 tgid=91697 comm=postgres         mode=FILTER   target=0 nr/ret=-1 allow=0
[seccomp] ts=28341444725841 pid=91697 tgid=91697 comm=postgres         mode=FILTER   target=0 nr/ret=0 allow=1
[seccomp] ts=28341444727216 pid=91697 tgid=91697 comm=postgres         mode=FILTER   target=0 nr/ret=-1 allow=0
[seccomp] ts=28341444727216 pid=91697 tgid=91697 comm=postgres         mode=FILTER   target=0 nr/ret=0 allow=1
[seccomp] ts=28341444729299 pid=91697 tgid=91697 comm=postgres         mode=FILTER   target=0 nr/ret=-1 allow=0
[seccomp] ts=28341444729299 pid=91697 tgid=91697 comm=postgres         mode=FILTER   target=0 nr/ret=0 allow=1
[seccomp] ts=28341444730841 pid=91697 tgid=91697 comm=postgres         mode=FILTER   target=0 nr/ret=-1 allow=0
[seccomp] ts=28341444730841 pid=91697 tgid=91697 comm=postgres         mode=FILTER   target=0 nr/ret=0 allow=1
[seccomp] ts=28341444733216 pid=91697 tgid=91697 comm=postgres         mode=FILTER   target=0 nr/ret=-1 allow=0
[seccomp] ts=28341444733216 pid=91697 tgid=91697 comm=postgres         mode=FILTER   target=0 nr/ret=0 allow=1
[seccomp] ts=28341444735507 pid=91697 tgid=91697 comm=postgres         mode=FILTER   target=0 nr/ret=-1 allow=0
[seccomp] ts=28341444735507 pid=91697 tgid=91697 comm=postgres         mode=FILTER   target=0 nr/ret=0 allow=1
[seccomp] ts=28341444736757 pid=91697 tgid=91697 comm=postgres         mode=FILTER   target=0 nr/ret=-1 allow=0
[seccomp] ts=28341444736757 pid=91697 tgid=91697 comm=postgres         mode=FILTER   target=0 nr/ret=0 allow=1
[seccomp] ts=28341444738007 pid=91697 tgid=91697 comm=postgres         mode=FILTER   target=0 nr/ret=-1 allow=0
[seccomp] ts=28341444738007 pid=91697 tgid=91697 comm=postgres         mode=FILTER   target=0 nr/ret=0 allow=1
[seccomp] ts=28341444740174 pid=91697 tgid=91697 comm=postgres         mode=FILTER   target=0 nr/ret=-1 allow=0
[seccomp] ts=28341444740174 pid=91697 tgid=91697 comm=postgres         mode=FILTER   target=0 nr/ret=0 allow=1
[seccomp] ts=28341444741591 pid=91697 tgid=91697 comm=postgres         mode=FILTER   target=0 nr/ret=-1 allow=0
[seccomp] ts=28341444741591 pid=91697 tgid=91697 comm=postgres         mode=FILTER   target=0 nr/ret=0 allow=1
[seccomp] ts=28341444742882 pid=91697 tgid=91697 comm=postgres         mode=FILTER   target=0 nr/ret=-1 allow=0
[seccomp] ts=28341444742882 pid=91697 tgid=91697 comm=postgres         mode=FILTER   target=0 nr/ret=0 allow=1
[seccomp] ts=28341444744882 pid=91697 tgid=91697 comm=postgres         mode=FILTER   target=0 nr/ret=-1 allow=0
[seccomp] ts=28341444744882 pid=91697 tgid=91697 comm=postgres         mode=FILTER   target=0 nr/ret=0 allow=1
[seccomp] ts=28341444746257 pid=91697 tgid=91697 comm=postgres         mode=FILTER   target=0 nr/ret=-1 allow=0
[seccomp] ts=28341444746257 pid=91697 tgid=91697 comm=postgres         mode=FILTER   target=0 nr/ret=0 allow=1
[seccomp] ts=28341444747632 pid=91697 tgid=91697 comm=postgres         mode=FILTER   target=0 nr/ret=-1 allow=0
[seccomp] ts=28341444747632 pid=91697 tgid=91697 comm=postgres         mode=FILTER   target=0 nr/ret=0 allow=1
[seccomp] ts=28341444750466 pid=91697 tgid=91697 comm=postgres         mode=FILTER   target=0 nr/ret=-1 allow=0
[seccomp] ts=28341444750466 pid=91697 tgid=91697 comm=postgres         mode=FILTER   target=0 nr/ret=0 allow=1
[seccomp] ts=28341444751799 pid=91697 tgid=91697 comm=postgres         mode=FILTER   target=0 nr/ret=-1 allow=0
[seccomp] ts=28341444751799 pid=91697 tgid=91697 comm=postgres         mode=FILTER   target=0 nr/ret=0 allow=1
[seccomp] ts=28341444754257 pid=91697 tgid=91697 comm=postgres         mode=FILTER   target=0 nr/ret=-1 allow=0
[seccomp] ts=28341444754257 pid=91697 tgid=91697 comm=postgres         mode=FILTER   target=0 nr/ret=0 allow=1
[seccomp] ts=28341444755924 pid=91697 tgid=91697 comm=postgres         mode=FILTER   target=0 nr/ret=-1 allow=0
[seccomp] ts=28341444755924 pid=91697 tgid=91697 comm=postgres         mode=FILTER   target=0 nr/ret=0 allow=1
[seccomp] ts=28341444757299 pid=91697 tgid=91697 comm=postgres         mode=FILTER   target=0 nr/ret=-1 allow=0
[seccomp] ts=28341444757299 pid=91697 tgid=91697 comm=postgres         mode=FILTER   target=0 nr/ret=0 allow=1
[seccomp] ts=28341444762757 pid=91697 tgid=91697 comm=postgres         mode=FILTER   target=0 nr/ret=-1 allow=0
[seccomp] ts=28341444762757 pid=91697 tgid=91697 comm=postgres         mode=FILTER   target=0 nr/ret=0 allow=1
[seccomp] ts=28341444806924 pid=91697 tgid=91697 comm=postgres         mode=FILTER   target=0 nr/ret=-1 allow=0
[seccomp] ts=28341444806924 pid=91697 tgid=91697 comm=postgres         mode=FILTER   target=0 nr/ret=0 allow=1
[seccomp] ts=28341444836341 pid=91697 tgid=91697 comm=postgres         mode=FILTER   target=0 nr/ret=-1 allow=0
[seccomp] ts=28341444836341 pid=91697 tgid=91697 comm=postgres         mode=FILTER   target=0 nr/ret=0 allow=1
[seccomp] ts=28341444837924 pid=91697 tgid=91697 comm=postgres         mode=FILTER   target=0 nr/ret=-1 allow=0
[seccomp] ts=28341444837924 pid=91697 tgid=91697 comm=postgres         mode=FILTER   target=0 nr/ret=0 allow=1
[seccomp] ts=28341444843216 pid=91697 tgid=91697 comm=postgres         mode=FILTER   target=0 nr/ret=-1 allow=0
[seccomp] ts=28341444843216 pid=91697 tgid=91697 comm=postgres         mode=FILTER   target=0 nr/ret=0 allow=1
[seccomp] ts=28341444845841 pid=91697 tgid=91697 comm=postgres         mode=FILTER   target=0 nr/ret=-1 allow=0
[seccomp] ts=28341444845841 pid=91697 tgid=91697 comm=postgres         mode=FILTER   target=0 nr/ret=0 allow=1
[seccomp] ts=28341444847257 pid=91697 tgid=91697 comm=postgres         mode=FILTER   target=0 nr/ret=-1 allow=0
[seccomp] ts=28341444847257 pid=91697 tgid=91697 comm=postgres         mode=FILTER   target=0 nr/ret=0 allow=1
[seccomp] ts=28341444848966 pid=91697 tgid=91697 comm=postgres         mode=FILTER   target=0 nr/ret=-1 allow=0
[seccomp] ts=28341444848966 pid=91697 tgid=91697 comm=postgres         mode=FILTER   target=0 nr/ret=0 allow=1
[seccomp] ts=28341444851174 pid=91697 tgid=91697 comm=postgres         mode=FILTER   target=0 nr/ret=-1 allow=0
[seccomp] ts=28341444851174 pid=91697 tgid=91697 comm=postgres         mode=FILTER   target=0 nr/ret=0 allow=1
[seccomp] ts=28341444852716 pid=91697 tgid=91697 comm=postgres         mode=FILTER   target=0 nr/ret=-1 allow=0
[seccomp] ts=28341444852716 pid=91697 tgid=91697 comm=postgres         mode=FILTER   target=0 nr/ret=0 allow=1
[seccomp] ts=28341444861007 pid=91697 tgid=91697 comm=postgres         mode=FILTER   target=0 nr/ret=-1 allow=0
[seccomp] ts=28341444861007 pid=91697 tgid=91697 comm=postgres         mode=FILTER   target=0 nr/ret=0 allow=1
[seccomp] ts=28341444888174 pid=91697 tgid=91697 comm=postgres         mode=FILTER   target=0 nr/ret=-1 allow=0
[seccomp] ts=28341444888174 pid=91697 tgid=91697 comm=postgres         mode=FILTER   target=0 nr/ret=0 allow=1
[seccomp] ts=28341444890049 pid=91697 tgid=91697 comm=postgres         mode=FILTER   target=0 nr/ret=-1 allow=0
[seccomp] ts=28341444890049 pid=91697 tgid=91697 comm=postgres         mode=FILTER   target=0 nr/ret=0 allow=1
[seccomp] ts=28341444893091 pid=91697 tgid=91697 comm=postgres         mode=FILTER   target=0 nr/ret=-1 allow=0
[seccomp] ts=28341444893091 pid=91697 tgid=91697 comm=postgres         mode=FILTER   target=0 nr/ret=0 allow=1
[seccomp] ts=28341444895882 pid=91697 tgid=91697 comm=postgres         mode=FILTER   target=0 nr/ret=-1 allow=0
[seccomp] ts=28341444895882 pid=91697 tgid=91697 comm=postgres         mode=FILTER   target=0 nr/ret=0 allow=1
[seccomp] ts=28341444897591 pid=91697 tgid=91697 comm=postgres         mode=FILTER   target=0 nr/ret=-1 allow=0
[seccomp] ts=28341444897591 pid=91697 tgid=91697 comm=postgres         mode=FILTER   target=0 nr/ret=0 allow=1
[seccomp] ts=28341444899549 pid=91697 tgid=91697 comm=postgres         mode=FILTER   target=0 nr/ret=-1 allow=0
[seccomp] ts=28341444899549 pid=91697 tgid=91697 comm=postgres         mode=FILTER   target=0 nr/ret=0 allow=1
[seccomp] ts=28341444902049 pid=91697 tgid=91697 comm=postgres         mode=FILTER   target=0 nr/ret=-1 allow=0
[seccomp] ts=28341444902049 pid=91697 tgid=91697 comm=postgres         mode=FILTER   target=0 nr/ret=0 allow=1
[seccomp] ts=28341444903424 pid=91697 tgid=91697 comm=postgres         mode=FILTER   target=0 nr/ret=-1 allow=0
[seccomp] ts=28341444903424 pid=91697 tgid=91697 comm=postgres         mode=FILTER   target=0 nr/ret=0 allow=1
[seccomp] ts=28341444918674 pid=91697 tgid=91697 comm=postgres         mode=FILTER   target=0 nr/ret=-1 allow=0
[seccomp] ts=28341444918674 pid=91697 tgid=91697 comm=postgres         mode=FILTER   target=0 nr/ret=0 allow=1
[seccomp] ts=28341444947591 pid=91697 tgid=91697 comm=postgres         mode=FILTER   target=0 nr/ret=-1 allow=0
[seccomp] ts=28341444947591 pid=91697 tgid=91697 comm=postgres         mode=FILTER   target=0 nr/ret=0 allow=1
[seccomp] ts=28341444959382 pid=91697 tgid=91697 comm=postgres         mode=FILTER   target=0 nr/ret=-1 allow=0
[seccomp] ts=28341444959382 pid=91697 tgid=91697 comm=postgres         mode=FILTER   target=0 nr/ret=0 allow=1
[seccomp] ts=28341444963591 pid=91697 tgid=91697 comm=postgres         mode=FILTER   target=0 nr/ret=-1 allow=0
[seccomp] ts=28341444963591 pid=91697 tgid=91697 comm=postgres         mode=FILTER   target=0 nr/ret=0 allow=1
[seccomp] ts=28341444966507 pid=91697 tgid=91697 comm=postgres         mode=FILTER   target=0 nr/ret=-1 allow=0
[seccomp] ts=28341444966507 pid=91697 tgid=91697 comm=postgres         mode=FILTER   target=0 nr/ret=0 allow=1
[seccomp] ts=28341444968382 pid=91697 tgid=91697 comm=postgres         mode=FILTER   target=0 nr/ret=-1 allow=0
[seccomp] ts=28341444968382 pid=91697 tgid=91697 comm=postgres         mode=FILTER   target=0 nr/ret=0 allow=1
[seccomp] ts=28341444971424 pid=91697 tgid=91697 comm=postgres         mode=FILTER   target=0 nr/ret=-1 allow=0
[seccomp] ts=28341444971424 pid=91697 tgid=91697 comm=postgres         mode=FILTER   target=0 nr/ret=0 allow=1
[seccomp] ts=28341444973841 pid=91697 tgid=91697 comm=postgres         mode=FILTER   target=0 nr/ret=-1 allow=0
[seccomp] ts=28341444973841 pid=91697 tgid=91697 comm=postgres         mode=FILTER   target=0 nr/ret=0 allow=1
[seccomp] ts=28341444975632 pid=91697 tgid=91697 comm=postgres         mode=FILTER   target=0 nr/ret=-1 allow=0
[seccomp] ts=28341444975632 pid=91697 tgid=91697 comm=postgres         mode=FILTER   target=0 nr/ret=0 allow=1
[seccomp] ts=28341444979507 pid=91697 tgid=91697 comm=postgres         mode=FILTER   target=0 nr/ret=-1 allow=0
[seccomp] ts=28341444979507 pid=91697 tgid=91697 comm=postgres         mode=FILTER   target=0 nr/ret=0 allow=1
[seccomp] ts=28341444981632 pid=91697 tgid=91697 comm=postgres         mode=FILTER   target=0 nr/ret=-1 allow=0
[seccomp] ts=28341444981632 pid=91697 tgid=91697 comm=postgres         mode=FILTER   target=0 nr/ret=0 allow=1
[seccomp] ts=28341444984257 pid=91697 tgid=91697 comm=postgres         mode=FILTER   target=0 nr/ret=-1 allow=0
[seccomp] ts=28341444984257 pid=91697 tgid=91697 comm=postgres         mode=FILTER   target=0 nr/ret=0 allow=1
[seccomp] ts=28341444987132 pid=91697 tgid=91697 comm=postgres         mode=FILTER   target=0 nr/ret=-1 allow=0
[seccomp] ts=28341444987132 pid=91697 tgid=91697 comm=postgres         mode=FILTER   target=0 nr/ret=0 allow=1
[seccomp] ts=28341445033257 pid=91697 tgid=91697 comm=postgres         mode=FILTER   target=0 nr/ret=-1 allow=0
[seccomp] ts=28341445033257 pid=91697 tgid=91697 comm=postgres         mode=FILTER   target=0 nr/ret=0 allow=1
[seccomp] ts=28341445053049 pid=91697 tgid=91697 comm=postgres         mode=FILTER   target=0 nr/ret=-1 allow=0
[seccomp] ts=28341445053049 pid=91697 tgid=91697 comm=postgres         mode=FILTER   target=0 nr/ret=0 allow=1
[seccomp] ts=28341445068132 pid=91697 tgid=91697 comm=postgres         mode=FILTER   target=0 nr/ret=-1 allow=0
[seccomp] ts=28341445068132 pid=91697 tgid=91697 comm=postgres         mode=FILTER   target=0 nr/ret=0 allow=1
[seccomp] ts=28341445069674 pid=91697 tgid=91697 comm=postgres         mode=FILTER   target=0 nr/ret=-1 allow=0
[seccomp] ts=28341445069674 pid=91697 tgid=91697 comm=postgres         mode=FILTER   target=0 nr/ret=0 allow=1
[seccomp] ts=28341445071216 pid=91697 tgid=91697 comm=postgres         mode=FILTER   target=0 nr/ret=-1 allow=0
[seccomp] ts=28341445071216 pid=91697 tgid=91697 comm=postgres         mode=FILTER   target=0 nr/ret=0 allow=1
[seccomp] ts=28341445073632 pid=91697 tgid=91697 comm=postgres         mode=FILTER   target=0 nr/ret=-1 allow=0
[seccomp] ts=28341445073632 pid=91697 tgid=91697 comm=postgres         mode=FILTER   target=0 nr/ret=0 allow=1
[seccomp] ts=28341445089716 pid=91697 tgid=91697 comm=postgres         mode=FILTER   target=0 nr/ret=-1 allow=0
[seccomp] ts=28341445089716 pid=91697 tgid=91697 comm=postgres         mode=FILTER   target=0 nr/ret=0 allow=1
[seccomp] ts=28341445097591 pid=91697 tgid=91697 comm=postgres         mode=FILTER   target=0 nr/ret=-1 allow=0
[seccomp] ts=28341445097591 pid=91697 tgid=91697 comm=postgres         mode=FILTER   target=0 nr/ret=0 allow=1
[seccomp] ts=28341445109674 pid=91697 tgid=91697 comm=postgres         mode=FILTER   target=0 nr/ret=-1 allow=0
[seccomp] ts=28341445109674 pid=91697 tgid=91697 comm=postgres         mode=FILTER   target=0 nr/ret=0 allow=1
[seccomp] ts=28341445111549 pid=91697 tgid=91697 comm=postgres         mode=FILTER   target=0 nr/ret=-1 allow=0
[seccomp] ts=28341445111549 pid=91697 tgid=91697 comm=postgres         mode=FILTER   target=0 nr/ret=0 allow=1
[seccomp] ts=28341445113966 pid=91697 tgid=91697 comm=postgres         mode=FILTER   target=0 nr/ret=-1 allow=0
[seccomp] ts=28341445113966 pid=91697 tgid=91697 comm=postgres         mode=FILTER   target=0 nr/ret=0 allow=1
[seccomp] ts=28341445118466 pid=91697 tgid=91697 comm=postgres         mode=FILTER   target=0 nr/ret=-1 allow=0
[seccomp] ts=28341445118466 pid=91697 tgid=91697 comm=postgres         mode=FILTER   target=0 nr/ret=0 allow=1
[seccomp] ts=28341445120049 pid=91697 tgid=91697 comm=postgres         mode=FILTER   target=0 nr/ret=-1 allow=0
[seccomp] ts=28341445120049 pid=91697 tgid=91697 comm=postgres         mode=FILTER   target=0 nr/ret=0 allow=1
[seccomp] ts=28341445122757 pid=91697 tgid=91697 comm=postgres         mode=FILTER   target=0 nr/ret=-1 allow=0
[seccomp] ts=28341445122757 pid=91697 tgid=91697 comm=postgres         mode=FILTER   target=0 nr/ret=0 allow=1
[seccomp] ts=28341445136507 pid=91697 tgid=91697 comm=postgres         mode=FILTER   target=0 nr/ret=-1 allow=0
[seccomp] ts=28341445136507 pid=91697 tgid=91697 comm=postgres         mode=FILTER   target=0 nr/ret=0 allow=1
[seccomp] ts=28341445138257 pid=91697 tgid=91697 comm=postgres         mode=FILTER   target=0 nr/ret=-1 allow=0
[seccomp] ts=28341445138257 pid=91697 tgid=91697 comm=postgres         mode=FILTER   target=0 nr/ret=0 allow=1
[seccomp] ts=28341445140049 pid=91697 tgid=91697 comm=postgres         mode=FILTER   target=0 nr/ret=-1 allow=0
[seccomp] ts=28341445140049 pid=91697 tgid=91697 comm=postgres         mode=FILTER   target=0 nr/ret=0 allow=1
[seccomp] ts=28341445143507 pid=91697 tgid=91697 comm=postgres         mode=FILTER   target=0 nr/ret=-1 allow=0
[seccomp] ts=28341445143507 pid=91697 tgid=91697 comm=postgres         mode=FILTER   target=0 nr/ret=0 allow=1
[seccomp] ts=28341445150466 pid=91697 tgid=91697 comm=postgres         mode=FILTER   target=0 nr/ret=-1 allow=0
[seccomp] ts=28341445150466 pid=91697 tgid=91697 comm=postgres         mode=FILTER   target=0 nr/ret=0 allow=1
[seccomp] ts=28341445167674 pid=91697 tgid=91697 comm=postgres         mode=FILTER   target=0 nr/ret=-1 allow=0
[seccomp] ts=28341445167674 pid=91697 tgid=91697 comm=postgres         mode=FILTER   target=0 nr/ret=0 allow=1
[seccomp] ts=28341445193507 pid=91697 tgid=91697 comm=postgres         mode=FILTER   target=0 nr/ret=-1 allow=0
[seccomp] ts=28341445193507 pid=91697 tgid=91697 comm=postgres         mode=FILTER   target=0 nr/ret=0 allow=1
[seccomp] ts=28341445299132 pid=91697 tgid=91697 comm=postgres         mode=FILTER   target=0 nr/ret=-1 allow=0
[seccomp] ts=28341445299132 pid=91697 tgid=91697 comm=postgres         mode=FILTER   target=0 nr/ret=0 allow=1
[seccomp] ts=28341445347757 pid=91697 tgid=91697 comm=postgres         mode=FILTER   target=0 nr/ret=-1 allow=0
[seccomp] ts=28341445347757 pid=91697 tgid=91697 comm=postgres         mode=FILTER   target=0 nr/ret=0 allow=1
[seccomp] ts=28341445369216 pid=91697 tgid=91697 comm=postgres         mode=FILTER   target=0 nr/ret=-1 allow=0
[seccomp] ts=28341445369216 pid=91697 tgid=91697 comm=postgres         mode=FILTER   target=0 nr/ret=0 allow=1
[seccomp] ts=28341445394924 pid=91697 tgid=91697 comm=postgres         mode=FILTER   target=0 nr/ret=-1 allow=0
[seccomp] ts=28341445394924 pid=91697 tgid=91697 comm=postgres         mode=FILTER   target=0 nr/ret=0 allow=1
[seccomp] ts=28341445430299 pid=91697 tgid=91697 comm=postgres         mode=FILTER   target=0 nr/ret=-1 allow=0
[seccomp] ts=28341445430299 pid=91697 tgid=91697 comm=postgres         mode=FILTER   target=0 nr/ret=0 allow=1
[seccomp] ts=28341445439466 pid=91697 tgid=91697 comm=postgres         mode=FILTER   target=0 nr/ret=-1 allow=0
[seccomp] ts=28341445439466 pid=91697 tgid=91697 comm=postgres         mode=FILTER   target=0 nr/ret=0 allow=1
[seccomp] ts=28341445473716 pid=91697 tgid=91697 comm=postgres         mode=FILTER   target=0 nr/ret=-1 allow=0
[seccomp] ts=28341445473716 pid=91697 tgid=91697 comm=postgres         mode=FILTER   target=0 nr/ret=0 allow=1
[seccomp] ts=28341445481841 pid=91697 tgid=91697 comm=postgres         mode=FILTER   target=0 nr/ret=-1 allow=0
[seccomp] ts=28341445481841 pid=91697 tgid=91697 comm=postgres         mode=FILTER   target=0 nr/ret=0 allow=1
[seccomp] ts=28341445489257 pid=91697 tgid=91697 comm=postgres         mode=FILTER   target=0 nr/ret=-1 allow=0
[seccomp] ts=28341445489257 pid=91697 tgid=91697 comm=postgres         mode=FILTER   target=0 nr/ret=0 allow=1
[seccomp] ts=28341445527382 pid=91697 tgid=91697 comm=postgres         mode=FILTER   target=0 nr/ret=-1 allow=0
[seccomp] ts=28341445527382 pid=91697 tgid=91697 comm=postgres         mode=FILTER   target=0 nr/ret=0 allow=1
[seccomp] ts=28341445557049 pid=91697 tgid=91697 comm=postgres         mode=FILTER   target=0 nr/ret=-1 allow=0
[seccomp] ts=28341445557049 pid=91697 tgid=91697 comm=postgres         mode=FILTER   target=0 nr/ret=0 allow=1
[seccomp] ts=28341445576257 pid=91697 tgid=91697 comm=postgres         mode=FILTER   target=0 nr/ret=-1 allow=0
[seccomp] ts=28341445576257 pid=91697 tgid=91697 comm=postgres         mode=FILTER   target=0 nr/ret=0 allow=1
[seccomp] ts=28341445578382 pid=91697 tgid=91697 comm=postgres         mode=FILTER   target=0 nr/ret=-1 allow=0
[seccomp] ts=28341445578382 pid=91697 tgid=91697 comm=postgres         mode=FILTER   target=0 nr/ret=0 allow=1
[seccomp] ts=28341445596091 pid=91697 tgid=91697 comm=postgres         mode=FILTER   target=0 nr/ret=-1 allow=0
[seccomp] ts=28341445596091 pid=91697 tgid=91697 comm=postgres         mode=FILTER   target=0 nr/ret=0 allow=1
[seccomp] ts=28341445619382 pid=91697 tgid=91697 comm=postgres         mode=FILTER   target=0 nr/ret=-1 allow=0
[seccomp] ts=28341445619382 pid=91697 tgid=91697 comm=postgres         mode=FILTER   target=0 nr/ret=0 allow=1
[seccomp] ts=28341445625091 pid=91697 tgid=91697 comm=postgres         mode=FILTER   target=0 nr/ret=-1 allow=0
[seccomp] ts=28341445625091 pid=91697 tgid=91697 comm=postgres         mode=FILTER   target=0 nr/ret=0 allow=1
[seccomp] ts=28341445637632 pid=91697 tgid=91697 comm=postgres         mode=FILTER   target=0 nr/ret=-1 allow=0
[seccomp] ts=28341445637632 pid=91697 tgid=91697 comm=postgres         mode=FILTER   target=0 nr/ret=0 allow=1
[seccomp] ts=28341445661049 pid=91697 tgid=91697 comm=postgres         mode=FILTER   target=0 nr/ret=-1 allow=0
[seccomp] ts=28341445661049 pid=91697 tgid=91697 comm=postgres         mode=FILTER   target=0 nr/ret=0 allow=1
[seccomp] ts=28341445680591 pid=91697 tgid=91697 comm=postgres         mode=FILTER   target=0 nr/ret=-1 allow=0
[seccomp] ts=28341445680591 pid=91697 tgid=91697 comm=postgres         mode=FILTER   target=0 nr/ret=0 allow=1
[seccomp] ts=28341445701674 pid=91697 tgid=91697 comm=postgres         mode=FILTER   target=0 nr/ret=-1 allow=0
[seccomp] ts=28341445701674 pid=91697 tgid=91697 comm=postgres         mode=FILTER   target=0 nr/ret=0 allow=1
[seccomp] ts=28341445707091 pid=91697 tgid=91697 comm=postgres         mode=FILTER   target=0 nr/ret=-1 allow=0
[seccomp] ts=28341445707091 pid=91697 tgid=91697 comm=postgres         mode=FILTER   target=0 nr/ret=0 allow=1
[seccomp] ts=28341445711549 pid=91697 tgid=91697 comm=postgres         mode=FILTER   target=0 nr/ret=-1 allow=0
[seccomp] ts=28341445711549 pid=91697 tgid=91697 comm=postgres         mode=FILTER   target=0 nr/ret=0 allow=1
[seccomp] ts=28341445717591 pid=91697 tgid=91697 comm=postgres         mode=FILTER   target=0 nr/ret=-1 allow=0
[seccomp] ts=28341445717591 pid=91697 tgid=91697 comm=postgres         mode=FILTER   target=0 nr/ret=0 allow=1
[seccomp] ts=28341445722216 pid=91697 tgid=91697 comm=postgres         mode=FILTER   target=0 nr/ret=-1 allow=0
[seccomp] ts=28341445722216 pid=91697 tgid=91697 comm=postgres         mode=FILTER   target=0 nr/ret=0 allow=1
[seccomp] ts=28341445765674 pid=91697 tgid=91697 comm=postgres         mode=FILTER   target=0 nr/ret=-1 allow=0
[seccomp] ts=28341445765674 pid=91697 tgid=91697 comm=postgres         mode=FILTER   target=0 nr/ret=0 allow=1
[seccomp] ts=28341445789924 pid=91697 tgid=91697 comm=postgres         mode=FILTER   target=0 nr/ret=-1 allow=0
[seccomp] ts=28341445789924 pid=91697 tgid=91697 comm=postgres         mode=FILTER   target=0 nr/ret=0 allow=1
[seccomp] ts=28341445804466 pid=91697 tgid=91697 comm=postgres         mode=FILTER   target=0 nr/ret=-1 allow=0
[seccomp] ts=28341445804466 pid=91697 tgid=91697 comm=postgres         mode=FILTER   target=0 nr/ret=0 allow=1
[seccomp] ts=28341445808382 pid=91697 tgid=91697 comm=postgres         mode=FILTER   target=0 nr/ret=-1 allow=0
[seccomp] ts=28341445808382 pid=91697 tgid=91697 comm=postgres         mode=FILTER   target=0 nr/ret=0 allow=1
[seccomp] ts=28341445813091 pid=91697 tgid=91697 comm=postgres         mode=FILTER   target=0 nr/ret=-1 allow=0
[seccomp] ts=28341445813091 pid=91697 tgid=91697 comm=postgres         mode=FILTER   target=0 nr/ret=0 allow=1
[seccomp] ts=28341445918757 pid=91697 tgid=91697 comm=postgres         mode=FILTER   target=0 nr/ret=-1 allow=0
[seccomp] ts=28341445918757 pid=91697 tgid=91697 comm=postgres         mode=FILTER   target=0 nr/ret=0 allow=1
[seccomp] ts=28341445955591 pid=91697 tgid=91697 comm=postgres         mode=FILTER   target=0 nr/ret=-1 allow=0
[seccomp] ts=28341445955591 pid=91697 tgid=91697 comm=postgres         mode=FILTER   target=0 nr/ret=0 allow=1
[seccomp] ts=28341445974841 pid=91697 tgid=91697 comm=postgres         mode=FILTER   target=0 nr/ret=-1 allow=0
[seccomp] ts=28341445992674 pid=91691 tgid=91691 comm=pg_isready       mode=FILTER   target=0 nr/ret=-1 allow=0
[seccomp] ts=28341445992674 pid=91691 tgid=91691 comm=pg_isready       mode=FILTER   target=0 nr/ret=0 allow=1
[seccomp] ts=28341445974841 pid=91697 tgid=91697 comm=postgres         mode=FILTER   target=0 nr/ret=0 allow=1
[seccomp] ts=28341446030841 pid=91697 tgid=91697 comm=postgres         mode=FILTER   target=0 nr/ret=-1 allow=0
[seccomp] ts=28341446032091 pid=91691 tgid=91691 comm=pg_isready       mode=FILTER   target=0 nr/ret=-1 allow=0
[seccomp] ts=28341446032091 pid=91691 tgid=91691 comm=pg_isready       mode=FILTER   target=0 nr/ret=0 allow=1
[seccomp] ts=28341446035174 pid=91691 tgid=91691 comm=pg_isready       mode=FILTER   target=0 nr/ret=-1 allow=0
[seccomp] ts=28341446035174 pid=91691 tgid=91691 comm=pg_isready       mode=FILTER   target=0 nr/ret=0 allow=1
[seccomp] ts=28341446040257 pid=91691 tgid=91691 comm=pg_isready       mode=FILTER   target=0 nr/ret=-1 allow=0
[seccomp] ts=28341446040257 pid=91691 tgid=91691 comm=pg_isready       mode=FILTER   target=0 nr/ret=0 allow=1
[seccomp] ts=28341446047966 pid=91691 tgid=91691 comm=pg_isready       mode=FILTER   target=0 nr/ret=-1 allow=0
[seccomp] ts=28341446047966 pid=91691 tgid=91691 comm=pg_isready       mode=FILTER   target=0 nr/ret=0 allow=1
[seccomp] ts=28341446030841 pid=91697 tgid=91697 comm=postgres         mode=FILTER   target=0 nr/ret=0 allow=1
[seccomp] ts=28341446052966 pid=91691 tgid=91691 comm=pg_isready       mode=FILTER   target=0 nr/ret=-1 allow=0
[seccomp] ts=28341446052966 pid=91691 tgid=91691 comm=pg_isready       mode=FILTER   target=0 nr/ret=0 allow=1
[seccomp] ts=28341446057257 pid=91697 tgid=91697 comm=postgres         mode=FILTER   target=0 nr/ret=-1 allow=0
[seccomp] ts=28341446057257 pid=91697 tgid=91697 comm=postgres         mode=FILTER   target=0 nr/ret=0 allow=1
[seccomp] ts=28341446059716 pid=91691 tgid=91691 comm=pg_isready       mode=FILTER   target=0 nr/ret=-1 allow=0
[seccomp] ts=28341446059716 pid=91691 tgid=91691 comm=pg_isready       mode=FILTER   target=0 nr/ret=0 allow=1
[seccomp] ts=28341446061341 pid=91691 tgid=91691 comm=pg_isready       mode=FILTER   target=0 nr/ret=-1 allow=0
[seccomp] ts=28341446061341 pid=91691 tgid=91691 comm=pg_isready       mode=FILTER   target=0 nr/ret=0 allow=1
[seccomp] ts=28341446063216 pid=91697 tgid=91697 comm=postgres         mode=FILTER   target=0 nr/ret=-1 allow=0
[seccomp] ts=28341446063216 pid=91697 tgid=91697 comm=postgres         mode=FILTER   target=0 nr/ret=0 allow=1
[seccomp] ts=28341446077632 pid=91697 tgid=91697 comm=postgres         mode=FILTER   target=0 nr/ret=-1 allow=0
[seccomp] ts=28341446081757 pid=91691 tgid=91691 comm=pg_isready       mode=FILTER   target=0 nr/ret=-1 allow=0
[seccomp] ts=28341446081757 pid=91691 tgid=91691 comm=pg_isready       mode=FILTER   target=0 nr/ret=0 allow=1
[seccomp] ts=28341446077632 pid=91697 tgid=91697 comm=postgres         mode=FILTER   target=0 nr/ret=0 allow=1
[seccomp] ts=28341446167882 pid=91697 tgid=91697 comm=postgres         mode=FILTER   target=0 nr/ret=-1 allow=0
[seccomp] ts=28341446167882 pid=91697 tgid=91697 comm=postgres         mode=FILTER   target=0 nr/ret=0 allow=1
[seccomp] ts=28341446210049 pid=91697 tgid=91697 comm=postgres         mode=FILTER   target=0 nr/ret=-1 allow=0
[seccomp] ts=28341446210049 pid=91697 tgid=91697 comm=postgres         mode=FILTER   target=0 nr/ret=0 allow=1
[seccomp] ts=28341446237216 pid=91697 tgid=91697 comm=postgres         mode=FILTER   target=0 nr/ret=-1 allow=0
[seccomp] ts=28341446237216 pid=91697 tgid=91697 comm=postgres         mode=FILTER   target=0 nr/ret=0 allow=1
[seccomp] ts=28341446289507 pid=91697 tgid=91697 comm=postgres         mode=FILTER   target=0 nr/ret=-1 allow=0
[seccomp] ts=28341446289507 pid=91697 tgid=91697 comm=postgres         mode=FILTER   target=0 nr/ret=0 allow=1
[seccomp] ts=28341446339924 pid=91697 tgid=91697 comm=postgres         mode=FILTER   target=0 nr/ret=-1 allow=0
[seccomp] ts=28341446339924 pid=91697 tgid=91697 comm=postgres         mode=FILTER   target=0 nr/ret=0 allow=1
[seccomp] ts=28341446462757 pid=91697 tgid=91697 comm=postgres         mode=FILTER   target=0 nr/ret=-1 allow=0
[seccomp] ts=28341446462757 pid=91697 tgid=91697 comm=postgres         mode=FILTER   target=0 nr/ret=0 allow=1
[seccomp] ts=28341446467632 pid=91697 tgid=91697 comm=postgres         mode=FILTER   target=0 nr/ret=-1 allow=0
[seccomp] ts=28341446467632 pid=91697 tgid=91697 comm=postgres         mode=FILTER   target=0 nr/ret=0 allow=1
[seccomp] ts=28341446524382 pid=91697 tgid=91697 comm=postgres         mode=FILTER   target=0 nr/ret=-1 allow=0
[seccomp] ts=28341446524382 pid=91697 tgid=91697 comm=postgres         mode=FILTER   target=0 nr/ret=0 allow=1
[seccomp] ts=28341446538882 pid=91697 tgid=91697 comm=postgres         mode=FILTER   target=0 nr/ret=-1 allow=0
[seccomp] ts=28341446538882 pid=91697 tgid=91697 comm=postgres         mode=FILTER   target=0 nr/ret=0 allow=1
[seccomp] ts=28341446738466 pid=91697 tgid=91697 comm=postgres         mode=FILTER   target=0 nr/ret=-1 allow=0
[seccomp] ts=28341446738466 pid=91697 tgid=91697 comm=postgres         mode=FILTER   target=0 nr/ret=0 allow=1
[seccomp] ts=28341446781216 pid=91697 tgid=91697 comm=postgres         mode=FILTER   target=0 nr/ret=-1 allow=0
[seccomp] ts=28341446781216 pid=91697 tgid=91697 comm=postgres         mode=FILTER   target=0 nr/ret=0 allow=1
[seccomp] ts=28341446833091 pid=91697 tgid=91697 comm=postgres         mode=FILTER   target=0 nr/ret=-1 allow=0
[seccomp] ts=28341446833091 pid=91697 tgid=91697 comm=postgres         mode=FILTER   target=0 nr/ret=0 allow=1
[seccomp] ts=28341446857924 pid=91697 tgid=91697 comm=postgres         mode=FILTER   target=0 nr/ret=-1 allow=0
[seccomp] ts=28341446857924 pid=91697 tgid=91697 comm=postgres         mode=FILTER   target=0 nr/ret=0 allow=1
[seccomp] ts=28341446902591 pid=91697 tgid=91697 comm=postgres         mode=FILTER   target=0 nr/ret=-1 allow=0
[seccomp] ts=28341446902591 pid=91697 tgid=91697 comm=postgres         mode=FILTER   target=0 nr/ret=0 allow=1
[seccomp] ts=28341446942591 pid=91697 tgid=91697 comm=postgres         mode=FILTER   target=0 nr/ret=-1 allow=0
[seccomp] ts=28341446942591 pid=91697 tgid=91697 comm=postgres         mode=FILTER   target=0 nr/ret=0 allow=1
[seccomp] ts=28341446992007 pid=91697 tgid=91697 comm=postgres         mode=FILTER   target=0 nr/ret=-1 allow=0
[seccomp] ts=28341446992007 pid=91697 tgid=91697 comm=postgres         mode=FILTER   target=0 nr/ret=0 allow=1
[seccomp] ts=28341447089382 pid=91697 tgid=91697 comm=postgres         mode=FILTER   target=0 nr/ret=-1 allow=0
[seccomp] ts=28341447089382 pid=91697 tgid=91697 comm=postgres         mode=FILTER   target=0 nr/ret=0 allow=1
[seccomp] ts=28341447148674 pid=91697 tgid=91697 comm=postgres         mode=FILTER   target=0 nr/ret=-1 allow=0
[seccomp] ts=28341447148674 pid=91697 tgid=91697 comm=postgres         mode=FILTER   target=0 nr/ret=0 allow=1
[seccomp] ts=28341447241882 pid=91697 tgid=91697 comm=postgres         mode=FILTER   target=0 nr/ret=-1 allow=0
[seccomp] ts=28341447241882 pid=91697 tgid=91697 comm=postgres         mode=FILTER   target=0 nr/ret=0 allow=1
[seccomp] ts=28341447245757 pid=91697 tgid=91697 comm=postgres         mode=FILTER   target=0 nr/ret=-1 allow=0
[seccomp] ts=28341447245757 pid=91697 tgid=91697 comm=postgres         mode=FILTER   target=0 nr/ret=0 allow=1
[seccomp] ts=28341447251716 pid=91697 tgid=91697 comm=postgres         mode=FILTER   target=0 nr/ret=-1 allow=0
[seccomp] ts=28341447251716 pid=91697 tgid=91697 comm=postgres         mode=FILTER   target=0 nr/ret=0 allow=1
[seccomp] ts=28341447254674 pid=91697 tgid=91697 comm=postgres         mode=FILTER   target=0 nr/ret=-1 allow=0
[seccomp] ts=28341447254674 pid=91697 tgid=91697 comm=postgres         mode=FILTER   target=0 nr/ret=0 allow=1
[seccomp] ts=28341447259007 pid=91697 tgid=91697 comm=postgres         mode=FILTER   target=0 nr/ret=-1 allow=0
[seccomp] ts=28341447259007 pid=91697 tgid=91697 comm=postgres         mode=FILTER   target=0 nr/ret=0 allow=1
[seccomp] ts=28341447263507 pid=91697 tgid=91697 comm=postgres         mode=FILTER   target=0 nr/ret=-1 allow=0
[seccomp] ts=28341447263507 pid=91697 tgid=91697 comm=postgres         mode=FILTER   target=0 nr/ret=0 allow=1
[seccomp] ts=28341447267841 pid=91697 tgid=91697 comm=postgres         mode=FILTER   target=0 nr/ret=-1 allow=0
[seccomp] ts=28341447267841 pid=91697 tgid=91697 comm=postgres         mode=FILTER   target=0 nr/ret=0 allow=1
[seccomp] ts=28341447271757 pid=91697 tgid=91697 comm=postgres         mode=FILTER   target=0 nr/ret=-1 allow=0
[seccomp] ts=28341447271757 pid=91697 tgid=91697 comm=postgres         mode=FILTER   target=0 nr/ret=0 allow=1
[seccomp] ts=28341447275091 pid=91697 tgid=91697 comm=postgres         mode=FILTER   target=0 nr/ret=-1 allow=0
[seccomp] ts=28341447275091 pid=91697 tgid=91697 comm=postgres         mode=FILTER   target=0 nr/ret=0 allow=1
[seccomp] ts=28341447281091 pid=91697 tgid=91697 comm=postgres         mode=FILTER   target=0 nr/ret=-1 allow=0
[seccomp] ts=28341447281091 pid=91697 tgid=91697 comm=postgres         mode=FILTER   target=0 nr/ret=0 allow=1
[seccomp] ts=28341447332841 pid=91697 tgid=91697 comm=postgres         mode=FILTER   target=0 nr/ret=-1 allow=0
[seccomp] ts=28341447332841 pid=91697 tgid=91697 comm=postgres         mode=FILTER   target=0 nr/ret=0 allow=1
[seccomp] ts=28341447393174 pid=91697 tgid=91697 comm=postgres         mode=FILTER   target=0 nr/ret=-1 allow=0
[seccomp] ts=28341447393174 pid=91697 tgid=91697 comm=postgres         mode=FILTER   target=0 nr/ret=0 allow=1
[seccomp] ts=28341447435507 pid=91697 tgid=91697 comm=postgres         mode=FILTER   target=0 nr/ret=-1 allow=0
[seccomp] ts=28341447435507 pid=91697 tgid=91697 comm=postgres         mode=FILTER   target=0 nr/ret=0 allow=1
[seccomp] ts=28341447460216 pid=91697 tgid=91697 comm=postgres         mode=FILTER   target=0 nr/ret=-1 allow=0
[seccomp] ts=28341447460216 pid=91697 tgid=91697 comm=postgres         mode=FILTER   target=0 nr/ret=0 allow=1
[seccomp] ts=28341447469591 pid=91697 tgid=91697 comm=postgres         mode=FILTER   target=0 nr/ret=-1 allow=0
[seccomp] ts=28341447469591 pid=91697 tgid=91697 comm=postgres         mode=FILTER   target=0 nr/ret=0 allow=1
[seccomp] ts=28341447474007 pid=91697 tgid=91697 comm=postgres         mode=FILTER   target=0 nr/ret=-1 allow=0
[seccomp] ts=28341447474007 pid=91697 tgid=91697 comm=postgres         mode=FILTER   target=0 nr/ret=0 allow=1
[seccomp] ts=28341447498257 pid=91697 tgid=91697 comm=postgres         mode=FILTER   target=0 nr/ret=-1 allow=0
[seccomp] ts=28341447498257 pid=91697 tgid=91697 comm=postgres         mode=FILTER   target=0 nr/ret=0 allow=1
[seccomp] ts=28341447501091 pid=91697 tgid=91697 comm=postgres         mode=FILTER   target=0 nr/ret=-1 allow=0
[seccomp] ts=28341447501091 pid=91697 tgid=91697 comm=postgres         mode=FILTER   target=0 nr/ret=0 allow=1
[seccomp] ts=28341447504924 pid=91697 tgid=91697 comm=postgres         mode=FILTER   target=0 nr/ret=-1 allow=0
[seccomp] ts=28341447504924 pid=91697 tgid=91697 comm=postgres         mode=FILTER   target=0 nr/ret=0 allow=1
[seccomp] ts=28341447510716 pid=91697 tgid=91697 comm=postgres         mode=FILTER   target=0 nr/ret=-1 allow=0
[seccomp] ts=28341447510716 pid=91697 tgid=91697 comm=postgres         mode=FILTER   target=0 nr/ret=0 allow=1
[seccomp] ts=28341447514007 pid=91697 tgid=91697 comm=postgres         mode=FILTER   target=0 nr/ret=-1 allow=0
[seccomp] ts=28341447514007 pid=91697 tgid=91697 comm=postgres         mode=FILTER   target=0 nr/ret=0 allow=1
[seccomp] ts=28341447516966 pid=91697 tgid=91697 comm=postgres         mode=FILTER   target=0 nr/ret=-1 allow=0
[seccomp] ts=28341447516966 pid=91697 tgid=91697 comm=postgres         mode=FILTER   target=0 nr/ret=0 allow=1
[seccomp] ts=28341447523799 pid=91697 tgid=91697 comm=postgres         mode=FILTER   target=0 nr/ret=-1 allow=0
[seccomp] ts=28341447523799 pid=91697 tgid=91697 comm=postgres         mode=FILTER   target=0 nr/ret=0 allow=1
[seccomp] ts=28341447530382 pid=91697 tgid=91697 comm=postgres         mode=FILTER   target=0 nr/ret=-1 allow=0
[seccomp] ts=28341447530382 pid=91697 tgid=91697 comm=postgres         mode=FILTER   target=0 nr/ret=0 allow=1
[seccomp] ts=28341447537174 pid=91697 tgid=91697 comm=postgres         mode=FILTER   target=0 nr/ret=-1 allow=0
[seccomp] ts=28341447537174 pid=91697 tgid=91697 comm=postgres         mode=FILTER   target=0 nr/ret=0 allow=1
[seccomp] ts=28341447538882 pid=91697 tgid=91697 comm=postgres         mode=FILTER   target=0 nr/ret=-1 allow=0
[seccomp] ts=28341447538882 pid=91697 tgid=91697 comm=postgres         mode=FILTER   target=0 nr/ret=0 allow=1
[seccomp] ts=28341447540174 pid=91697 tgid=91697 comm=postgres         mode=FILTER   target=0 nr/ret=-1 allow=0
[seccomp] ts=28341447540174 pid=91697 tgid=91697 comm=postgres         mode=FILTER   target=0 nr/ret=0 allow=1
[seccomp] ts=28341447541341 pid=91697 tgid=91697 comm=postgres         mode=FILTER   target=0 nr/ret=-1 allow=0
[seccomp] ts=28341447541341 pid=91697 tgid=91697 comm=postgres         mode=FILTER   target=0 nr/ret=0 allow=1
[seccomp] ts=28341447543341 pid=91697 tgid=91697 comm=postgres         mode=FILTER   target=0 nr/ret=-1 allow=0
[seccomp] ts=28341447543341 pid=91697 tgid=91697 comm=postgres         mode=FILTER   target=0 nr/ret=0 allow=1
[seccomp] ts=28341447544382 pid=91697 tgid=91697 comm=postgres         mode=FILTER   target=0 nr/ret=-1 allow=0
[seccomp] ts=28341447544382 pid=91697 tgid=91697 comm=postgres         mode=FILTER   target=0 nr/ret=0 allow=1
[seccomp] ts=28341447589007 pid=91697 tgid=91697 comm=postgres         mode=FILTER   target=0 nr/ret=-1 allow=0
[seccomp] ts=28341447589007 pid=91697 tgid=91697 comm=postgres         mode=FILTER   target=0 nr/ret=0 allow=1
[seccomp] ts=28341447614341 pid=91697 tgid=91697 comm=postgres         mode=FILTER   target=0 nr/ret=-1 allow=0
[seccomp] ts=28341447614341 pid=91697 tgid=91697 comm=postgres         mode=FILTER   target=0 nr/ret=0 allow=1
[seccomp] ts=28341447664966 pid=91697 tgid=91697 comm=postgres         mode=FILTER   target=0 nr/ret=-1 allow=0
[seccomp] ts=28341447664966 pid=91697 tgid=91697 comm=postgres         mode=FILTER   target=0 nr/ret=0 allow=1
[seccomp] ts=28341447669132 pid=91697 tgid=91697 comm=postgres         mode=FILTER   target=0 nr/ret=-1 allow=0
[seccomp] ts=28341447669132 pid=91697 tgid=91697 comm=postgres         mode=FILTER   target=0 nr/ret=0 allow=1
[seccomp] ts=28341447670299 pid=91697 tgid=91697 comm=postgres         mode=FILTER   target=0 nr/ret=-1 allow=0
[seccomp] ts=28341447670299 pid=91697 tgid=91697 comm=postgres         mode=FILTER   target=0 nr/ret=0 allow=1
[seccomp] ts=28341447718174 pid=91697 tgid=91697 comm=postgres         mode=FILTER   target=0 nr/ret=-1 allow=0
[seccomp] ts=28341447718174 pid=91697 tgid=91697 comm=postgres         mode=FILTER   target=0 nr/ret=0 allow=1
[seccomp] ts=28341447797799 pid=91697 tgid=91697 comm=postgres         mode=FILTER   target=0 nr/ret=-1 allow=0
[seccomp] ts=28341447797799 pid=91697 tgid=91697 comm=postgres         mode=FILTER   target=0 nr/ret=0 allow=1
[seccomp] ts=28341447826507 pid=91697 tgid=91697 comm=postgres         mode=FILTER   target=0 nr/ret=-1 allow=0
[seccomp] ts=28341447826507 pid=91697 tgid=91697 comm=postgres         mode=FILTER   target=0 nr/ret=0 allow=1
[seccomp] ts=28341447830382 pid=91697 tgid=91697 comm=postgres         mode=FILTER   target=0 nr/ret=-1 allow=0
[seccomp] ts=28341447830382 pid=91697 tgid=91697 comm=postgres         mode=FILTER   target=0 nr/ret=0 allow=1
[seccomp] ts=28341447833257 pid=91697 tgid=91697 comm=postgres         mode=FILTER   target=0 nr/ret=-1 allow=0
[seccomp] ts=28341447833257 pid=91697 tgid=91697 comm=postgres         mode=FILTER   target=0 nr/ret=0 allow=1
[seccomp] ts=28341448400007 pid=91697 tgid=91697 comm=postgres         mode=FILTER   target=0 nr/ret=-1 allow=0
[seccomp] ts=28341448400007 pid=91697 tgid=91697 comm=postgres         mode=FILTER   target=0 nr/ret=0 allow=1
[seccomp] ts=28341448739257 pid=648 tgid=648 comm=postgres         mode=FILTER   target=0 nr/ret=-1 allow=0
[seccomp] ts=28341448739257 pid=648 tgid=648 comm=postgres         mode=FILTER   target=0 nr/ret=0 allow=1
[seccomp] ts=28341448766882 pid=648 tgid=648 comm=postgres         mode=FILTER   target=0 nr/ret=-1 allow=0
[seccomp] ts=28341448766882 pid=648 tgid=648 comm=postgres         mode=FILTER   target=0 nr/ret=0 allow=1
[seccomp] ts=28341448769549 pid=648 tgid=648 comm=postgres         mode=FILTER   target=0 nr/ret=-1 allow=0
[seccomp] ts=28341448769549 pid=648 tgid=648 comm=postgres         mode=FILTER   target=0 nr/ret=0 allow=1
[seccomp] ts=28341448772716 pid=648 tgid=648 comm=postgres         mode=FILTER   target=0 nr/ret=-1 allow=0
[seccomp] ts=28341448772716 pid=648 tgid=648 comm=postgres         mode=FILTER   target=0 nr/ret=0 allow=1
[seccomp] ts=28341448775299 pid=648 tgid=648 comm=postgres         mode=FILTER   target=0 nr/ret=-1 allow=0
[seccomp] ts=28341448775299 pid=648 tgid=648 comm=postgres         mode=FILTER   target=0 nr/ret=0 allow=1
[seccomp] ts=28341448783674 pid=648 tgid=648 comm=postgres         mode=FILTER   target=0 nr/ret=-1 allow=0
[seccomp] ts=28341448783674 pid=648 tgid=648 comm=postgres         mode=FILTER   target=0 nr/ret=0 allow=1
[seccomp] ts=28341448785382 pid=648 tgid=648 comm=postgres         mode=FILTER   target=0 nr/ret=-1 allow=0
[seccomp] ts=28341448785382 pid=648 tgid=648 comm=postgres         mode=FILTER   target=0 nr/ret=0 allow=1
[seccomp] ts=28341461746882 pid=649 tgid=649 comm=redis-server     mode=FILTER   target=0 nr/ret=-1 allow=0
[seccomp] ts=28341461746882 pid=649 tgid=649 comm=redis-server     mode=FILTER   target=0 nr/ret=0 allow=1
[seccomp] ts=28341461769591 pid=649 tgid=649 comm=redis-server     mode=FILTER   target=0 nr/ret=-1 allow=0
[seccomp] ts=28341461769591 pid=649 tgid=649 comm=redis-server     mode=FILTER   target=0 nr/ret=0 allow=1
[seccomp] ts=28341461777799 pid=649 tgid=649 comm=redis-server     mode=FILTER   target=0 nr/ret=-1 allow=0
[seccomp] ts=28341461777799 pid=649 tgid=649 comm=redis-server     mode=FILTER   target=0 nr/ret=0 allow=1
[seccomp] ts=28341462122216 pid=649 tgid=649 comm=redis-server     mode=FILTER   target=0 nr/ret=-1 allow=0
[seccomp] ts=28341462122216 pid=649 tgid=649 comm=redis-server     mode=FILTER   target=0 nr/ret=0 allow=1
[seccomp] ts=28341568293924 pid=649 tgid=649 comm=redis-server     mode=FILTER   target=0 nr/ret=-1 allow=0
[seccomp] ts=28341568293924 pid=649 tgid=649 comm=redis-server     mode=FILTER   target=0 nr/ret=0 allow=1
[seccomp] ts=28341568413258 pid=649 tgid=649 comm=redis-server     mode=FILTER   target=0 nr/ret=-1 allow=0
[seccomp] ts=28341568413258 pid=649 tgid=649 comm=redis-server     mode=FILTER   target=0 nr/ret=0 allow=1
[seccomp] ts=28341568443341 pid=649 tgid=649 comm=redis-server     mode=FILTER   target=0 nr/ret=-1 allow=0
[seccomp] ts=28341568443341 pid=649 tgid=649 comm=redis-server     mode=FILTER   target=0 nr/ret=0 allow=1
[seccomp] ts=28341569397549 pid=649 tgid=649 comm=redis-server     mode=FILTER   target=0 nr/ret=-1 allow=0
[seccomp] ts=28341569397549 pid=649 tgid=649 comm=redis-server     mode=FILTER   target=0 nr/ret=0 allow=1
[seccomp] ts=28341672097591 pid=649 tgid=649 comm=redis-server     mode=FILTER   target=0 nr/ret=-1 allow=0
[seccomp] ts=28341672097591 pid=649 tgid=649 comm=redis-server     mode=FILTER   target=0 nr/ret=0 allow=1
[seccomp] ts=28341672162799 pid=649 tgid=649 comm=redis-server     mode=FILTER   target=0 nr/ret=-1 allow=0
[seccomp] ts=28341672162799 pid=649 tgid=649 comm=redis-server     mode=FILTER   target=0 nr/ret=0 allow=1
[seccomp] ts=28341672181966 pid=649 tgid=649 comm=redis-server     mode=FILTER   target=0 nr/ret=-1 allow=0
[seccomp] ts=28341672181966 pid=649 tgid=649 comm=redis-server     mode=FILTER   target=0 nr/ret=0 allow=1
[seccomp] ts=28341672696591 pid=649 tgid=649 comm=redis-server     mode=FILTER   target=0 nr/ret=-1 allow=0
[seccomp] ts=28341672696591 pid=649 tgid=649 comm=redis-server     mode=FILTER   target=0 nr/ret=0 allow=1
[seccomp] ts=28341775127258 pid=649 tgid=649 comm=redis-server     mode=FILTER   target=0 nr/ret=-1 allow=0
[seccomp] ts=28341775127258 pid=649 tgid=649 comm=redis-server     mode=FILTER   target=0 nr/ret=0 allow=1
[seccomp] ts=28341775280841 pid=649 tgid=649 comm=redis-server     mode=FILTER   target=0 nr/ret=-1 allow=0
[seccomp] ts=28341775280841 pid=649 tgid=649 comm=redis-server     mode=FILTER   target=0 nr/ret=0 allow=1
[seccomp] ts=28341775326383 pid=649 tgid=649 comm=redis-server     mode=FILTER   target=0 nr/ret=-1 allow=0
[seccomp] ts=28341775326383 pid=649 tgid=649 comm=redis-server     mode=FILTER   target=0 nr/ret=0 allow=1
[seccomp] ts=28341776420299 pid=649 tgid=649 comm=redis-server     mode=FILTER   target=0 nr/ret=-1 allow=0
[seccomp] ts=28341776420299 pid=649 tgid=649 comm=redis-server     mode=FILTER   target=0 nr/ret=0 allow=1
[seccomp] ts=28341880168841 pid=649 tgid=649 comm=redis-server     mode=FILTER   target=0 nr/ret=-1 allow=0
[seccomp] ts=28341880168841 pid=649 tgid=649 comm=redis-server     mode=FILTER   target=0 nr/ret=0 allow=1
[seccomp] ts=28341880303508 pid=649 tgid=649 comm=redis-server     mode=FILTER   target=0 nr/ret=-1 allow=0
[seccomp] ts=28341880303508 pid=649 tgid=649 comm=redis-server     mode=FILTER   target=0 nr/ret=0 allow=1
[seccomp] ts=28341880343674 pid=649 tgid=649 comm=redis-server     mode=FILTER   target=0 nr/ret=-1 allow=0
[seccomp] ts=28341880343674 pid=649 tgid=649 comm=redis-server     mode=FILTER   target=0 nr/ret=0 allow=1
[seccomp] ts=28341880997258 pid=649 tgid=649 comm=redis-server     mode=FILTER   target=0 nr/ret=-1 allow=0
[seccomp] ts=28341880997258 pid=649 tgid=649 comm=redis-server     mode=FILTER   target=0 nr/ret=0 allow=1
[seccomp] ts=28341982346758 pid=649 tgid=649 comm=redis-server     mode=FILTER   target=0 nr/ret=-1 allow=0
[seccomp] ts=28341982346758 pid=649 tgid=649 comm=redis-server     mode=FILTER   target=0 nr/ret=0 allow=1
[seccomp] ts=28341982410841 pid=649 tgid=649 comm=redis-server     mode=FILTER   target=0 nr/ret=-1 allow=0
[seccomp] ts=28341982410841 pid=649 tgid=649 comm=redis-server     mode=FILTER   target=0 nr/ret=0 allow=1
[seccomp] ts=28341982429841 pid=649 tgid=649 comm=redis-server     mode=FILTER   target=0 nr/ret=-1 allow=0
[seccomp] ts=28341982429841 pid=649 tgid=649 comm=redis-server     mode=FILTER   target=0 nr/ret=0 allow=1
[seccomp] ts=28341982882133 pid=649 tgid=649 comm=redis-server     mode=FILTER   target=0 nr/ret=-1 allow=0
[seccomp] ts=28341982882133 pid=649 tgid=649 comm=redis-server     mode=FILTER   target=0 nr/ret=0 allow=1
[seccomp] ts=28342087789383 pid=649 tgid=649 comm=redis-server     mode=FILTER   target=0 nr/ret=-1 allow=0
[seccomp] ts=28342087789383 pid=649 tgid=649 comm=redis-server     mode=FILTER   target=0 nr/ret=0 allow=1
[seccomp] ts=28342087891549 pid=649 tgid=649 comm=redis-server     mode=FILTER   target=0 nr/ret=-1 allow=0
[seccomp] ts=28342087891549 pid=649 tgid=649 comm=redis-server     mode=FILTER   target=0 nr/ret=0 allow=1
[seccomp] ts=28342087921758 pid=649 tgid=649 comm=redis-server     mode=FILTER   target=0 nr/ret=-1 allow=0
[seccomp] ts=28342087921758 pid=649 tgid=649 comm=redis-server     mode=FILTER   target=0 nr/ret=0 allow=1
[seccomp] ts=28342088997508 pid=649 tgid=649 comm=redis-server     mode=FILTER   target=0 nr/ret=-1 allow=0
[seccomp] ts=28342088997508 pid=649 tgid=649 comm=redis-server     mode=FILTER   target=0 nr/ret=0 allow=1
[seccomp] ts=28342191525008 pid=649 tgid=649 comm=redis-server     mode=FILTER   target=0 nr/ret=-1 allow=0
[seccomp] ts=28342191525008 pid=649 tgid=649 comm=redis-server     mode=FILTER   target=0 nr/ret=0 allow=1
[seccomp] ts=28342191642966 pid=649 tgid=649 comm=redis-server     mode=FILTER   target=0 nr/ret=-1 allow=0
[seccomp] ts=28342191642966 pid=649 tgid=649 comm=redis-server     mode=FILTER   target=0 nr/ret=0 allow=1
[seccomp] ts=28342191704924 pid=649 tgid=649 comm=redis-server     mode=FILTER   target=0 nr/ret=-1 allow=0
[seccomp] ts=28342191704924 pid=649 tgid=649 comm=redis-server     mode=FILTER   target=0 nr/ret=0 allow=1
[seccomp] ts=28342192204508 pid=649 tgid=649 comm=redis-server     mode=FILTER   target=0 nr/ret=-1 allow=0
[seccomp] ts=28342192204508 pid=649 tgid=649 comm=redis-server     mode=FILTER   target=0 nr/ret=0 allow=1
[seccomp] ts=28342297475966 pid=649 tgid=649 comm=redis-server     mode=FILTER   target=0 nr/ret=-1 allow=0
[seccomp] ts=28342297475966 pid=649 tgid=649 comm=redis-server     mode=FILTER   target=0 nr/ret=0 allow=1
[seccomp] ts=28342297561425 pid=649 tgid=649 comm=redis-server     mode=FILTER   target=0 nr/ret=-1 allow=0
[seccomp] ts=28342297561425 pid=649 tgid=649 comm=redis-server     mode=FILTER   target=0 nr/ret=0 allow=1
[seccomp] ts=28342297586008 pid=649 tgid=649 comm=redis-server     mode=FILTER   target=0 nr/ret=-1 allow=0
[seccomp] ts=28342297586008 pid=649 tgid=649 comm=redis-server     mode=FILTER   target=0 nr/ret=0 allow=1
[seccomp] ts=28342298261216 pid=649 tgid=649 comm=redis-server     mode=FILTER   target=0 nr/ret=-1 allow=0
[seccomp] ts=28342298261216 pid=649 tgid=649 comm=redis-server     mode=FILTER   target=0 nr/ret=0 allow=1
[seccomp] ts=28342403515508 pid=649 tgid=649 comm=redis-server     mode=FILTER   target=0 nr/ret=-1 allow=0
[seccomp] ts=28342403515508 pid=649 tgid=649 comm=redis-server     mode=FILTER   target=0 nr/ret=0 allow=1
[seccomp] ts=28342403600550 pid=649 tgid=649 comm=redis-server     mode=FILTER   target=0 nr/ret=-1 allow=0
[seccomp] ts=28342403600550 pid=649 tgid=649 comm=redis-server     mode=FILTER   target=0 nr/ret=0 allow=1
[seccomp] ts=28342403625591 pid=649 tgid=649 comm=redis-server     mode=FILTER   target=0 nr/ret=-1 allow=0
[seccomp] ts=28342403625591 pid=649 tgid=649 comm=redis-server     mode=FILTER   target=0 nr/ret=0 allow=1
[seccomp] ts=28342404128050 pid=649 tgid=649 comm=redis-server     mode=FILTER   target=0 nr/ret=-1 allow=0
[seccomp] ts=28342404128050 pid=649 tgid=649 comm=redis-server     mode=FILTER   target=0 nr/ret=0 allow=1
[seccomp] ts=28342506474550 pid=649 tgid=649 comm=redis-server     mode=FILTER   target=0 nr/ret=-1 allow=0
[seccomp] ts=28342506474550 pid=649 tgid=649 comm=redis-server     mode=FILTER   target=0 nr/ret=0 allow=1
[seccomp] ts=28342506610300 pid=649 tgid=649 comm=redis-server     mode=FILTER   target=0 nr/ret=-1 allow=0
[seccomp] ts=28342506610300 pid=649 tgid=649 comm=redis-server     mode=FILTER   target=0 nr/ret=0 allow=1
[seccomp] ts=28342506643300 pid=649 tgid=649 comm=redis-server     mode=FILTER   target=0 nr/ret=-1 allow=0
[seccomp] ts=28342506643300 pid=649 tgid=649 comm=redis-server     mode=FILTER   target=0 nr/ret=0 allow=1
[seccomp] ts=28342507925050 pid=649 tgid=649 comm=redis-server     mode=FILTER   target=0 nr/ret=-1 allow=0
[seccomp] ts=28342507925050 pid=649 tgid=649 comm=redis-server     mode=FILTER   target=0 nr/ret=0 allow=1
[seccomp] ts=28342609794800 pid=649 tgid=649 comm=redis-server     mode=FILTER   target=0 nr/ret=-1 allow=0
[seccomp] ts=28342609794800 pid=649 tgid=649 comm=redis-server     mode=FILTER   target=0 nr/ret=0 allow=1
[seccomp] ts=28342609906508 pid=649 tgid=649 comm=redis-server     mode=FILTER   target=0 nr/ret=-1 allow=0
[seccomp] ts=28342609906508 pid=649 tgid=649 comm=redis-server     mode=FILTER   target=0 nr/ret=0 allow=1
[seccomp] ts=28342609938050 pid=649 tgid=649 comm=redis-server     mode=FILTER   target=0 nr/ret=-1 allow=0
[seccomp] ts=28342609938050 pid=649 tgid=649 comm=redis-server     mode=FILTER   target=0 nr/ret=0 allow=1
[seccomp] ts=28342610435175 pid=649 tgid=649 comm=redis-server     mode=FILTER   target=0 nr/ret=-1 allow=0
[seccomp] ts=28342610435175 pid=649 tgid=649 comm=redis-server     mode=FILTER   target=0 nr/ret=0 allow=1
[seccomp] ts=28342711262175 pid=649 tgid=649 comm=redis-server     mode=FILTER   target=0 nr/ret=-1 allow=0
[seccomp] ts=28342711262175 pid=649 tgid=649 comm=redis-server     mode=FILTER   target=0 nr/ret=0 allow=1
[seccomp] ts=28342711303091 pid=649 tgid=649 comm=redis-server     mode=FILTER   target=0 nr/ret=-1 allow=0
[seccomp] ts=28342711303091 pid=649 tgid=649 comm=redis-server     mode=FILTER   target=0 nr/ret=0 allow=1
[seccomp] ts=28342711313925 pid=649 tgid=649 comm=redis-server     mode=FILTER   target=0 nr/ret=-1 allow=0
[seccomp] ts=28342711313925 pid=649 tgid=649 comm=redis-server     mode=FILTER   target=0 nr/ret=0 allow=1
[seccomp] ts=28342711550008 pid=649 tgid=649 comm=redis-server     mode=FILTER   target=0 nr/ret=-1 allow=0
[seccomp] ts=28342711550008 pid=649 tgid=649 comm=redis-server     mode=FILTER   target=0 nr/ret=0 allow=1
[seccomp] ts=28342812133925 pid=649 tgid=649 comm=redis-server     mode=FILTER   target=0 nr/ret=-1 allow=0
[seccomp] ts=28342812133925 pid=649 tgid=649 comm=redis-server     mode=FILTER   target=0 nr/ret=0 allow=1
[seccomp] ts=28342812158800 pid=649 tgid=649 comm=redis-server     mode=FILTER   target=0 nr/ret=-1 allow=0
[seccomp] ts=28342812158800 pid=649 tgid=649 comm=redis-server     mode=FILTER   target=0 nr/ret=0 allow=1
[seccomp] ts=28342812167633 pid=649 tgid=649 comm=redis-server     mode=FILTER   target=0 nr/ret=-1 allow=0
[seccomp] ts=28342812167633 pid=649 tgid=649 comm=redis-server     mode=FILTER   target=0 nr/ret=0 allow=1
[seccomp] ts=28342812378383 pid=649 tgid=649 comm=redis-server     mode=FILTER   target=0 nr/ret=-1 allow=0
[seccomp] ts=28342812378383 pid=649 tgid=649 comm=redis-server     mode=FILTER   target=0 nr/ret=0 allow=1
[seccomp] ts=28342890316300 pid=840 tgid=840 comm=postgres         mode=FILTER   target=0 nr/ret=-1 allow=0
[seccomp] ts=28342890316300 pid=840 tgid=840 comm=postgres         mode=FILTER   target=0 nr/ret=0 allow=1
[seccomp] ts=28342916711008 pid=649 tgid=649 comm=redis-server     mode=FILTER   target=0 nr/ret=-1 allow=0
[seccomp] ts=28342916711008 pid=649 tgid=649 comm=redis-server     mode=FILTER   target=0 nr/ret=0 allow=1
[seccomp] ts=28342916738383 pid=649 tgid=649 comm=redis-server     mode=FILTER   target=0 nr/ret=-1 allow=0
[seccomp] ts=28342916738383 pid=649 tgid=649 comm=redis-server     mode=FILTER   target=0 nr/ret=0 allow=1
[seccomp] ts=28342916749425 pid=649 tgid=649 comm=redis-server     mode=FILTER   target=0 nr/ret=-1 allow=0
[seccomp] ts=28342916749425 pid=649 tgid=649 comm=redis-server     mode=FILTER   target=0 nr/ret=0 allow=1
[seccomp] ts=28342917066758 pid=649 tgid=649 comm=redis-server     mode=FILTER   target=0 nr/ret=-1 allow=0
[seccomp] ts=28342917066758 pid=649 tgid=649 comm=redis-server     mode=FILTER   target=0 nr/ret=0 allow=1
[seccomp] ts=28343023321383 pid=649 tgid=649 comm=redis-server     mode=FILTER   target=0 nr/ret=-1 allow=0
[seccomp] ts=28343023321383 pid=649 tgid=649 comm=redis-server     mode=FILTER   target=0 nr/ret=0 allow=1
[seccomp] ts=28343023429342 pid=649 tgid=649 comm=redis-server     mode=FILTER   target=0 nr/ret=-1 allow=0
[seccomp] ts=28343023429342 pid=649 tgid=649 comm=redis-server     mode=FILTER   target=0 nr/ret=0 allow=1
[seccomp] ts=28343023463508 pid=649 tgid=649 comm=redis-server     mode=FILTER   target=0 nr/ret=-1 allow=0
[seccomp] ts=28343023463508 pid=649 tgid=649 comm=redis-server     mode=FILTER   target=0 nr/ret=0 allow=1
[seccomp] ts=28343024276717 pid=649 tgid=649 comm=redis-server     mode=FILTER   target=0 nr/ret=-1 allow=0
[seccomp] ts=28343024276717 pid=649 tgid=649 comm=redis-server     mode=FILTER   target=0 nr/ret=0 allow=1
[seccomp] ts=28343096964092 pid=840 tgid=840 comm=postgres         mode=FILTER   target=0 nr/ret=-1 allow=0
[seccomp] ts=28343096964092 pid=840 tgid=840 comm=postgres         mode=FILTER   target=0 nr/ret=0 allow=1
[seccomp] ts=28343125289092 pid=649 tgid=649 comm=redis-server     mode=FILTER   target=0 nr/ret=-1 allow=0
[seccomp] ts=28343125289092 pid=649 tgid=649 comm=redis-server     mode=FILTER   target=0 nr/ret=0 allow=1
[seccomp] ts=28343125404592 pid=649 tgid=649 comm=redis-server     mode=FILTER   target=0 nr/ret=-1 allow=0
[seccomp] ts=28343125404592 pid=649 tgid=649 comm=redis-server     mode=FILTER   target=0 nr/ret=0 allow=1
[seccomp] ts=28343125441425 pid=649 tgid=649 comm=redis-server     mode=FILTER   target=0 nr/ret=-1 allow=0
[seccomp] ts=28343125441425 pid=649 tgid=649 comm=redis-server     mode=FILTER   target=0 nr/ret=0 allow=1
[seccomp] ts=28343126036467 pid=649 tgid=649 comm=redis-server     mode=FILTER   target=0 nr/ret=-1 allow=0
[seccomp] ts=28343126036467 pid=649 tgid=649 comm=redis-server     mode=FILTER   target=0 nr/ret=0 allow=1
[seccomp] ts=28343230870008 pid=649 tgid=649 comm=redis-server     mode=FILTER   target=0 nr/ret=-1 allow=0
[seccomp] ts=28343230870008 pid=649 tgid=649 comm=redis-server     mode=FILTER   target=0 nr/ret=0 allow=1
[seccomp] ts=28343230995508 pid=649 tgid=649 comm=redis-server     mode=FILTER   target=0 nr/ret=-1 allow=0
[seccomp] ts=28343230995508 pid=649 tgid=649 comm=redis-server     mode=FILTER   target=0 nr/ret=0 allow=1
[seccomp] ts=28343231043008 pid=649 tgid=649 comm=redis-server     mode=FILTER   target=0 nr/ret=-1 allow=0
[seccomp] ts=28343231043008 pid=649 tgid=649 comm=redis-server     mode=FILTER   target=0 nr/ret=0 allow=1
[seccomp] ts=28343231643467 pid=649 tgid=649 comm=redis-server     mode=FILTER   target=0 nr/ret=-1 allow=0
[seccomp] ts=28343231643467 pid=649 tgid=649 comm=redis-server     mode=FILTER   target=0 nr/ret=0 allow=1
[seccomp] ts=28343333075425 pid=649 tgid=649 comm=redis-server     mode=FILTER   target=0 nr/ret=-1 allow=0
[seccomp] ts=28343333075425 pid=649 tgid=649 comm=redis-server     mode=FILTER   target=0 nr/ret=0 allow=1
[seccomp] ts=28343333192008 pid=649 tgid=649 comm=redis-server     mode=FILTER   target=0 nr/ret=-1 allow=0
[seccomp] ts=28343333192008 pid=649 tgid=649 comm=redis-server     mode=FILTER   target=0 nr/ret=0 allow=1
[seccomp] ts=28343333223675 pid=649 tgid=649 comm=redis-server     mode=FILTER   target=0 nr/ret=-1 allow=0
[seccomp] ts=28343333223675 pid=649 tgid=649 comm=redis-server     mode=FILTER   target=0 nr/ret=0 allow=1
[seccomp] ts=28343333859675 pid=649 tgid=649 comm=redis-server     mode=FILTER   target=0 nr/ret=-1 allow=0
[seccomp] ts=28343333859675 pid=649 tgid=649 comm=redis-server     mode=FILTER   target=0 nr/ret=0 allow=1
[seccomp] ts=28343436238342 pid=649 tgid=649 comm=redis-server     mode=FILTER   target=0 nr/ret=-1 allow=0
[seccomp] ts=28343436238342 pid=649 tgid=649 comm=redis-server     mode=FILTER   target=0 nr/ret=0 allow=1
[seccomp] ts=28343436351008 pid=649 tgid=649 comm=redis-server     mode=FILTER   target=0 nr/ret=-1 allow=0
[seccomp] ts=28343436351008 pid=649 tgid=649 comm=redis-server     mode=FILTER   target=0 nr/ret=0 allow=1
[seccomp] ts=28343436387967 pid=649 tgid=649 comm=redis-server     mode=FILTER   target=0 nr/ret=-1 allow=0
[seccomp] ts=28343436387967 pid=649 tgid=649 comm=redis-server     mode=FILTER   target=0 nr/ret=0 allow=1
[seccomp] ts=28343436860508 pid=649 tgid=649 comm=redis-server     mode=FILTER   target=0 nr/ret=-1 allow=0
[seccomp] ts=28343436860508 pid=649 tgid=649 comm=redis-server     mode=FILTER   target=0 nr/ret=0 allow=1
[seccomp] ts=28343537431217 pid=649 tgid=649 comm=redis-server     mode=FILTER   target=0 nr/ret=-1 allow=0
[seccomp] ts=28343537431217 pid=649 tgid=649 comm=redis-server     mode=FILTER   target=0 nr/ret=0 allow=1
[seccomp] ts=28343537549342 pid=649 tgid=649 comm=redis-server     mode=FILTER   target=0 nr/ret=-1 allow=0
[seccomp] ts=28343537549342 pid=649 tgid=649 comm=redis-server     mode=FILTER   target=0 nr/ret=0 allow=1
[seccomp] ts=28343537578133 pid=649 tgid=649 comm=redis-server     mode=FILTER   target=0 nr/ret=-1 allow=0
[seccomp] ts=28343537578133 pid=649 tgid=649 comm=redis-server     mode=FILTER   target=0 nr/ret=0 allow=1
[seccomp] ts=28343538247925 pid=649 tgid=649 comm=redis-server     mode=FILTER   target=0 nr/ret=-1 allow=0
[seccomp] ts=28343538247925 pid=649 tgid=649 comm=redis-server     mode=FILTER   target=0 nr/ret=0 allow=1
[seccomp] ts=28343643692967 pid=649 tgid=649 comm=redis-server     mode=FILTER   target=0 nr/ret=-1 allow=0
[seccomp] ts=28343643692967 pid=649 tgid=649 comm=redis-server     mode=FILTER   target=0 nr/ret=0 allow=1
[seccomp] ts=28343643789300 pid=649 tgid=649 comm=redis-server     mode=FILTER   target=0 nr/ret=-1 allow=0
[seccomp] ts=28343643789300 pid=649 tgid=649 comm=redis-server     mode=FILTER   target=0 nr/ret=0 allow=1
[seccomp] ts=28343643818134 pid=649 tgid=649 comm=redis-server     mode=FILTER   target=0 nr/ret=-1 allow=0
[seccomp] ts=28343643818134 pid=649 tgid=649 comm=redis-server     mode=FILTER   target=0 nr/ret=0 allow=1
[seccomp] ts=28343644266717 pid=649 tgid=649 comm=redis-server     mode=FILTER   target=0 nr/ret=-1 allow=0
[seccomp] ts=28343644266717 pid=649 tgid=649 comm=redis-server     mode=FILTER   target=0 nr/ret=0 allow=1
[seccomp] ts=28343749808550 pid=649 tgid=649 comm=redis-server     mode=FILTER   target=0 nr/ret=-1 allow=0
[seccomp] ts=28343749808550 pid=649 tgid=649 comm=redis-server     mode=FILTER   target=0 nr/ret=0 allow=1
[seccomp] ts=28343749892384 pid=649 tgid=649 comm=redis-server     mode=FILTER   target=0 nr/ret=-1 allow=0
[seccomp] ts=28343749892384 pid=649 tgid=649 comm=redis-server     mode=FILTER   target=0 nr/ret=0 allow=1
[seccomp] ts=28343749918384 pid=649 tgid=649 comm=redis-server     mode=FILTER   target=0 nr/ret=-1 allow=0
[seccomp] ts=28343749918384 pid=649 tgid=649 comm=redis-server     mode=FILTER   target=0 nr/ret=0 allow=1
[seccomp] ts=28343750436175 pid=649 tgid=649 comm=redis-server     mode=FILTER   target=0 nr/ret=-1 allow=0
[seccomp] ts=28343750436175 pid=649 tgid=649 comm=redis-server     mode=FILTER   target=0 nr/ret=0 allow=1
[seccomp] ts=28343851802467 pid=649 tgid=649 comm=redis-server     mode=FILTER   target=0 nr/ret=-1 allow=0
[seccomp] ts=28343851802467 pid=649 tgid=649 comm=redis-server     mode=FILTER   target=0 nr/ret=0 allow=1
[seccomp] ts=28343851891550 pid=649 tgid=649 comm=redis-server     mode=FILTER   target=0 nr/ret=-1 allow=0
[seccomp] ts=28343851891550 pid=649 tgid=649 comm=redis-server     mode=FILTER   target=0 nr/ret=0 allow=1
[seccomp] ts=28343851918759 pid=649 tgid=649 comm=redis-server     mode=FILTER   target=0 nr/ret=-1 allow=0
[seccomp] ts=28343851918759 pid=649 tgid=649 comm=redis-server     mode=FILTER   target=0 nr/ret=0 allow=1
[seccomp] ts=28343852376300 pid=649 tgid=649 comm=redis-server     mode=FILTER   target=0 nr/ret=-1 allow=0
[seccomp] ts=28343852376300 pid=649 tgid=649 comm=redis-server     mode=FILTER   target=0 nr/ret=0 allow=1
[seccomp] ts=28343958094009 pid=649 tgid=649 comm=redis-server     mode=FILTER   target=0 nr/ret=-1 allow=0
[seccomp] ts=28343958094009 pid=649 tgid=649 comm=redis-server     mode=FILTER   target=0 nr/ret=0 allow=1
[seccomp] ts=28343958170759 pid=649 tgid=649 comm=redis-server     mode=FILTER   target=0 nr/ret=-1 allow=0
[seccomp] ts=28343958170759 pid=649 tgid=649 comm=redis-server     mode=FILTER   target=0 nr/ret=0 allow=1
[seccomp] ts=28343958195717 pid=649 tgid=649 comm=redis-server     mode=FILTER   target=0 nr/ret=-1 allow=0
[seccomp] ts=28343958195717 pid=649 tgid=649 comm=redis-server     mode=FILTER   target=0 nr/ret=0 allow=1
[seccomp] ts=28343958671259 pid=649 tgid=649 comm=redis-server     mode=FILTER   target=0 nr/ret=-1 allow=0
[seccomp] ts=28343958671259 pid=649 tgid=649 comm=redis-server     mode=FILTER   target=0 nr/ret=0 allow=1
[seccomp] ts=28344061981925 pid=649 tgid=649 comm=redis-server     mode=FILTER   target=0 nr/ret=-1 allow=0
[seccomp] ts=28344061981925 pid=649 tgid=649 comm=redis-server     mode=FILTER   target=0 nr/ret=0 allow=1
[seccomp] ts=28344062068217 pid=649 tgid=649 comm=redis-server     mode=FILTER   target=0 nr/ret=-1 allow=0
[seccomp] ts=28344062068217 pid=649 tgid=649 comm=redis-server     mode=FILTER   target=0 nr/ret=0 allow=1
[seccomp] ts=28344062088467 pid=649 tgid=649 comm=redis-server     mode=FILTER   target=0 nr/ret=-1 allow=0
[seccomp] ts=28344062088467 pid=649 tgid=649 comm=redis-server     mode=FILTER   target=0 nr/ret=0 allow=1
[seccomp] ts=28344062501592 pid=649 tgid=649 comm=redis-server     mode=FILTER   target=0 nr/ret=-1 allow=0
[seccomp] ts=28344062501592 pid=649 tgid=649 comm=redis-server     mode=FILTER   target=0 nr/ret=0 allow=1
[seccomp] ts=28344164113717 pid=649 tgid=649 comm=redis-server     mode=FILTER   target=0 nr/ret=-1 allow=0
[seccomp] ts=28344164113717 pid=649 tgid=649 comm=redis-server     mode=FILTER   target=0 nr/ret=0 allow=1
[seccomp] ts=28344164194842 pid=649 tgid=649 comm=redis-server     mode=FILTER   target=0 nr/ret=-1 allow=0
[seccomp] ts=28344164194842 pid=649 tgid=649 comm=redis-server     mode=FILTER   target=0 nr/ret=0 allow=1
[seccomp] ts=28344164223509 pid=649 tgid=649 comm=redis-server     mode=FILTER   target=0 nr/ret=-1 allow=0
[seccomp] ts=28344164223509 pid=649 tgid=649 comm=redis-server     mode=FILTER   target=0 nr/ret=0 allow=1
[seccomp] ts=28344164759050 pid=649 tgid=649 comm=redis-server     mode=FILTER   target=0 nr/ret=-1 allow=0
[seccomp] ts=28344164759050 pid=649 tgid=649 comm=redis-server     mode=FILTER   target=0 nr/ret=0 allow=1
[seccomp] ts=28344269987509 pid=649 tgid=649 comm=redis-server     mode=FILTER   target=0 nr/ret=-1 allow=0
[seccomp] ts=28344269987509 pid=649 tgid=649 comm=redis-server     mode=FILTER   target=0 nr/ret=0 allow=1
[seccomp] ts=28344270126759 pid=649 tgid=649 comm=redis-server     mode=FILTER   target=0 nr/ret=-1 allow=0
[seccomp] ts=28344270126759 pid=649 tgid=649 comm=redis-server     mode=FILTER   target=0 nr/ret=0 allow=1
[seccomp] ts=28344270161425 pid=649 tgid=649 comm=redis-server     mode=FILTER   target=0 nr/ret=-1 allow=0
[seccomp] ts=28344270161425 pid=649 tgid=649 comm=redis-server     mode=FILTER   target=0 nr/ret=0 allow=1
[seccomp] ts=28344270583842 pid=649 tgid=649 comm=redis-server     mode=FILTER   target=0 nr/ret=-1 allow=0
[seccomp] ts=28344270583842 pid=649 tgid=649 comm=redis-server     mode=FILTER   target=0 nr/ret=0 allow=1
[seccomp] ts=28344374694342 pid=649 tgid=649 comm=redis-server     mode=FILTER   target=0 nr/ret=-1 allow=0
[seccomp] ts=28344374694342 pid=649 tgid=649 comm=redis-server     mode=FILTER   target=0 nr/ret=0 allow=1
[seccomp] ts=28344374741676 pid=649 tgid=649 comm=redis-server     mode=FILTER   target=0 nr/ret=-1 allow=0
[seccomp] ts=28344374741676 pid=649 tgid=649 comm=redis-server     mode=FILTER   target=0 nr/ret=0 allow=1
[seccomp] ts=28344374753342 pid=649 tgid=649 comm=redis-server     mode=FILTER   target=0 nr/ret=-1 allow=0
[seccomp] ts=28344374753342 pid=649 tgid=649 comm=redis-server     mode=FILTER   target=0 nr/ret=0 allow=1
[seccomp] ts=28344375226801 pid=649 tgid=649 comm=redis-server     mode=FILTER   target=0 nr/ret=-1 allow=0
[seccomp] ts=28344375226801 pid=649 tgid=649 comm=redis-server     mode=FILTER   target=0 nr/ret=0 allow=1
[seccomp] ts=28344481300301 pid=649 tgid=649 comm=redis-server     mode=FILTER   target=0 nr/ret=-1 allow=0
[seccomp] ts=28344481300301 pid=649 tgid=649 comm=redis-server     mode=FILTER   target=0 nr/ret=0 allow=1
[seccomp] ts=28344481393842 pid=649 tgid=649 comm=redis-server     mode=FILTER   target=0 nr/ret=-1 allow=0
[seccomp] ts=28344481393842 pid=649 tgid=649 comm=redis-server     mode=FILTER   target=0 nr/ret=0 allow=1
[seccomp] ts=28344481424509 pid=649 tgid=649 comm=redis-server     mode=FILTER   target=0 nr/ret=-1 allow=0
[seccomp] ts=28344481424509 pid=649 tgid=649 comm=redis-server     mode=FILTER   target=0 nr/ret=0 allow=1
[seccomp] ts=28344481878342 pid=649 tgid=649 comm=redis-server     mode=FILTER   target=0 nr/ret=-1 allow=0
[seccomp] ts=28344481878342 pid=649 tgid=649 comm=redis-server     mode=FILTER   target=0 nr/ret=0 allow=1
[seccomp] ts=28344585054884 pid=649 tgid=649 comm=redis-server     mode=FILTER   target=0 nr/ret=-1 allow=0
[seccomp] ts=28344585054884 pid=649 tgid=649 comm=redis-server     mode=FILTER   target=0 nr/ret=0 allow=1
[seccomp] ts=28344585171217 pid=649 tgid=649 comm=redis-server     mode=FILTER   target=0 nr/ret=-1 allow=0
[seccomp] ts=28344585171217 pid=649 tgid=649 comm=redis-server     mode=FILTER   target=0 nr/ret=0 allow=1
[seccomp] ts=28344585204134 pid=649 tgid=649 comm=redis-server     mode=FILTER   target=0 nr/ret=-1 allow=0
[seccomp] ts=28344585204134 pid=649 tgid=649 comm=redis-server     mode=FILTER   target=0 nr/ret=0 allow=1
[seccomp] ts=28344585819842 pid=649 tgid=649 comm=redis-server     mode=FILTER   target=0 nr/ret=-1 allow=0
[seccomp] ts=28344585819842 pid=649 tgid=649 comm=redis-server     mode=FILTER   target=0 nr/ret=0 allow=1
[seccomp] ts=28344687556217 pid=649 tgid=649 comm=redis-server     mode=FILTER   target=0 nr/ret=-1 allow=0
[seccomp] ts=28344687556217 pid=649 tgid=649 comm=redis-server     mode=FILTER   target=0 nr/ret=0 allow=1
[seccomp] ts=28344687672217 pid=649 tgid=649 comm=redis-server     mode=FILTER   target=0 nr/ret=-1 allow=0
[seccomp] ts=28344687672217 pid=649 tgid=649 comm=redis-server     mode=FILTER   target=0 nr/ret=0 allow=1
[seccomp] ts=28344687706842 pid=649 tgid=649 comm=redis-server     mode=FILTER   target=0 nr/ret=-1 allow=0
[seccomp] ts=28344687706842 pid=649 tgid=649 comm=redis-server     mode=FILTER   target=0 nr/ret=0 allow=1
[seccomp] ts=28344688331009 pid=649 tgid=649 comm=redis-server     mode=FILTER   target=0 nr/ret=-1 allow=0
[seccomp] ts=28344688331009 pid=649 tgid=649 comm=redis-server     mode=FILTER   target=0 nr/ret=0 allow=1
[seccomp] ts=28344791780509 pid=649 tgid=649 comm=redis-server     mode=FILTER   target=0 nr/ret=-1 allow=0
[seccomp] ts=28344791780509 pid=649 tgid=649 comm=redis-server     mode=FILTER   target=0 nr/ret=0 allow=1
[seccomp] ts=28344791867634 pid=649 tgid=649 comm=redis-server     mode=FILTER   target=0 nr/ret=-1 allow=0
[seccomp] ts=28344791867634 pid=649 tgid=649 comm=redis-server     mode=FILTER   target=0 nr/ret=0 allow=1
[seccomp] ts=28344791894009 pid=649 tgid=649 comm=redis-server     mode=FILTER   target=0 nr/ret=-1 allow=0
[seccomp] ts=28344791894009 pid=649 tgid=649 comm=redis-server     mode=FILTER   target=0 nr/ret=0 allow=1
[seccomp] ts=28344792603967 pid=649 tgid=649 comm=redis-server     mode=FILTER   target=0 nr/ret=-1 allow=0
[seccomp] ts=28344792603967 pid=649 tgid=649 comm=redis-server     mode=FILTER   target=0 nr/ret=0 allow=1
[seccomp] ts=28344893325676 pid=649 tgid=649 comm=redis-server     mode=FILTER   target=0 nr/ret=-1 allow=0
[seccomp] ts=28344893325676 pid=649 tgid=649 comm=redis-server     mode=FILTER   target=0 nr/ret=0 allow=1
[seccomp] ts=28344893410342 pid=649 tgid=649 comm=redis-server     mode=FILTER   target=0 nr/ret=-1 allow=0
[seccomp] ts=28344893410342 pid=649 tgid=649 comm=redis-server     mode=FILTER   target=0 nr/ret=0 allow=1
[seccomp] ts=28344893434801 pid=649 tgid=649 comm=redis-server     mode=FILTER   target=0 nr/ret=-1 allow=0
[seccomp] ts=28344893434801 pid=649 tgid=649 comm=redis-server     mode=FILTER   target=0 nr/ret=0 allow=1
[seccomp] ts=28344893868717 pid=649 tgid=649 comm=redis-server     mode=FILTER   target=0 nr/ret=-1 allow=0
[seccomp] ts=28344893868717 pid=649 tgid=649 comm=redis-server     mode=FILTER   target=0 nr/ret=0 allow=1
[seccomp] ts=28344994446634 pid=649 tgid=649 comm=redis-server     mode=FILTER   target=0 nr/ret=-1 allow=0
[seccomp] ts=28344994446634 pid=649 tgid=649 comm=redis-server     mode=FILTER   target=0 nr/ret=0 allow=1
[seccomp] ts=28344994525926 pid=649 tgid=649 comm=redis-server     mode=FILTER   target=0 nr/ret=-1 allow=0
[seccomp] ts=28344994525926 pid=649 tgid=649 comm=redis-server     mode=FILTER   target=0 nr/ret=0 allow=1
[seccomp] ts=28344994549092 pid=649 tgid=649 comm=redis-server     mode=FILTER   target=0 nr/ret=-1 allow=0
[seccomp] ts=28344994549092 pid=649 tgid=649 comm=redis-server     mode=FILTER   target=0 nr/ret=0 allow=1
[seccomp] ts=28344995229426 pid=649 tgid=649 comm=redis-server     mode=FILTER   target=0 nr/ret=-1 allow=0
[seccomp] ts=28344995229426 pid=649 tgid=649 comm=redis-server     mode=FILTER   target=0 nr/ret=0 allow=1
[seccomp] ts=28345099829218 pid=649 tgid=649 comm=redis-server     mode=FILTER   target=0 nr/ret=-1 allow=0
[seccomp] ts=28345099829218 pid=649 tgid=649 comm=redis-server     mode=FILTER   target=0 nr/ret=0 allow=1
[seccomp] ts=28345099936884 pid=649 tgid=649 comm=redis-server     mode=FILTER   target=0 nr/ret=-1 allow=0
[seccomp] ts=28345099936884 pid=649 tgid=649 comm=redis-server     mode=FILTER   target=0 nr/ret=0 allow=1
[seccomp] ts=28345099970968 pid=649 tgid=649 comm=redis-server     mode=FILTER   target=0 nr/ret=-1 allow=0
[seccomp] ts=28345099970968 pid=649 tgid=649 comm=redis-server     mode=FILTER   target=0 nr/ret=0 allow=1
[seccomp] ts=28345100656009 pid=649 tgid=649 comm=redis-server     mode=FILTER   target=0 nr/ret=-1 allow=0
[seccomp] ts=28345100656009 pid=649 tgid=649 comm=redis-server     mode=FILTER   target=0 nr/ret=0 allow=1
[seccomp] ts=28345206216301 pid=649 tgid=649 comm=redis-server     mode=FILTER   target=0 nr/ret=-1 allow=0
[seccomp] ts=28345206216301 pid=649 tgid=649 comm=redis-server     mode=FILTER   target=0 nr/ret=0 allow=1
[seccomp] ts=28345206302551 pid=649 tgid=649 comm=redis-server     mode=FILTER   target=0 nr/ret=-1 allow=0
[seccomp] ts=28345206302551 pid=649 tgid=649 comm=redis-server     mode=FILTER   target=0 nr/ret=0 allow=1
[seccomp] ts=28345206330301 pid=649 tgid=649 comm=redis-server     mode=FILTER   target=0 nr/ret=-1 allow=0
[seccomp] ts=28345206330301 pid=649 tgid=649 comm=redis-server     mode=FILTER   target=0 nr/ret=0 allow=1
[seccomp] ts=28345206869551 pid=649 tgid=649 comm=redis-server     mode=FILTER   target=0 nr/ret=-1 allow=0
[seccomp] ts=28345206869551 pid=649 tgid=649 comm=redis-server     mode=FILTER   target=0 nr/ret=0 allow=1
[seccomp] ts=28345312190134 pid=649 tgid=649 comm=redis-server     mode=FILTER   target=0 nr/ret=-1 allow=0
[seccomp] ts=28345312190134 pid=649 tgid=649 comm=redis-server     mode=FILTER   target=0 nr/ret=0 allow=1
[seccomp] ts=28345312296509 pid=649 tgid=649 comm=redis-server     mode=FILTER   target=0 nr/ret=-1 allow=0
[seccomp] ts=28345312296509 pid=649 tgid=649 comm=redis-server     mode=FILTER   target=0 nr/ret=0 allow=1
[seccomp] ts=28345312370343 pid=649 tgid=649 comm=redis-server     mode=FILTER   target=0 nr/ret=-1 allow=0
[seccomp] ts=28345312370343 pid=649 tgid=649 comm=redis-server     mode=FILTER   target=0 nr/ret=0 allow=1
[seccomp] ts=28345312826593 pid=649 tgid=649 comm=redis-server     mode=FILTER   target=0 nr/ret=-1 allow=0
[seccomp] ts=28345312826593 pid=649 tgid=649 comm=redis-server     mode=FILTER   target=0 nr/ret=0 allow=1
[ch16] shutting down
